{"basePath":"/b1s/v1/","paths":{"/AccountSegmentationCategories(id)":{"patch":{"produces":["application/json","application/xml"],"description":"Update an instance of 'AccountSegmentationCategories' with the given payload of type 'AccountSegmentationCategory' in JSON format and with the specified id.","responses":{"200":{"description":"successful operation"}},"parameters":[{"schema":{"$ref":"#/definitions/AccountSegmentationCategory"},"in":"body","name":"body"}],"tags":["AccountSegmentationCategories"],"consumes":["application/json","application/xml"]},"get":{"produces":["application/json","application/xml"],"description":"Retrieve all or some selected properties from an instance of 'AccountSegmentationCategories' with the given id.","responses":{"200":{"description":"successful operation"}},"parameters":[{"name":"SegmentID","type":"string"},{"name":"Code","type":"string"},{"name":"Name","type":"string"}],"tags":["AccountSegmentationCategories"],"consumes":["application/json","application/xml"]},"delete":{"produces":["application/json","application/xml"],"description":"Delete an instance of 'AccountSegmentationCategories' with the specified id.","responses":{"200":{"description":"successful operation"}},"parameters":[],"tags":["AccountSegmentationCategories"],"consumes":["application/json","application/xml"]}},"/AccountSegmentationCategories":{"post":{"produces":["application/json","application/xml"],"description":"Create an instance of 'AccountSegmentationCategories' with the given payload of type 'AccountSegmentationCategory' in JSON format.","responses":{"200":{"description":"successful operation"}},"parameters":[{"schema":{"$ref":"#/definitions/AccountSegmentationCategory"},"in":"body","name":"body"}],"tags":["AccountSegmentationCategories"],"consumes":["application/json","application/xml"]},"get":{"produces":["application/json","application/xml"],"description":"Retrieve a collection of 'AccountSegmentationCategories' with all or some selected properties in the given order by specifying the given filter condition.","responses":{"200":{"description":"successful operation"}},"parameters":[{"name":"SegmentID","type":"string"},{"name":"Code","type":"string"}],"tags":["AccountSegmentationCategories"],"consumes":["application/json","application/xml"]}}},"host":"slcdemo.cfapps.sap.hana.ondemand.com","schemes":"https","definitions":{"AccountSegmentationCategory":{"type":"object","properties":{"SegmentID":{"type":"integer"},"ShortName":{"type":"string"},"Code":{"type":"string"},"Name":{"type":"string"}}}},"swagger":"3.0","info":{"description":"This is a sample server Petstore server.","title":"Swagger For Service Layer","version":"1.0.0"},"tags":[{"name":"AccountSegmentationCategories","description":"This entity enables you to manipulate 'AccountSegmentationCategories'. It represents the categories under each of the account segments."}]}