{"basePath":"/b1s/v1/","paths":{"/AccountSegmentations":{"post":{"produces":["application/json","application/xml"],"description":"Create an instance of 'AccountSegmentations' with the given payload of type 'AccountSegmentation' in JSON format.","responses":{"200":{"description":"successful operation"}},"parameters":[{"schema":{"$ref":"#/definitions/AccountSegmentation"},"in":"body","name":"body"}],"tags":["AccountSegmentations"],"consumes":["application/json","application/xml"]},"get":{"produces":["application/json","application/xml"],"description":"Retrieve a collection of 'AccountSegmentations' with all or some selected properties in the given order by specifying the given filter condition.","responses":{"200":{"description":"successful operation"}},"parameters":[{"name":"Numerator","type":"string"},{"name":"Name","type":"string"}],"tags":["AccountSegmentations"],"consumes":["application/json","application/xml"]}},"/AccountSegmentations(id)":{"patch":{"produces":["application/json","application/xml"],"description":"Update an instance of 'AccountSegmentations' with the given payload of type 'AccountSegmentation' in JSON format and with the specified id.","responses":{"200":{"description":"successful operation"}},"parameters":[{"schema":{"$ref":"#/definitions/AccountSegmentation"},"in":"body","name":"body"}],"tags":["AccountSegmentations"],"consumes":["application/json","application/xml"]},"get":{"produces":["application/json","application/xml"],"description":"Retrieve all or some selected properties from an instance of 'AccountSegmentations' with the given id.","responses":{"200":{"description":"successful operation"}},"parameters":[{"name":"Numerator","type":"string"},{"name":"Name","type":"string"},{"name":"Size","type":"string"}],"tags":["AccountSegmentations"],"consumes":["application/json","application/xml"]},"delete":{"produces":["application/json","application/xml"],"description":"Delete an instance of 'AccountSegmentations' with the specified id.","responses":{"200":{"description":"successful operation"}},"parameters":[],"tags":["AccountSegmentations"],"consumes":["application/json","application/xml"]}}},"host":"slcdemo.cfapps.sap.hana.ondemand.com","schemes":"https","definitions":{"AccountSegmentationTypeEnum":{"type":"string","enum":["ast_Alphanumeric","ast_Numeric"]},"AccountSegmentation":{"type":"object","properties":{"Numerator":{"type":"integer"},"Type":{"description":"AccountSegmentationTypeEnum","type":"string","enum":["ast_Alphanumeric","ast_Numeric"]},"SegmentID":{"type":"integer"},"Size":{"type":"integer"},"ShortName":{"type":"string"},"Code":{"type":"string"},"Name":{"type":"string"},"AccountSegmentationsCategories":{"type":"array","items":{"$ref":"#/definitions/AccountSegmentationsCategory"}}}},"AccountSegmentationsCategory":{"type":"object","properties":{"SegmentID":{"type":"integer"},"ShortName":{"type":"string"},"Code":{"type":"string"},"Name":{"type":"string"}}}},"swagger":"3.0","info":{"description":"This is a sample server Petstore server.","title":"Swagger For Service Layer","version":"1.0.0"},"tags":[{"name":"AccountSegmentations","description":"This entity enables you to manipulate 'AccountSegmentations'."}]}