{"basePath":"/b1s/v1/","paths":{"/AccountCategory":{"post":{"produces":["application/json","application/xml"],"description":"Create an instance of 'AccountCategory' with the given payload of type 'AccountCategory' in JSON format.","responses":{"200":{"description":"successful operation"}},"parameters":[{"schema":{"$ref":"#/definitions/AccountCategory"},"in":"body","name":"body"}],"tags":["AccountCategory"],"consumes":["application/json","application/xml"]},"get":{"produces":["application/json","application/xml"],"description":"Retrieve a collection of 'AccountCategory' with all or some selected properties in the given order by specifying the given filter condition.","responses":{"200":{"description":"successful operation"}},"parameters":[{"name":"CategoryCode","type":"string"},{"name":"CategoryName","type":"string"},{"name":"CategorySo","type":"string"}],"tags":["AccountCategory"],"consumes":["application/json","application/xml"]}},"/AccountCategory(id)":{"patch":{"produces":["application/json","application/xml"],"description":"Update an instance of 'AccountCategory' with the given payload of type 'AccountCategory' in JSON format and with the specified id.","responses":{"200":{"description":"successful operation"}},"parameters":[{"schema":{"$ref":"#/definitions/AccountCategory"},"in":"body","name":"body"}],"tags":["AccountCategory"],"consumes":["application/json","application/xml"]},"get":{"produces":["application/json","application/xml"],"description":"Retrieve all or some selected properties from an instance of 'AccountCategory' with the given id.","responses":{"200":{"description":"successful operation"}},"parameters":[{"name":"CategoryCode","type":"string"},{"name":"CategoryName","type":"string"},{"name":"CategorySource","type":"string"}],"tags":["AccountCategory"],"consumes":["application/json","application/xml"]},"delete":{"produces":["application/json","application/xml"],"description":"Delete an instance of 'AccountCategory' with the specified id.","responses":{"200":{"description":"successful operation"}},"parameters":[],"tags":["AccountCategory"],"consumes":["application/json","application/xml"]}}},"host":"slcdemo.cfapps.sap.hana.ondemand.com","schemes":"https","definitions":{"AccountCategorySourceEnum":{"type":"string","enum":["acsBalanceSheet","acsProfitAndLoss"]},"AccountCategory":{"type":"object","properties":{"CategoryCode":{"type":"integer"},"CategoryName":{"type":"string"},"CategorySource":{"description":"AccountCategorySourceEnum","type":"string","enum":["acsBalanceSheet","acsProfitAndLoss"]}}}},"swagger":"3.0","info":{"description":"This is a sample server Petstore server.","title":"Swagger For Service Layer","version":"1.0.0"},"tags":[{"name":"AccountCategory","description":"This entity enables you to manipulate 'AccountCategory'."}]}