{"basePath":"/b1s/v1/","paths":{"/AccountCategoryService_GetCategoryList":{"post":{"produces":["application/json","application/xml"],"description":"Invoke the method 'GetCategoryList' on this service.","responses":{"200":{"description":"successful operation"}},"parameters":[{"schema":{"$ref":"#/definitions/AccountCategory"},"in":"body","name":"body"}],"tags":["AccountCategoryService"],"consumes":["application/json","application/xml"]}}},"host":"slcdemo.cfapps.sap.hana.ondemand.com","schemes":"https","definitions":{"AccountCategory":{"type":"object","properties":{}}},"swagger":"3.0","info":{"description":"This is a sample server Petstore server.","title":"Swagger For Service Layer","version":"1.0.0"},"tags":[{"name":"AccountCategoryService","description":"This API enables you to invoke the interfaces defined on 'AccountCategoryService'."}]}