{"basePath":"/b1s/v1/","paths":{"/AccrualTypes(id)":{"patch":{"produces":["application/json","application/xml"],"description":"Update an instance of 'AccrualTypes' with the given payload of type 'AccrualType' in JSON format and with the specified id.","responses":{"200":{"description":"successful operation"}},"parameters":[{"schema":{"$ref":"#/definitions/AccrualType"},"in":"body","name":"body"}],"tags":["AccrualTypes"],"consumes":["application/json","application/xml"]},"get":{"produces":["application/json","application/xml"],"description":"Retrieve all or some selected properties from an instance of 'AccrualTypes' with the given id.","responses":{"200":{"description":"successful operation"}},"parameters":[{"name":"Code","type":"string"},{"name":"Name","type":"string"},{"name":"PostingAccount","type":"string"}],"tags":["AccrualTypes"],"consumes":["application/json","application/xml"]},"delete":{"produces":["application/json","application/xml"],"description":"Delete an instance of 'AccrualTypes' with the specified id.","responses":{"200":{"description":"successful operation"}},"parameters":[],"tags":["AccrualTypes"],"consumes":["application/json","application/xml"]}},"/AccrualTypes":{"post":{"produces":["application/json","application/xml"],"description":"Create an instance of 'AccrualTypes' with the given payload of type 'AccrualType' in JSON format.","responses":{"200":{"description":"successful operation"}},"parameters":[{"schema":{"$ref":"#/definitions/AccrualType"},"in":"body","name":"body"}],"tags":["AccrualTypes"],"consumes":["application/json","application/xml"]},"get":{"produces":["application/json","application/xml"],"description":"Retrieve a collection of 'AccrualTypes' with all or some selected properties in the given order by specifying the given filter condition.","responses":{"200":{"description":"successful operation"}},"parameters":[{"name":"Code","type":"string"},{"name":"Name","type":"string"},{"name":"PostingAcc","type":"string"}],"tags":["AccrualTypes"],"consumes":["application/json","application/xml"]}}},"host":"slcdemo.cfapps.sap.hana.ondemand.com","schemes":"https","definitions":{"AccrualType":{"type":"object","properties":{"PostingAccount":{"type":"string"},"CalculationAccount":{"type":"string"},"InterimAccount":{"type":"string"},"Code":{"type":"string"},"Name":{"type":"string"}}}},"swagger":"3.0","info":{"description":"This is a sample server Petstore server.","title":"Swagger For Service Layer","version":"1.0.0"},"tags":[{"name":"AccrualTypes","description":"This entity enables you to manipulate 'AccrualTypes'."}]}