{"basePath":"/b1s/v1/","paths":{"/Activities":{"post":{"produces":["application/json","application/xml"],"description":"Create an instance of 'Activities' with the given payload of type 'Activity' in JSON format.","responses":{"200":{"description":"successful operation"}},"parameters":[{"schema":{"$ref":"#/definitions/Activity"},"in":"body","name":"body"}],"tags":["Activities"],"consumes":["application/json","application/xml"]},"get":{"produces":["application/json","application/xml"],"description":"Retrieve a collection of 'Activities' with all or some selected properties in the given order by specifying the given filter condition.","responses":{"200":{"description":"successful operation"}},"parameters":[{"name":"ActivityCode","type":"string"},{"name":"CardCode","type":"string"},{"name":"N","type":"string"}],"tags":["Activities"],"consumes":["application/json","application/xml"]}},"/Activities(id)":{"patch":{"produces":["application/json","application/xml"],"description":"Update an instance of 'Activities' with the given payload of type 'Activity' in JSON format and with the specified id.","responses":{"200":{"description":"successful operation"}},"parameters":[{"schema":{"$ref":"#/definitions/Activity"},"in":"body","name":"body"}],"tags":["Activities"],"consumes":["application/json","application/xml"]},"get":{"produces":["application/json","application/xml"],"description":"Retrieve all or some selected properties from an instance of 'Activities' with the given id.","responses":{"200":{"description":"successful operation"}},"parameters":[{"name":"ActivityCode","type":"string"},{"name":"CardCode","type":"string"},{"name":"Notes","type":"string"}],"tags":["Activities"],"consumes":["application/json","application/xml"]},"delete":{"produces":["application/json","application/xml"],"description":"Delete an instance of 'Activities' with the specified id.","responses":{"200":{"description":"successful operation"}},"parameters":[],"tags":["Activities"],"consumes":["application/json","application/xml"]}}},"host":"slcdemo.cfapps.sap.hana.ondemand.com","schemes":"https","definitions":{"RecurrenceSequenceEnum":{"type":"string","enum":["rsFourth","rsLast","rsSecond","rsFirst","rsThird"]},"BoAddressType":{"type":"string","enum":["bo_ShipTo","bo_BillTo"]},"RecurrencePatternEnum":{"type":"string","enum":["rpMonthly","rpDaily","rpAnnually","rpNone","rpWeekly"]},"CheckInParams":{"type":"object","properties":{"HandledBy":{"type":"integer"},"Time":{"$ref":"#/definitions/Edm.Time"},"Latitude":{"type":"string"},"HandledByEmployee":{"type":"integer"},"Longitude":{"type":"string"},"LineNumber":{"type":"integer"},"Date":{"type":"string"},"Location":{"type":"string"}}},"EndTypeEnum":{"type":"string","enum":["etByDate","etNoEndDate","etByCounter"]},"BoDurations":{"type":"string","enum":["du_Hours","du_Days","du_Minuts"]},"BoActivities":{"type":"string","enum":["cn_Meeting","cn_Task","cn_Other","cn_Campaign","cn_Conversation","cn_Note"]},"Activity":{"type":"object","properties":{"SeriesEndDate":{"type":"string"},"Monday":{"description":"BoYesNoEnum","type":"string","enum":["tYES","tNO"]},"RepeatOption":{"description":"RepeatOptionEnum","type":"string","enum":["roByWeekDay","roByDate"]},"Activity":{"description":"BoActivities","type":"string","enum":["cn_Meeting","cn_Task","cn_Other","cn_Campaign","cn_Conversation","cn_Note"]},"Latitude":{"type":"string"},"TentativeFlag":{"description":"BoYesNoEnum","type":"string","enum":["tYES","tNO"]},"HandledByEmployee":{"type":"integer"},"CloseDate":{"type":"string"},"ParentObjectType":{"type":"string"},"Saturday":{"description":"BoYesNoEnum","type":"string","enum":["tYES","tNO"]},"StartDate":{"type":"string"},"Friday":{"description":"BoYesNoEnum","type":"string","enum":["tYES","tNO"]},"Street":{"type":"string"},"ReminderType":{"description":"BoDurations","type":"string","enum":["du_Hours","du_Days","du_Minuts"]},"DocNum":{"type":"string"},"Status":{"type":"integer"},"EndDueDate":{"type":"string"},"RecurrenceDayInMonth":{"type":"integer"},"SalesOpportunityId":{"type":"integer"},"ActivityDate":{"type":"string"},"Priority":{"description":"BoMsgPriorities","type":"string","enum":["pr_High","pr_Normal","pr_Low"]},"StartTime":{"type":"array","items":{}},"DocEntry":{"type":"string"},"Duration":{"type":"number"},"City":{"type":"string"},"InactiveFlag":{"description":"BoYesNoEnum","type":"string","enum":["tYES","tNO"]},"Longitude":{"type":"string"},"ContactPersonCode":{"type":"integer"},"AddressName":{"type":"string"},"Details":{"type":"string"},"BelongedSeriesNum":{"type":"integer"},"PersonalFlag":{"description":"BoYesNoEnum","type":"string","enum":["tYES","tNO"]},"State":{"type":"string"},"Sunday":{"description":"BoYesNoEnum","type":"string","enum":["tYES","tNO"]},"Wednesday":{"description":"BoYesNoEnum","type":"string","enum":["tYES","tNO"]},"Country":{"type":"string"},"ParentObjectId":{"type":"integer"},"Interval":{"type":"integer"},"SalesEmployee":{"type":"integer"},"IsRemoved":{"description":"BoYesNoEnum","type":"string","enum":["tYES","tNO"]},"EndTime":{"type":"array","items":{}},"RecurrenceSequenceSpecifier":{"description":"RecurrenceSequenceEnum","type":"string","enum":["rsFourth","rsLast","rsSecond","rsFirst","rsThird"]},"DocTypeEx":{"type":"string"},"Time":{},"SeriesStartDate":{"type":"string"},"LineNumber":{"type":"integer"},"SalesOpportunityLine":{"type":"integer"},"RecurrenceMonth":{"type":"integer"},"Phone":{"type":"string"},"HandledBy":{"type":"integer"},"Tuesday":{"description":"BoYesNoEnum","type":"string","enum":["tYES","tNO"]},"Room":{"type":"string"},"Notes":{"type":"string"},"DocType":{"type":"string"},"DurationType":{"description":"BoDurations","type":"string","enum":["du_Hours","du_Days","du_Minuts"]},"Reminder":{"description":"BoYesNoEnum","type":"string","enum":["tYES","tNO"]},"ActivityCode":{"type":"integer"},"ActivityType":{"type":"integer"},"CardCode":{"type":"string"},"RecurrencePattern":{"description":"RecurrencePatternEnum","type":"string","enum":["rpMonthly","rpDaily","rpAnnually","rpNone","rpWeekly"]},"AttachmentEntry":{"type":"integer"},"MaxOccurrence":{"type":"integer"},"PreviousActivity":{"type":"integer"},"Subject":{"type":"integer"},"Date":{"type":"string"},"ReminderPeriod":{"type":"number"},"Thursday":{"description":"BoYesNoEnum","type":"string","enum":["tYES","tNO"]},"Closed":{"description":"BoYesNoEnum","type":"string","enum":["tYES","tNO"]},"CheckInListParams":{"type":"array","items":{"$ref":"#/definitions/CheckInParams"}},"EndType":{"description":"EndTypeEnum","type":"string","enum":["etByDate","etNoEndDate","etByCounter"]},"RecurrenceDayOfWeek":{"description":"RecurrenceDayOfWeekEnum","type":"string","enum":["rdowFri","rdowMon","rdowWed","rdowSun","rdowThu","rdowDay","rdowWeekDay","rdowWeekendDay","rdowSat","rdowTue"]},"ActivityTime":{"type":"array","items":{}},"Fax":{"type":"string"},"AddressType":{"description":"BoAddressType","type":"string","enum":["bo_ShipTo","bo_BillTo"]},"Location":{"type":"string"}}},"RecurrenceDayOfWeekEnum":{"type":"string","enum":["rdowFri","rdowMon","rdowWed","rdowSun","rdowThu","rdowDay","rdowWeekDay","rdowWeekendDay","rdowSat","rdowTue"]},"BoMsgPriorities":{"type":"string","enum":["pr_High","pr_Normal","pr_Low"]},"BoYesNoEnum":{"type":"string","enum":["tYES","tNO"]},"RepeatOptionEnum":{"type":"string","enum":["roByWeekDay","roByDate"]}},"swagger":"3.0","info":{"description":"This is a sample server Petstore server.","title":"Swagger For Service Layer","version":"1.0.0"},"tags":[{"name":"Activities","description":"This entity enables you to manipulate 'Activities'."}]}