{"basePath":"/b1s/v1/","paths":{"/ActivityTypes":{"post":{"produces":["application/json","application/xml"],"description":"Create an instance of 'ActivityTypes' with the given payload of type 'ActivityType' in JSON format.","responses":{"200":{"description":"successful operation"}},"parameters":[{"schema":{"$ref":"#/definitions/ActivityType"},"in":"body","name":"body"}],"tags":["ActivityTypes"],"consumes":["application/json","application/xml"]},"get":{"produces":["application/json","application/xml"],"description":"Retrieve a collection of 'ActivityTypes' with all or some selected properties in the given order by specifying the given filter condition.","responses":{"200":{"description":"successful operation"}},"parameters":[{"name":"Code","type":"string"}],"tags":["ActivityTypes"],"consumes":["application/json","application/xml"]}},"/ActivityTypes(id)":{"patch":{"produces":["application/json","application/xml"],"description":"Update an instance of 'ActivityTypes' with the given payload of type 'ActivityType' in JSON format and with the specified id.","responses":{"200":{"description":"successful operation"}},"parameters":[{"schema":{"$ref":"#/definitions/ActivityType"},"in":"body","name":"body"}],"tags":["ActivityTypes"],"consumes":["application/json","application/xml"]},"get":{"produces":["application/json","application/xml"],"description":"Retrieve all or some selected properties from an instance of 'ActivityTypes' with the given id.","responses":{"200":{"description":"successful operation"}},"parameters":[{"name":"Code","type":"string"},{"name":"Name","type":"string"}],"tags":["ActivityTypes"],"consumes":["application/json","application/xml"]},"delete":{"produces":["application/json","application/xml"],"description":"Delete an instance of 'ActivityTypes' with the specified id.","responses":{"200":{"description":"successful operation"}},"parameters":[],"tags":["ActivityTypes"],"consumes":["application/json","application/xml"]}}},"host":"slcdemo.cfapps.sap.hana.ondemand.com","schemes":"https","definitions":{"ActivityType":{"type":"object","properties":{"Code":{"type":"integer"},"Name":{"type":"string"}}}},"swagger":"3.0","info":{"description":"This is a sample server Petstore server.","title":"Swagger For Service Layer","version":"1.0.0"},"tags":[{"name":"ActivityTypes","description":"This entity enables you to manipulate 'ActivityTypes'. You may have different activities with your business partners, for example, phone calls and meetings."}]}