{"basePath":"/b1s/v1/","paths":{"/ActivityLocations(id)":{"patch":{"produces":["application/json","application/xml"],"description":"Update an instance of 'ActivityLocations' with the given payload of type 'ActivityLocation' in JSON format and with the specified id.","responses":{"200":{"description":"successful operation"}},"parameters":[{"schema":{"$ref":"#/definitions/ActivityLocation"},"in":"body","name":"body"}],"tags":["ActivityLocations"],"consumes":["application/json","application/xml"]},"get":{"produces":["application/json","application/xml"],"description":"Retrieve all or some selected properties from an instance of 'ActivityLocations' with the given id.","responses":{"200":{"description":"successful operation"}},"parameters":[{"name":"Code","type":"string"},{"name":"Name","type":"string"}],"tags":["ActivityLocations"],"consumes":["application/json","application/xml"]}},"/ActivityLocations":{"post":{"produces":["application/json","application/xml"],"description":"Create an instance of 'ActivityLocations' with the given payload of type 'ActivityLocation' in JSON format.","responses":{"200":{"description":"successful operation"}},"parameters":[{"schema":{"$ref":"#/definitions/ActivityLocation"},"in":"body","name":"body"}],"tags":["ActivityLocations"],"consumes":["application/json","application/xml"]},"get":{"produces":["application/json","application/xml"],"description":"Retrieve a collection of 'ActivityLocations' with all or some selected properties in the given order by specifying the given filter condition.","responses":{"200":{"description":"successful operation"}},"parameters":[{"name":"Code","type":"string"}],"tags":["ActivityLocations"],"consumes":["application/json","application/xml"]}}},"host":"slcdemo.cfapps.sap.hana.ondemand.com","schemes":"https","definitions":{"ActivityLocation":{"type":"object","properties":{"Code":{"type":"integer"},"Name":{"type":"string"}}}},"swagger":"3.0","info":{"description":"This is a sample server Petstore server.","title":"Swagger For Service Layer","version":"1.0.0"},"tags":[{"name":"ActivityLocations","description":"This entity enables you to manipulate 'ActivityLocations'. It represents locations where activities with your business partners take place."}]}