{"basePath":"/b1s/v1/","paths":{"/ActivityStatuses(id)":{"patch":{"produces":["application/json","application/xml"],"description":"Update an instance of 'ActivityStatuses' with the given payload of type 'ActivityStatus' in JSON format and with the specified id.","responses":{"200":{"description":"successful operation"}},"parameters":[{"schema":{"$ref":"#/definitions/ActivityStatus"},"in":"body","name":"body"}],"tags":["ActivityStatuses"],"consumes":["application/json","application/xml"]},"get":{"produces":["application/json","application/xml"],"description":"Retrieve all or some selected properties from an instance of 'ActivityStatuses' with the given id.","responses":{"200":{"description":"successful operation"}},"parameters":[{"name":"StatusDescription","type":"string"},{"name":"StatusId","type":"string"},{"name":"StatusName","type":"string"}],"tags":["ActivityStatuses"],"consumes":["application/json","application/xml"]},"delete":{"produces":["application/json","application/xml"],"description":"Delete an instance of 'ActivityStatuses' with the specified id.","responses":{"200":{"description":"successful operation"}},"parameters":[],"tags":["ActivityStatuses"],"consumes":["application/json","application/xml"]}},"/ActivityStatuses":{"post":{"produces":["application/json","application/xml"],"description":"Create an instance of 'ActivityStatuses' with the given payload of type 'ActivityStatus' in JSON format.","responses":{"200":{"description":"successful operation"}},"parameters":[{"schema":{"$ref":"#/definitions/ActivityStatus"},"in":"body","name":"body"}],"tags":["ActivityStatuses"],"consumes":["application/json","application/xml"]},"get":{"produces":["application/json","application/xml"],"description":"Retrieve a collection of 'ActivityStatuses' with all or some selected properties in the given order by specifying the given filter condition.","responses":{"200":{"description":"successful operation"}},"parameters":[{"name":"StatusDescription","type":"string"},{"name":"StatusId","type":"string"},{"name":"Status","type":"string"}],"tags":["ActivityStatuses"],"consumes":["application/json","application/xml"]}}},"host":"slcdemo.cfapps.sap.hana.ondemand.com","schemes":"https","definitions":{"ActivityStatus":{"type":"object","properties":{"StatusDescription":{"type":"string"},"StatusId":{"type":"integer"},"StatusName":{"type":"string"}}}},"swagger":"3.0","info":{"description":"This is a sample server Petstore server.","title":"Swagger For Service Layer","version":"1.0.0"},"tags":[{"name":"ActivityStatuses","description":"\n\t\t\tThis entity enables you to manipulate 'ActivityStatuses'. It is a business object that enables to define statuses for Task type activities in the Business Partners module.\n\t\t"}]}