{"basePath":"/b1s/v1/","paths":{"/AlertManagements(id)":{"patch":{"produces":["application/json","application/xml"],"description":"Update an instance of 'AlertManagements' with the given payload of type 'AlertManagement' in JSON format and with the specified id.","responses":{"200":{"description":"successful operation"}},"parameters":[{"schema":{"$ref":"#/definitions/AlertManagement"},"in":"body","name":"body"}],"tags":["AlertManagements"],"consumes":["application/json","application/xml"]},"get":{"produces":["application/json","application/xml"],"description":"Retrieve all or some selected properties from an instance of 'AlertManagements' with the given id.","responses":{"200":{"description":"successful operation"}},"parameters":[{"name":"Code","type":"string"},{"name":"Name","type":"string"},{"name":"Type","type":"string"}],"tags":["AlertManagements"],"consumes":["application/json","application/xml"]},"delete":{"produces":["application/json","application/xml"],"description":"Delete an instance of 'AlertManagements' with the specified id.","responses":{"200":{"description":"successful operation"}},"parameters":[],"tags":["AlertManagements"],"consumes":["application/json","application/xml"]}},"/AlertManagements":{"post":{"produces":["application/json","application/xml"],"description":"Create an instance of 'AlertManagements' with the given payload of type 'AlertManagement' in JSON format.","responses":{"200":{"description":"successful operation"}},"parameters":[{"schema":{"$ref":"#/definitions/AlertManagement"},"in":"body","name":"body"}],"tags":["AlertManagements"],"consumes":["application/json","application/xml"]},"get":{"produces":["application/json","application/xml"],"description":"Retrieve a collection of 'AlertManagements' with all or some selected properties in the given order by specifying the given filter condition.","responses":{"200":{"description":"successful operation"}},"parameters":[{"name":"Code","type":"string"},{"name":"Name","type":"string"}],"tags":["AlertManagements"],"consumes":["application/json","application/xml"]}},"/AlertManagements(id)/GetAlertManagement":{"post":{"produces":["application/json","application/xml"],"description":"Invoke the method 'GetAlertManagement' on this EntitySet with the specified id.","responses":{"200":{"description":"successful operation"}},"parameters":[{"schema":{"$ref":"#/definitions/AlertManagement"},"in":"body","name":"body"}],"tags":["AlertManagements"],"consumes":["application/json","application/xml"]}},"/AlertManagements(id)/GetAlertManagementList":{"post":{"produces":["application/json","application/xml"],"description":"Invoke the method 'GetAlertManagementList' on this EntitySet with the specified id.","responses":{"200":{"description":"successful operation"}},"parameters":[{"schema":{"$ref":"#/definitions/AlertManagement"},"in":"body","name":"body"}],"tags":["AlertManagements"],"consumes":["application/json","application/xml"]}}},"host":"slcdemo.cfapps.sap.hana.ondemand.com","schemes":"https","definitions":{"AlertManagement":{"type":"object","properties":{"LastExecutionDate":{"type":"string"},"AlertManagementRecipients":{"type":"array","items":{"$ref":"#/definitions/AlertManagementRecipient"}},"DayOfExecution":{"type":"integer"},"SaveHistory":{"description":"BoYesNoEnum","type":"string","enum":["tYES","tNO"]},"Priority":{"description":"AlertManagementPriorityEnum","type":"string","enum":["atp_Low","atp_Normal","atp_High"]},"QueryID":{"type":"integer"},"NextExecutionDate":{"type":"string"},"UserCode":{"type":"integer"},"SendSMS":{"description":"BoYesNoEnum","type":"string","enum":["tYES","tNO"]},"AlertManagementDocuments":{"type":"array","items":{"$ref":"#/definitions/AlertManagementDocument"}},"Document":{"description":"AlertManagementDocumentEnum","type":"string","enum":["atd_PurchaseOrders","atd_DeliveryNotes","atd_Quotations","atd_Orders","atd_NOB","atd_CorrectionInvoice","atd_PurchaseInvoices","atd_RevertInvoice","atd_OutgoingPayments","atd_Invoices","atd_Returns","atd_PurchaseDeliveryNotes","atd_ChecksForPayment","atd_JournalEntries","atd_IncomingPayments","atd_DownPaymentIncoming","atd_DownPaymentOutgoing"]},"Code":{"type":"integer"},"NextExecutionTime":{"type":"array","items":{}},"SendFax":{"description":"BoYesNoEnum","type":"string","enum":["tYES","tNO"]},"Name":{"type":"string"},"ExecutionTime":{"type":"array","items":{}},"Type":{"description":"AlertManagementTypeEnum","type":"string","enum":["att_User","att_System"]},"Active":{"description":"BoYesNoEnum","type":"string","enum":["tYES","tNO"]},"SendInternal":{"description":"BoYesNoEnum","type":"string","enum":["tYES","tNO"]},"FrequencyInterval":{"type":"integer"},"FrequencyType":{"description":"AlertManagementFrequencyType","type":"string","enum":["atfi_Monthly","atfi_Weeks","atfi_Hours","atfi_Minutes","atfi_Days"]},"Param":{"type":"string"},"LastExecutionTime":{"type":"integer"},"SendEMail":{"description":"BoYesNoEnum","type":"string","enum":["tYES","tNO"]}}},"AlertManagementDocumentEnum":{"type":"string","enum":["atd_PurchaseOrders","atd_DeliveryNotes","atd_Quotations","atd_Orders","atd_NOB","atd_CorrectionInvoice","atd_PurchaseInvoices","atd_RevertInvoice","atd_OutgoingPayments","atd_Invoices","atd_Returns","atd_PurchaseDeliveryNotes","atd_ChecksForPayment","atd_JournalEntries","atd_IncomingPayments","atd_DownPaymentIncoming","atd_DownPaymentOutgoing"]},"AlertManagementFrequencyType":{"type":"string","enum":["atfi_Monthly","atfi_Weeks","atfi_Hours","atfi_Minutes","atfi_Days"]},"AlertManagementDocument":{"type":"object","properties":{"Active":{"$ref":"#/definitions/BoYesNoEnum"},"Document":{"$ref":"#/definitions/AlertManagementDocumentEnum"}}},"AlertManagementTypeEnum":{"type":"string","enum":["att_User","att_System"]},"AlertManagementRecipient":{"type":"object","properties":{"SendInternal":{"$ref":"#/definitions/BoYesNoEnum"},"UserCode":{"type":"integer"},"SendSMS":{"$ref":"#/definitions/BoYesNoEnum"},"SendEMail":{"$ref":"#/definitions/BoYesNoEnum"},"SendFax":{"$ref":"#/definitions/BoYesNoEnum"}}},"BoYesNoEnum":{"type":"string","enum":["tYES","tNO"]},"AlertManagementPriorityEnum":{"type":"string","enum":["atp_Low","atp_Normal","atp_High"]}},"swagger":"3.0","info":{"description":"This is a sample server Petstore server.","title":"Swagger For Service Layer","version":"1.0.0"},"tags":[{"name":"AlertManagements","description":"\n\t\t\tThis entity enables you to manipulate 'AlertManagements'. \n\t\t\tFor each alert, you need to define its priority, the users and documents to which the alert applies, and the conditions that trigger the alert. In addition to activating system alerts, you can also add alerts based on user-defined queries.\n\t\t"}]}