{"basePath":"/b1s/v1/","paths":{"/AlternateCatNum(id)":{"patch":{"produces":["application/json","application/xml"],"description":"Update an instance of 'AlternateCatNum' with the given payload of type 'AlternateCatNum' in JSON format and with the specified id.","responses":{"200":{"description":"successful operation"}},"parameters":[{"schema":{"$ref":"#/definitions/AlternateCatNum"},"in":"body","name":"body"}],"tags":["AlternateCatNum"],"consumes":["application/json","application/xml"]},"get":{"produces":["application/json","application/xml"],"description":"Retrieve all or some selected properties from an instance of 'AlternateCatNum' with the given id.","responses":{"200":{"description":"successful operation"}},"parameters":[{"name":"ItemCode","type":"string"},{"name":"CardCode","type":"string"},{"name":"Substitute","type":"string"}],"tags":["AlternateCatNum"],"consumes":["application/json","application/xml"]},"delete":{"produces":["application/json","application/xml"],"description":"Delete an instance of 'AlternateCatNum' with the specified id.","responses":{"200":{"description":"successful operation"}},"parameters":[],"tags":["AlternateCatNum"],"consumes":["application/json","application/xml"]}},"/AlternateCatNum":{"post":{"produces":["application/json","application/xml"],"description":"Create an instance of 'AlternateCatNum' with the given payload of type 'AlternateCatNum' in JSON format.","responses":{"200":{"description":"successful operation"}},"parameters":[{"schema":{"$ref":"#/definitions/AlternateCatNum"},"in":"body","name":"body"}],"tags":["AlternateCatNum"],"consumes":["application/json","application/xml"]},"get":{"produces":["application/json","application/xml"],"description":"Retrieve a collection of 'AlternateCatNum' with all or some selected properties in the given order by specifying the given filter condition.","responses":{"200":{"description":"successful operation"}},"parameters":[{"name":"ItemCode","type":"string"},{"name":"CardCode","type":"string"},{"name":"Substi","type":"string"}],"tags":["AlternateCatNum"],"consumes":["application/json","application/xml"]}}},"host":"slcdemo.cfapps.sap.hana.ondemand.com","schemes":"https","definitions":{"AlternateCatNum":{"type":"object","properties":{"ItemCode":{"type":"string"},"CardCode":{"type":"string"},"DisplayBPCatalogNumber":{"description":"BoYesNoEnum","type":"string","enum":["tYES","tNO"]},"Substitute":{"type":"string"}}},"BoYesNoEnum":{"type":"string","enum":["tYES","tNO"]}},"swagger":"3.0","info":{"description":"This is a sample server Petstore server.","title":"Swagger For Service Layer","version":"1.0.0"},"tags":[{"name":"AlternateCatNum","description":"This entity enables you to manipulate 'AlternateCatNum'. It represents the alternative catalog numbers in the Business Partners module."}]}