{"basePath":"/b1s/v1/","paths":{"/AlternativeItemsService_GetItem":{"post":{"produces":["application/json","application/xml"],"description":"Invoke the method 'GetItem' on this service by specifying the payload 'OriginalItemParams' in the JSON format.","responses":{"200":{"description":"successful operation"}},"parameters":[{"schema":{"$ref":"#/definitions/AlternateCatNum"},"in":"body","name":"body"}],"tags":["AlternativeItemsService"],"consumes":["application/json","application/xml"]}},"/AlternativeItemsService_AddItem":{"post":{"produces":["application/json","application/xml"],"description":"Invoke the method 'AddItem' on this service by specifying the payload 'OriginalItem' in the JSON format.","responses":{"200":{"description":"successful operation"}},"parameters":[{"schema":{"$ref":"#/definitions/AlternateCatNum"},"in":"body","name":"body"}],"tags":["AlternativeItemsService"],"consumes":["application/json","application/xml"]}},"/AlternativeItemsService_DeleteItem":{"post":{"produces":["application/json","application/xml"],"description":"Invoke the method 'DeleteItem' on this service by specifying the payload 'OriginalItemParams' in the JSON format.","responses":{"200":{"description":"successful operation"}},"parameters":[{"schema":{"$ref":"#/definitions/AlternateCatNum"},"in":"body","name":"body"}],"tags":["AlternativeItemsService"],"consumes":["application/json","application/xml"]}},"/AlternativeItemsService_UpdateItem":{"post":{"produces":["application/json","application/xml"],"description":"Invoke the method 'UpdateItem' on this service by specifying the payload 'OriginalItem' in the JSON format.","responses":{"200":{"description":"successful operation"}},"parameters":[{"schema":{"$ref":"#/definitions/AlternateCatNum"},"in":"body","name":"body"}],"tags":["AlternativeItemsService"],"consumes":["application/json","application/xml"]}}},"host":"slcdemo.cfapps.sap.hana.ondemand.com","schemes":"https","definitions":{"OriginalItem":{"type":"object","properties":{"ItemCode":{"type":"string"},"AlternativeItems":{"type":"array","items":{"$ref":"#/definitions/AlternativeItem"}},"ItemName":{"type":"string"}}},"AlternativeItem":{"type":"object","properties":{"MatchFactor":{"type":"number"},"Remarks":{"type":"string"},"AlternativeItemCode":{"type":"string"}}},"AlternateCatNum":{"type":"object","properties":{}},"OriginalItemParams":{"type":"object","properties":{"ItemCode":{"type":"string"},"ItemName":{"type":"string"}}}},"swagger":"3.0","info":{"description":"This is a sample server Petstore server.","title":"Swagger For Service Layer","version":"1.0.0"},"tags":[{"name":"AlternativeItemsService","description":"This API enables you to invoke the interfaces defined on 'AlternativeItemsService'."}]}