{"basePath":"/b1s/v1/","paths":{"/ApprovalTemplates(id)/GetApprovalTemplate":{"post":{"produces":["application/json","application/xml"],"description":"Invoke the method 'GetApprovalTemplate' on this EntitySet with the specified id.","responses":{"200":{"description":"successful operation"}},"parameters":[{"schema":{"$ref":"#/definitions/ApprovalTemplate"},"in":"body","name":"body"}],"tags":["ApprovalTemplates"],"consumes":["application/json","application/xml"]}},"/ApprovalTemplates(id)/RemoveApprovalTemplate":{"post":{"produces":["application/json","application/xml"],"description":"Invoke the method 'RemoveApprovalTemplate' on this EntitySet with the specified id.","responses":{"200":{"description":"successful operation"}},"parameters":[{"schema":{"$ref":"#/definitions/ApprovalTemplate"},"in":"body","name":"body"}],"tags":["ApprovalTemplates"],"consumes":["application/json","application/xml"]}},"/ApprovalTemplates":{"post":{"produces":["application/json","application/xml"],"description":"Create an instance of 'ApprovalTemplates' with the given payload of type 'ApprovalTemplate' in JSON format.","responses":{"200":{"description":"successful operation"}},"parameters":[{"schema":{"$ref":"#/definitions/ApprovalTemplate"},"in":"body","name":"body"}],"tags":["ApprovalTemplates"],"consumes":["application/json","application/xml"]},"get":{"produces":["application/json","application/xml"],"description":"Retrieve a collection of 'ApprovalTemplates' with all or some selected properties in the given order by specifying the given filter condition.","responses":{"200":{"description":"successful operation"}},"parameters":[{"name":"Code","type":"string"},{"name":"Name","type":"string"},{"name":"Rem","type":"string"}],"tags":["ApprovalTemplates"],"consumes":["application/json","application/xml"]}},"/ApprovalTemplates(id)":{"patch":{"produces":["application/json","application/xml"],"description":"Update an instance of 'ApprovalTemplates' with the given payload of type 'ApprovalTemplate' in JSON format and with the specified id.","responses":{"200":{"description":"successful operation"}},"parameters":[{"schema":{"$ref":"#/definitions/ApprovalTemplate"},"in":"body","name":"body"}],"tags":["ApprovalTemplates"],"consumes":["application/json","application/xml"]},"get":{"produces":["application/json","application/xml"],"description":"Retrieve all or some selected properties from an instance of 'ApprovalTemplates' with the given id.","responses":{"200":{"description":"successful operation"}},"parameters":[{"name":"Code","type":"string"},{"name":"Name","type":"string"},{"name":"Remarks","type":"string"}],"tags":["ApprovalTemplates"],"consumes":["application/json","application/xml"]},"delete":{"produces":["application/json","application/xml"],"description":"Delete an instance of 'ApprovalTemplates' with the specified id.","responses":{"200":{"description":"successful operation"}},"parameters":[],"tags":["ApprovalTemplates"],"consumes":["application/json","application/xml"]}}},"host":"slcdemo.cfapps.sap.hana.ondemand.com","schemes":"https","definitions":{"ApprovalTemplateTerm":{"type":"object","properties":{"Value":{"type":"string"},"ConditionType":{"$ref":"#/definitions/ApprovalTemplateConditionTypeEnum"},"OperationType":{"$ref":"#/definitions/ApprovalTemplateOperationTypeEnum"}}},"ApprovalTemplatesDocumentTypeEnum":{"type":"string","enum":["atdtApCreditMemo","atdtReturns","atdtInventoryCounting","atdtInventoryPosting","atdtGoodsIssue","atdtGoodsReturns","atdtPurchaseQuotation","atdtDelivery","atdtGoodsReceipt","atdtPurchaseOrder","atdtInventoryTransferRequest","atdtArInvoice","atdtInventoryTransfer","atdtQuotation","atdtGoodsReceiptPO","atdtInventoryOpeningBalance","atdtArCreditMemo","atdtOutgoingPayment","atdtArDownPayment","atdtApInvoice","atdtOrder","atdtCorrectionInvoice","atdtApDownPayment"]},"ApprovalTemplateUser":{"type":"object","properties":{"UserID":{"type":"integer"}}},"ApprovalTemplateQuery":{"type":"object","properties":{"QueryID":{"type":"integer"}}},"ApprovalTemplateConditionTypeEnum":{"type":"string","enum":["atctVariance","atctDeviationFromBudget","atctGrossProfitPercent","atctTotalLine","atctDeviationFromObligo","atctDiscountPercent","atctTotalDocument","atctDeviationFromCreditLine","atctCountedQuantity","atctQuantity","atctItemCode","atctVariancePercent","atctUndefined"]},"ApprovalTemplateStage":{"type":"object","properties":{"Remarks":{"type":"string"},"ApprovalStageCode":{"type":"integer"},"SortID":{"type":"integer"}}},"ApprovalTemplateDocument":{"type":"object","properties":{"DocumentType":{"$ref":"#/definitions/ApprovalTemplatesDocumentTypeEnum"}}},"ApprovalTemplate":{"type":"object","properties":{"ApprovalTemplateStages":{"type":"array","items":{"$ref":"#/definitions/ApprovalTemplateStage"}},"IsActiveWhenUpdatingDocuments":{"description":"BoYesNoEnum","type":"string","enum":["tYES","tNO"]},"ApprovalTemplateQueries":{"type":"array","items":{"$ref":"#/definitions/ApprovalTemplateQuery"}},"IsActive":{"description":"BoYesNoEnum","type":"string","enum":["tYES","tNO"]},"QueryID":{"type":"integer"},"DocumentType":{"description":"ApprovalTemplatesDocumentTypeEnum","type":"string","enum":["atdtApCreditMemo","atdtReturns","atdtInventoryCounting","atdtInventoryPosting","atdtGoodsIssue","atdtGoodsReturns","atdtPurchaseQuotation","atdtDelivery","atdtGoodsReceipt","atdtPurchaseOrder","atdtInventoryTransferRequest","atdtArInvoice","atdtInventoryTransfer","atdtQuotation","atdtGoodsReceiptPO","atdtInventoryOpeningBalance","atdtArCreditMemo","atdtOutgoingPayment","atdtArDownPayment","atdtApInvoice","atdtOrder","atdtCorrectionInvoice","atdtApDownPayment"]},"SortID":{"type":"integer"},"Code":{"type":"integer"},"ApprovalTemplateDocuments":{"type":"array","items":{"$ref":"#/definitions/ApprovalTemplateDocument"}},"Name":{"type":"string"},"Remarks":{"type":"string"},"ApprovalTemplateTerms":{"type":"array","items":{"$ref":"#/definitions/ApprovalTemplateTerm"}},"UserID":{"type":"integer"},"Value":{"type":"string"},"UseTerms":{"description":"BoYesNoEnum","type":"string","enum":["tYES","tNO"]},"ApprovalStageCode":{"type":"integer"},"ConditionType":{"description":"ApprovalTemplateConditionTypeEnum","type":"string","enum":["atctVariance","atctDeviationFromBudget","atctGrossProfitPercent","atctTotalLine","atctDeviationFromObligo","atctDiscountPercent","atctTotalDocument","atctDeviationFromCreditLine","atctCountedQuantity","atctQuantity","atctItemCode","atctVariancePercent","atctUndefined"]},"OperationType":{"description":"ApprovalTemplateOperationTypeEnum","type":"string","enum":["opcodeGreaterThan","opcodeGreaterOrEqual","opcodeDoesNotEqual","opcodeLessOrEqual","opcodeEqual","opcodeNotInRange","opcodeUndefined","opcodeInRange","opcodeLessThan"]},"ApprovalTemplateUsers":{"type":"array","items":{"$ref":"#/definitions/ApprovalTemplateUser"}}}},"ApprovalTemplateOperationTypeEnum":{"type":"string","enum":["opcodeGreaterThan","opcodeGreaterOrEqual","opcodeDoesNotEqual","opcodeLessOrEqual","opcodeEqual","opcodeNotInRange","opcodeUndefined","opcodeInRange","opcodeLessThan"]},"BoYesNoEnum":{"type":"string","enum":["tYES","tNO"]}},"swagger":"3.0","info":{"description":"This is a sample server Petstore server.","title":"Swagger For Service Layer","version":"1.0.0"},"tags":[{"name":"ApprovalTemplates","description":"This entity enables you to manipulate 'ApprovalTemplates'. Each template specifies an approval procedure, and the users and transactions to which the procedure applies."}]}