{"basePath":"/b1s/v1/","paths":{"/ApprovalTemplatesService_GetApprovalTemplateList":{"post":{"produces":["application/json","application/xml"],"description":"Invoke the method 'GetApprovalTemplateList' on this service.","responses":{"200":{"description":"successful operation"}},"parameters":[{"schema":{"$ref":"#/definitions/ApprovalTemplate"},"in":"body","name":"body"}],"tags":["ApprovalTemplatesService"],"consumes":["application/json","application/xml"]}}},"host":"slcdemo.cfapps.sap.hana.ondemand.com","schemes":"https","definitions":{"ApprovalTemplateTerm":{"type":"object","properties":{"Value":{"type":"string"},"ConditionType":{"$ref":"#/definitions/ApprovalTemplateConditionTypeEnum"},"OperationType":{"$ref":"#/definitions/ApprovalTemplateOperationTypeEnum"}}},"ApprovalTemplatesDocumentTypeEnum":{"type":"string","enum":["atdtApCreditMemo","atdtReturns","atdtInventoryCounting","atdtInventoryPosting","atdtGoodsIssue","atdtGoodsReturns","atdtPurchaseQuotation","atdtDelivery","atdtGoodsReceipt","atdtPurchaseOrder","atdtInventoryTransferRequest","atdtArInvoice","atdtInventoryTransfer","atdtQuotation","atdtGoodsReceiptPO","atdtInventoryOpeningBalance","atdtArCreditMemo","atdtOutgoingPayment","atdtArDownPayment","atdtApInvoice","atdtOrder","atdtCorrectionInvoice","atdtApDownPayment"]},"ApprovalTemplateUser":{"type":"object","properties":{"UserID":{"type":"integer"}}},"ApprovalTemplateQuery":{"type":"object","properties":{"QueryID":{"type":"integer"}}},"ApprovalTemplateConditionTypeEnum":{"type":"string","enum":["atctVariance","atctDeviationFromBudget","atctGrossProfitPercent","atctTotalLine","atctDeviationFromObligo","atctDiscountPercent","atctTotalDocument","atctDeviationFromCreditLine","atctCountedQuantity","atctQuantity","atctItemCode","atctVariancePercent","atctUndefined"]},"ApprovalTemplateStage":{"type":"object","properties":{"Remarks":{"type":"string"},"ApprovalStageCode":{"type":"integer"},"SortID":{"type":"integer"}}},"ApprovalTemplateDocument":{"type":"object","properties":{"DocumentType":{"$ref":"#/definitions/ApprovalTemplatesDocumentTypeEnum"}}},"ApprovalTemplate":{"type":"object","properties":{"ApprovalTemplateStages":{"type":"array","items":{"$ref":"#/definitions/ApprovalTemplateStage"}},"IsActiveWhenUpdatingDocuments":{"description":"BoYesNoEnum","type":"string","enum":["tYES","tNO"]},"ApprovalTemplateQueries":{"type":"array","items":{"$ref":"#/definitions/ApprovalTemplateQuery"}},"IsActive":{"description":"BoYesNoEnum","type":"string","enum":["tYES","tNO"]},"QueryID":{"type":"integer"},"DocumentType":{"description":"ApprovalTemplatesDocumentTypeEnum","type":"string","enum":["atdtApCreditMemo","atdtReturns","atdtInventoryCounting","atdtInventoryPosting","atdtGoodsIssue","atdtGoodsReturns","atdtPurchaseQuotation","atdtDelivery","atdtGoodsReceipt","atdtPurchaseOrder","atdtInventoryTransferRequest","atdtArInvoice","atdtInventoryTransfer","atdtQuotation","atdtGoodsReceiptPO","atdtInventoryOpeningBalance","atdtArCreditMemo","atdtOutgoingPayment","atdtArDownPayment","atdtApInvoice","atdtOrder","atdtCorrectionInvoice","atdtApDownPayment"]},"SortID":{"type":"integer"},"Code":{"type":"integer"},"ApprovalTemplateDocuments":{"type":"array","items":{"$ref":"#/definitions/ApprovalTemplateDocument"}},"Name":{"type":"string"},"Remarks":{"type":"string"},"ApprovalTemplateTerms":{"type":"array","items":{"$ref":"#/definitions/ApprovalTemplateTerm"}},"UserID":{"type":"integer"},"Value":{"type":"string"},"UseTerms":{"description":"BoYesNoEnum","type":"string","enum":["tYES","tNO"]},"ApprovalStageCode":{"type":"integer"},"ConditionType":{"description":"ApprovalTemplateConditionTypeEnum","type":"string","enum":["atctVariance","atctDeviationFromBudget","atctGrossProfitPercent","atctTotalLine","atctDeviationFromObligo","atctDiscountPercent","atctTotalDocument","atctDeviationFromCreditLine","atctCountedQuantity","atctQuantity","atctItemCode","atctVariancePercent","atctUndefined"]},"OperationType":{"description":"ApprovalTemplateOperationTypeEnum","type":"string","enum":["opcodeGreaterThan","opcodeGreaterOrEqual","opcodeDoesNotEqual","opcodeLessOrEqual","opcodeEqual","opcodeNotInRange","opcodeUndefined","opcodeInRange","opcodeLessThan"]},"ApprovalTemplateUsers":{"type":"array","items":{"$ref":"#/definitions/ApprovalTemplateUser"}}}},"ApprovalTemplateOperationTypeEnum":{"type":"string","enum":["opcodeGreaterThan","opcodeGreaterOrEqual","opcodeDoesNotEqual","opcodeLessOrEqual","opcodeEqual","opcodeNotInRange","opcodeUndefined","opcodeInRange","opcodeLessThan"]},"BoYesNoEnum":{"type":"string","enum":["tYES","tNO"]}},"swagger":"3.0","info":{"description":"This is a sample server Petstore server.","title":"Swagger For Service Layer","version":"1.0.0"},"tags":[{"name":"ApprovalTemplatesService","description":"This API enables you to invoke the interfaces defined on 'ApprovalTemplatesService'."}]}