{"basePath":"/b1s/v1/","paths":{"/ApprovalRequestsService_GetAllApprovalRequestsList":{"post":{"produces":["application/json","application/xml"],"description":"Invoke the method 'GetAllApprovalRequestsList' on this service.","responses":{"200":{"description":"successful operation"}},"parameters":[{"schema":{"$ref":"#/definitions/ApprovalRequest"},"in":"body","name":"body"}],"tags":["ApprovalRequestsService"],"consumes":["application/json","application/xml"]}},"/ApprovalRequestsService_GetApprovalRequestList":{"post":{"produces":["application/json","application/xml"],"description":"Invoke the method 'GetApprovalRequestList' on this service.","responses":{"200":{"description":"successful operation"}},"parameters":[{"schema":{"$ref":"#/definitions/ApprovalRequest"},"in":"body","name":"body"}],"tags":["ApprovalRequestsService"],"consumes":["application/json","application/xml"]}},"/ApprovalRequestsService_GetOpenApprovalRequestList":{"post":{"produces":["application/json","application/xml"],"description":"Invoke the method 'GetOpenApprovalRequestList' on this service.","responses":{"200":{"description":"successful operation"}},"parameters":[{"schema":{"$ref":"#/definitions/ApprovalRequest"},"in":"body","name":"body"}],"tags":["ApprovalRequestsService"],"consumes":["application/json","application/xml"]}}},"host":"slcdemo.cfapps.sap.hana.ondemand.com","schemes":"https","definitions":{"ApprovalRequest":{"type":"object","properties":{}}},"swagger":"3.0","info":{"description":"This is a sample server Petstore server.","title":"Swagger For Service Layer","version":"1.0.0"},"tags":[{"name":"ApprovalRequestsService","description":"This API enables you to invoke the interfaces defined on 'ApprovalRequestsService'."}]}