{"basePath":"/b1s/v1/","paths":{"/ApprovalStagesService_GetApprovalStageList":{"post":{"produces":["application/json","application/xml"],"description":"Invoke the method 'GetApprovalStageList' on this service.","responses":{"200":{"description":"successful operation"}},"parameters":[{"schema":{"$ref":"#/definitions/ApprovalStage"},"in":"body","name":"body"}],"tags":["ApprovalStagesService"],"consumes":["application/json","application/xml"]}}},"host":"slcdemo.cfapps.sap.hana.ondemand.com","schemes":"https","definitions":{"ApprovalStageApprover":{"type":"object","properties":{"UserID":{"type":"integer"}}},"ApprovalStage":{"type":"object","properties":{"Remarks":{"type":"string"},"UserID":{"type":"integer"},"Code":{"type":"integer"},"ApprovalStageApprovers":{"type":"array","items":{"$ref":"#/definitions/ApprovalStageApprover"}},"Name":{"type":"string"},"NoOfApproversRequired":{"type":"integer"}}}},"swagger":"3.0","info":{"description":"This is a sample server Petstore server.","title":"Swagger For Service Layer","version":"1.0.0"},"tags":[{"name":"ApprovalStagesService","description":"This API enables you to invoke the interfaces defined on 'ApprovalStagesService'."}]}