{"basePath":"/b1s/v1/","paths":{"/ApprovalStages":{"post":{"produces":["application/json","application/xml"],"description":"Create an instance of 'ApprovalStages' with the given payload of type 'ApprovalStage' in JSON format.","responses":{"200":{"description":"successful operation"}},"parameters":[{"schema":{"$ref":"#/definitions/ApprovalStage"},"in":"body","name":"body"}],"tags":["ApprovalStages"],"consumes":["application/json","application/xml"]},"get":{"produces":["application/json","application/xml"],"description":"Retrieve a collection of 'ApprovalStages' with all or some selected properties in the given order by specifying the given filter condition.","responses":{"200":{"description":"successful operation"}},"parameters":[{"name":"Code","type":"string"},{"name":"Name","type":"string"},{"name":"NoOfApproversRequ","type":"string"}],"tags":["ApprovalStages"],"consumes":["application/json","application/xml"]}},"/ApprovalStages(id)/GetApprovalStage":{"post":{"produces":["application/json","application/xml"],"description":"Invoke the method 'GetApprovalStage' on this EntitySet with the specified id.","responses":{"200":{"description":"successful operation"}},"parameters":[{"schema":{"$ref":"#/definitions/ApprovalStage"},"in":"body","name":"body"}],"tags":["ApprovalStages"],"consumes":["application/json","application/xml"]}},"/ApprovalStages(id)":{"patch":{"produces":["application/json","application/xml"],"description":"Update an instance of 'ApprovalStages' with the given payload of type 'ApprovalStage' in JSON format and with the specified id.","responses":{"200":{"description":"successful operation"}},"parameters":[{"schema":{"$ref":"#/definitions/ApprovalStage"},"in":"body","name":"body"}],"tags":["ApprovalStages"],"consumes":["application/json","application/xml"]},"get":{"produces":["application/json","application/xml"],"description":"Retrieve all or some selected properties from an instance of 'ApprovalStages' with the given id.","responses":{"200":{"description":"successful operation"}},"parameters":[{"name":"Code","type":"string"},{"name":"Name","type":"string"},{"name":"NoOfApproversRequired","type":"string"}],"tags":["ApprovalStages"],"consumes":["application/json","application/xml"]},"delete":{"produces":["application/json","application/xml"],"description":"Delete an instance of 'ApprovalStages' with the specified id. However, you are not allowed to remove the stage that is linked to an approval template.","responses":{"200":{"description":"successful operation"}},"parameters":[],"tags":["ApprovalStages"],"consumes":["application/json","application/xml"]}},"/ApprovalStages(id)/RemoveApprovalStage":{"post":{"produces":["application/json","application/xml"],"description":"Invoke the method 'RemoveApprovalStage' on this EntitySet with the specified id.","responses":{"200":{"description":"successful operation"}},"parameters":[{"schema":{"$ref":"#/definitions/ApprovalStage"},"in":"body","name":"body"}],"tags":["ApprovalStages"],"consumes":["application/json","application/xml"]}}},"host":"slcdemo.cfapps.sap.hana.ondemand.com","schemes":"https","definitions":{"ApprovalStageApprover":{"type":"object","properties":{"UserID":{"type":"integer"}}},"ApprovalStage":{"type":"object","properties":{"Remarks":{"type":"string"},"UserID":{"type":"integer"},"Code":{"type":"integer"},"ApprovalStageApprovers":{"type":"array","items":{"$ref":"#/definitions/ApprovalStageApprover"}},"Name":{"type":"string"},"NoOfApproversRequired":{"type":"integer"}}}},"swagger":"3.0","info":{"description":"This is a sample server Petstore server.","title":"Swagger For Service Layer","version":"1.0.0"},"tags":[{"name":"ApprovalStages","description":"This entity enables you to manipulate 'ApprovalStages'."}]}