{"basePath":"/b1s/v1/","paths":{"/ApprovalRequests":{"get":{"produces":["application/json","application/xml"],"description":"Retrieve a collection of 'ApprovalRequests' with all or some selected properties in the given order by specifying the given filter condition.","responses":{"200":{"description":"successful operation"}},"parameters":[{"name":"Code","type":"string"},{"name":"ObjectType","type":"string"},{"name":"IsD","type":"string"}],"tags":["ApprovalRequests"],"consumes":["application/json","application/xml"]}},"/ApprovalRequests(id)":{"patch":{"produces":["application/json","application/xml"],"description":"Update an instance of 'ApprovalRequests' with the given payload of type 'ApprovalRequest' in JSON format and with the specified id.","responses":{"200":{"description":"successful operation"}},"parameters":[{"schema":{"$ref":"#/definitions/ApprovalRequest"},"in":"body","name":"body"}],"tags":["ApprovalRequests"],"consumes":["application/json","application/xml"]},"get":{"produces":["application/json","application/xml"],"description":"Retrieve all or some selected properties from an instance of 'ApprovalRequests' with the given id.","responses":{"200":{"description":"successful operation"}},"parameters":[{"name":"Code","type":"string"},{"name":"ObjectType","type":"string"},{"name":"IsDraft","type":"string"}],"tags":["ApprovalRequests"],"consumes":["application/json","application/xml"]}}},"host":"slcdemo.cfapps.sap.hana.ondemand.com","schemes":"https","definitions":{"ApprovalRequestDecision":{"type":"object","properties":{"Status":{"$ref":"#/definitions/BoApprovalRequestDecisionEnum"},"ApproverPassword":{"type":"string"},"Remarks":{"type":"string"},"ApproverUserName":{"type":"string"}}},"ApprovalRequestLine":{"type":"object","properties":{"Status":{"$ref":"#/definitions/BoApprovalRequestDecisionEnum"},"Remarks":{"type":"string"},"UserID":{"type":"integer"},"StageCode":{"type":"integer"}}},"ApprovalRequest":{"type":"object","properties":{"IsDraft":{"type":"string"},"Status":{"description":"BoApprovalRequestDecisionEnum","type":"string","enum":["ardNotApproved","ardApproved","ardPending"]},"OriginatorID":{"type":"integer"},"ApprovalRequestDecisions":{"type":"array","items":{"$ref":"#/definitions/ApprovalRequestDecision"}},"ApprovalRequestLines":{"type":"array","items":{"$ref":"#/definitions/ApprovalRequestLine"}},"CurrentStage":{"type":"integer"},"ObjectEntry":{"type":"integer"},"StageCode":{"type":"integer"},"Code":{"type":"integer"},"ObjectType":{"type":"string"},"ApproverPassword":{"type":"string"},"Remarks":{"type":"string"},"UserID":{"type":"integer"},"ApproverUserName":{"type":"string"}}},"BoApprovalRequestStatusEnum":{"type":"string","enum":["arsNotApproved","arsGeneratedByAuthorizer","arsPending","arsGenerated","arsCancelled","arsApproved"]},"BoApprovalRequestDecisionEnum":{"type":"string","enum":["ardNotApproved","ardApproved","ardPending"]}},"swagger":"3.0","info":{"description":"This is a sample server Petstore server.","title":"Swagger For Service Layer","version":"1.0.0"},"tags":[{"name":"ApprovalRequests","description":"This entity enables you to manipulate 'ApprovalRequests' and retrieve approval requests for various approval processes."}]}