{"basePath":"/b1s/v1/","paths":{"/AssetGroups":{"post":{"produces":["application/json","application/xml"],"description":"Create an instance of 'AssetGroups' with the given payload of type 'AssetGroup' in JSON format.","responses":{"200":{"description":"successful operation"}},"parameters":[{"schema":{"$ref":"#/definitions/AssetGroup"},"in":"body","name":"body"}],"tags":["AssetGroups"],"consumes":["application/json","application/xml"]},"get":{"produces":["application/json","application/xml"],"description":"Retrieve a collection of 'AssetGroups' with all or some selected properties in the given order by specifying the given filter condition.","responses":{"200":{"description":"successful operation"}},"parameters":[{"name":"Code","type":"string"},{"name":"Descrip","type":"string"}],"tags":["AssetGroups"],"consumes":["application/json","application/xml"]}},"/AssetGroups(id)":{"patch":{"produces":["application/json","application/xml"],"description":"Update an instance of 'AssetGroups' with the given payload of type 'AssetGroup' in JSON format and with the specified id.","responses":{"200":{"description":"successful operation"}},"parameters":[{"schema":{"$ref":"#/definitions/AssetGroup"},"in":"body","name":"body"}],"tags":["AssetGroups"],"consumes":["application/json","application/xml"]},"get":{"produces":["application/json","application/xml"],"description":"Retrieve all or some selected properties from an instance of 'AssetGroups' with the given id.","responses":{"200":{"description":"successful operation"}},"parameters":[{"name":"Code","type":"string"},{"name":"Description","type":"string"}],"tags":["AssetGroups"],"consumes":["application/json","application/xml"]},"delete":{"produces":["application/json","application/xml"],"description":"Delete an instance of 'AssetGroups' with the specified id.","responses":{"200":{"description":"successful operation"}},"parameters":[],"tags":["AssetGroups"],"consumes":["application/json","application/xml"]}}},"host":"slcdemo.cfapps.sap.hana.ondemand.com","schemes":"https","definitions":{"AssetGroup":{"type":"object","properties":{"Description":{"type":"string"},"Code":{"type":"string"}}}},"swagger":"3.0","info":{"description":"This is a sample server Petstore server.","title":"Swagger For Service Layer","version":"1.0.0"},"tags":[{"name":"AssetGroups","description":"This entity enables you to manipulate 'AssetGroups'."}]}