{"basePath":"/b1s/v1/","paths":{"/AssetClasses":{"post":{"produces":["application/json","application/xml"],"description":"Create an instance of 'AssetClasses' with the given payload of type 'AssetClass' in JSON format.","responses":{"200":{"description":"successful operation"}},"parameters":[{"schema":{"$ref":"#/definitions/AssetClass"},"in":"body","name":"body"}],"tags":["AssetClasses"],"consumes":["application/json","application/xml"]},"get":{"produces":["application/json","application/xml"],"description":"Retrieve a collection of 'AssetClasses' with all or some selected properties in the given order by specifying the given filter condition.","responses":{"200":{"description":"successful operation"}},"parameters":[{"name":"Code","type":"string"},{"name":"Description","type":"string"},{"name":"Asset","type":"string"}],"tags":["AssetClasses"],"consumes":["application/json","application/xml"]}},"/AssetClasses(id)":{"patch":{"produces":["application/json","application/xml"],"description":"Update an instance of 'AssetClasses' with the given payload of type 'AssetClass' in JSON format and with the specified id.","responses":{"200":{"description":"successful operation"}},"parameters":[{"schema":{"$ref":"#/definitions/AssetClass"},"in":"body","name":"body"}],"tags":["AssetClasses"],"consumes":["application/json","application/xml"]},"get":{"produces":["application/json","application/xml"],"description":"Retrieve all or some selected properties from an instance of 'AssetClasses' with the given id.","responses":{"200":{"description":"successful operation"}},"parameters":[{"name":"Code","type":"string"},{"name":"Description","type":"string"},{"name":"AssetType","type":"string"}],"tags":["AssetClasses"],"consumes":["application/json","application/xml"]},"delete":{"produces":["application/json","application/xml"],"description":"Delete an instance of 'AssetClasses' with the specified id.","responses":{"200":{"description":"successful operation"}},"parameters":[],"tags":["AssetClasses"],"consumes":["application/json","application/xml"]}}},"host":"slcdemo.cfapps.sap.hana.ondemand.com","schemes":"https","definitions":{"AssetTypeEnum":{"type":"string","enum":["atAssetTypeLowValueAsset","atAssetTypeGeneral"]},"AssetClassLine":{"type":"object","properties":{"DepreciationAreaID":{"type":"string"},"AccountDetermination":{"type":"string"},"UseLife":{"type":"integer"},"DepreciationTypeID":{"type":"string"},"Code":{"type":"string"},"LineNumber":{"type":"integer"},"ActiveStatus":{"$ref":"#/definitions/BoYesNoEnum"}}},"AssetClass":{"type":"object","properties":{"UseLife":{"type":"integer"},"Description":{"type":"string"},"ValueLimitTo":{"type":"number"},"ValueLimitFrom":{"type":"number"},"AttributeGroup":{"type":"integer"},"Code":{"type":"string"},"LineNumber":{"type":"integer"},"ActiveStatus":{"description":"BoYesNoEnum","type":"string","enum":["tYES","tNO"]},"DepreciationAreaID":{"type":"string"},"AccountDetermination":{"type":"string"},"AssetType":{"description":"AssetTypeEnum","type":"string","enum":["atAssetTypeLowValueAsset","atAssetTypeGeneral"]},"DepreciationTypeID":{"type":"string"},"AssetClassCollection":{"type":"array","items":{"$ref":"#/definitions/AssetClassLine"}},"BPLID":{"type":"integer"}}},"BoYesNoEnum":{"type":"string","enum":["tYES","tNO"]}},"swagger":"3.0","info":{"description":"This is a sample server Petstore server.","title":"Swagger For Service Layer","version":"1.0.0"},"tags":[{"name":"AssetClasses","description":"This entity enables you to manipulate 'AssetClasses'."}]}