{"basePath":"/b1s/v1/","paths":{"/AssetCapitalization":{"post":{"produces":["application/json","application/xml"],"description":"Create an instance of 'AssetCapitalization' with the given payload of type 'AssetDocument' in JSON format.","responses":{"200":{"description":"successful operation"}},"parameters":[{"schema":{"$ref":"#/definitions/AssetDocument"},"in":"body","name":"body"}],"tags":["AssetCapitalization"],"consumes":["application/json","application/xml"]},"get":{"produces":["application/json","application/xml"],"description":"Retrieve a collection of 'AssetCapitalization' with all or some selected properties in the given order by specifying the given filter condition.","responses":{"200":{"description":"successful operation"}},"parameters":[{"name":"DocEntry","type":"string"},{"name":"DocNum","type":"string"},{"name":"Se","type":"string"}],"tags":["AssetCapitalization"],"consumes":["application/json","application/xml"]}},"/AssetCapitalization(id)":{"patch":{"produces":["application/json","application/xml"],"description":"Update an instance of 'AssetCapitalization' with the given payload of type 'AssetDocument' in JSON format and with the specified id.","responses":{"200":{"description":"successful operation"}},"parameters":[{"schema":{"$ref":"#/definitions/AssetDocument"},"in":"body","name":"body"}],"tags":["AssetCapitalization"],"consumes":["application/json","application/xml"]},"get":{"produces":["application/json","application/xml"],"description":"Retrieve all or some selected properties from an instance of 'AssetCapitalization' with the given id.","responses":{"200":{"description":"successful operation"}},"parameters":[{"name":"DocEntry","type":"string"},{"name":"DocNum","type":"string"},{"name":"Series","type":"string"}],"tags":["AssetCapitalization"],"consumes":["application/json","application/xml"]}}},"host":"slcdemo.cfapps.sap.hana.ondemand.com","schemes":"https","definitions":{"AssetDocumentTypeEnum":{"type":"string","enum":["adtUnplannedDepreciation","adtAssetTransfer","adtSales","adtScrapping","adtAppreciation","adtAssetClassTransfer","adtOrdinaryDepreciation","adtSpecialDepreciation"]},"AssetDocumentAreaJournal":{"type":"object","properties":{"TransactionNumber":{"type":"integer"},"CancellationTransactionNumber":{"type":"integer"},"CancellationJournalRemarks":{"type":"string"},"DocEntry":{"type":"integer"},"DepreciationArea":{"type":"string"},"JournalRemarks":{"type":"string"},"LineNumber":{"type":"integer"}}},"AssetOriginalTypeEnum":{"type":"string","enum":["aotAPCreditMemo","aotARInvoice","aotFixedAssetsCreditMemo","aotOutgoingPayment","aotAPInvoice","aotCapitalization","aotFixedAssetsTransfer","aotAPCorrectionInvoice","aotManualDepreciation","aotAllTransactions","aotRetirement"]},"AssetDocument":{"type":"object","properties":{"Origin":{"type":"integer"},"DistributionRule4":{"type":"string"},"DistributionRule5":{"type":"string"},"DistributionRule2":{"type":"string"},"LowValueAssetRetirement":{"description":"BoYesNoEnum","type":"string","enum":["tYES","tNO"]},"DistributionRule3":{"type":"string"},"DepreciationArea":{"type":"string"},"AssetValueDate":{"type":"string"},"AssetNumber":{"type":"string"},"ManualDepreciationType":{"type":"string"},"NewAssetClass":{"type":"string"},"Partial":{"description":"BoYesNoEnum","type":"string","enum":["tYES","tNO"]},"CancellationTransactionNumber":{"type":"integer"},"Remarks":{"type":"string"},"CancellationJournalRemarks":{"type":"string"},"Currency":{"type":"string"},"AssetDocumentAreaJournalCollection":{"type":"array","items":{"$ref":"#/definitions/AssetDocumentAreaJournal"}},"DocNum":{"type":"integer"},"TotalLC":{"type":"number"},"SummerizeByProjects":{"description":"BoYesNoEnum","type":"string","enum":["tYES","tNO"]},"Status":{"description":"AssetDocumentStatusEnum","type":"string","enum":["adsCancelled","adsDraft","adsPosted"]},"CancellationDate":{"type":"string"},"DocEntry":{"type":"integer"},"AssetDocumentLineCollection":{"type":"array","items":{"$ref":"#/definitions/AssetDocumentLine"}},"Project":{"type":"string"},"NewAssetNumber":{"type":"string"},"BPLId":{"type":"integer"},"HandWritten":{"description":"BoYesNoEnum","type":"string","enum":["tYES","tNO"]},"BaseReference":{"type":"string"},"DocumentRate":{"type":"number"},"TransactionNumber":{"type":"integer"},"DocumentTotalSC":{"type":"number"},"DocumentTotal":{"type":"number"},"LineNumber":{"type":"integer"},"DocumentTotalFC":{"type":"number"},"SummerizeByDistributionRules":{"description":"BoYesNoEnum","type":"string","enum":["tYES","tNO"]},"VATRegNum":{"type":"string"},"BPLName":{"type":"string"},"DistributionRule":{"type":"string"},"TotalFC":{"type":"number"},"Reference":{"type":"string"},"GLAccount":{"type":"string"},"DocumentType":{"description":"AssetDocumentTypeEnum","type":"string","enum":["adtUnplannedDepreciation","adtAssetTransfer","adtSales","adtScrapping","adtAppreciation","adtAssetClassTransfer","adtOrdinaryDepreciation","adtSpecialDepreciation"]},"Quantity":{"type":"number"},"JournalRemarks":{"type":"string"},"Series":{"type":"integer"},"OriginalType":{"description":"AssetOriginalTypeEnum","type":"string","enum":["aotAPCreditMemo","aotARInvoice","aotFixedAssetsCreditMemo","aotOutgoingPayment","aotAPInvoice","aotCapitalization","aotFixedAssetsTransfer","aotAPCorrectionInvoice","aotManualDepreciation","aotAllTransactions","aotRetirement"]},"TotalSC":{"type":"number"},"CancellationOption":{"description":"ClosingOptionEnum","type":"string","enum":["coBySpecifiedDate","coByCurrentSystemDate","coByOriginalDocumentDate"]},"APC":{"type":"number"},"PostingDate":{"type":"string"},"DocumentDate":{"type":"string"}}},"AssetDocumentStatusEnum":{"type":"string","enum":["adsCancelled","adsDraft","adsPosted"]},"AssetDocumentLine":{"type":"object","properties":{"DistributionRule":{"type":"string"},"DistributionRule4":{"type":"string"},"DistributionRule5":{"type":"string"},"TotalFC":{"type":"number"},"DistributionRule2":{"type":"string"},"DistributionRule3":{"type":"string"},"GLAccount":{"type":"string"},"DocEntry":{"type":"integer"},"Quantity":{"type":"number"},"DepreciationArea":{"type":"string"},"AssetNumber":{"type":"string"},"LineNumber":{"type":"integer"},"NewAssetClass":{"type":"string"},"TotalSC":{"type":"number"},"Project":{"type":"string"},"NewAssetNumber":{"type":"string"},"Partial":{"$ref":"#/definitions/BoYesNoEnum"},"APC":{"type":"number"},"Remarks":{"type":"string"},"TotalLC":{"type":"number"}}},"ClosingOptionEnum":{"type":"string","enum":["coBySpecifiedDate","coByCurrentSystemDate","coByOriginalDocumentDate"]},"BoYesNoEnum":{"type":"string","enum":["tYES","tNO"]}},"swagger":"3.0","info":{"description":"This is a sample server Petstore server.","title":"Swagger For Service Layer","version":"1.0.0"},"tags":[{"name":"AssetCapitalization","description":"This entity enables you to manipulate 'AssetCapitalization'."}]}