{"basePath":"/b1s/v1/","paths":{"/AssetDepreciationGroupsService_GetList":{"post":{"produces":["application/json","application/xml"],"description":"Invoke the method 'GetList' on this service.","responses":{"200":{"description":"successful operation"}},"parameters":[{"schema":{"$ref":"#/definitions/AssetDepreciationGroup"},"in":"body","name":"body"}],"tags":["AssetDepreciationGroupsService"],"consumes":["application/json","application/xml"]}}},"host":"slcdemo.cfapps.sap.hana.ondemand.com","schemes":"https","definitions":{"AssetDepreciationGroup":{"type":"object","properties":{}}},"swagger":"3.0","info":{"description":"This is a sample server Petstore server.","title":"Swagger For Service Layer","version":"1.0.0"},"tags":[{"name":"AssetDepreciationGroupsService","description":"This API enables you to invoke the interfaces defined on 'AssetDepreciationGroupsService'."}]}