{"basePath":"/b1s/v1/","paths":{"/AssetTransferService_GetList":{"post":{"produces":["application/json","application/xml"],"description":"Invoke the method 'GetList' on this service.","responses":{"200":{"description":"successful operation"}},"parameters":[{"schema":{"$ref":"#/definitions/AssetDocument"},"in":"body","name":"body"}],"tags":["AssetTransferService"],"consumes":["application/json","application/xml"]}},"/AssetTransferService_Cancel":{"post":{"produces":["application/json","application/xml"],"description":"Invoke the method 'Cancel' on this service by specifying the payload 'AssetDocumentParams' in the JSON format.","responses":{"200":{"description":"successful operation"}},"parameters":[{"schema":{"$ref":"#/definitions/AssetDocument"},"in":"body","name":"body"}],"tags":["AssetTransferService"],"consumes":["application/json","application/xml"]}}},"host":"slcdemo.cfapps.sap.hana.ondemand.com","schemes":"https","definitions":{"AssetDocument":{"type":"object","properties":{}},"AssetDocumentParams":{"type":"object","properties":{"CancellationOption":{"$ref":"#/definitions/ClosingOptionEnum"},"CancellationDate":{"type":"string"},"Code":{"type":"integer"}}},"ClosingOptionEnum":{"type":"string","enum":["coBySpecifiedDate","coByCurrentSystemDate","coByOriginalDocumentDate"]}},"swagger":"3.0","info":{"description":"This is a sample server Petstore server.","title":"Swagger For Service Layer","version":"1.0.0"},"tags":[{"name":"AssetTransferService","description":"This API enables you to invoke the interfaces defined on 'AssetTransferService'."}]}