{"basePath":"/b1s/v1/","paths":{"/AssetDepreciationGroups(id)":{"patch":{"produces":["application/json","application/xml"],"description":"Update an instance of 'AssetDepreciationGroups' with the given payload of type 'AssetDepreciationGroup' in JSON format and with the specified id.","responses":{"200":{"description":"successful operation"}},"parameters":[{"schema":{"$ref":"#/definitions/AssetDepreciationGroup"},"in":"body","name":"body"}],"tags":["AssetDepreciationGroups"],"consumes":["application/json","application/xml"]},"get":{"produces":["application/json","application/xml"],"description":"Retrieve all or some selected properties from an instance of 'AssetDepreciationGroups' with the given id.","responses":{"200":{"description":"successful operation"}},"parameters":[{"name":"Code","type":"string"},{"name":"Description","type":"string"},{"name":"Group","type":"string"}],"tags":["AssetDepreciationGroups"],"consumes":["application/json","application/xml"]},"delete":{"produces":["application/json","application/xml"],"description":"Delete an instance of 'AssetDepreciationGroups' with the specified id.","responses":{"200":{"description":"successful operation"}},"parameters":[],"tags":["AssetDepreciationGroups"],"consumes":["application/json","application/xml"]}},"/AssetDepreciationGroups":{"post":{"produces":["application/json","application/xml"],"description":"Create an instance of 'AssetDepreciationGroups' with the given payload of type 'AssetDepreciationGroup' in JSON format.","responses":{"200":{"description":"successful operation"}},"parameters":[{"schema":{"$ref":"#/definitions/AssetDepreciationGroup"},"in":"body","name":"body"}],"tags":["AssetDepreciationGroups"],"consumes":["application/json","application/xml"]},"get":{"produces":["application/json","application/xml"],"description":"Retrieve a collection of 'AssetDepreciationGroups' with all or some selected properties in the given order by specifying the given filter condition.","responses":{"200":{"description":"successful operation"}},"parameters":[{"name":"Code","type":"string"},{"name":"Description","type":"string"},{"name":"G","type":"string"}],"tags":["AssetDepreciationGroups"],"consumes":["application/json","application/xml"]}}},"host":"slcdemo.cfapps.sap.hana.ondemand.com","schemes":"https","definitions":{"AssetDepreciationGroup":{"type":"object","properties":{"Group":{"type":"string"},"Description":{"type":"string"},"Code":{"type":"string"}}}},"swagger":"3.0","info":{"description":"This is a sample server Petstore server.","title":"Swagger For Service Layer","version":"1.0.0"},"tags":[{"name":"AssetDepreciationGroups","description":"This entity enables you to manipulate 'AssetDepreciationGroups'."}]}