{"basePath":"/b1s/v1/","paths":{"/Attachments2(id)":{"patch":{"produces":["application/json","application/xml"],"description":"Update an instance of 'Attachments2' with the given payload of type 'Attachments2' in JSON format and with the specified id.","responses":{"200":{"description":"successful operation"}},"parameters":[{"schema":{"$ref":"#/definitions/Attachments2"},"in":"body","name":"body"}],"tags":["Attachments2"],"consumes":["application/json","application/xml"]},"get":{"produces":["application/json","application/xml"],"description":"Retrieve all or some selected properties from an instance of 'Attachments2' with the given id.","responses":{"200":{"description":"successful operation"}},"parameters":[{"name":"AbsoluteEntry","type":"string"},{"name":"Attachments2_Lines","type":"string"}],"tags":["Attachments2"],"consumes":["application/json","application/xml"]},"delete":{"produces":["application/json","application/xml"],"description":"Delete an instance of 'Attachments2' with the specified id.","responses":{"200":{"description":"successful operation"}},"parameters":[],"tags":["Attachments2"],"consumes":["application/json","application/xml"]}},"/Attachments2":{"post":{"produces":["application/json","application/xml"],"description":"Create an instance of 'Attachments2' with the given payload of type 'Attachments2' in JSON format.","responses":{"200":{"description":"successful operation"}},"parameters":[{"schema":{"$ref":"#/definitions/Attachments2"},"in":"body","name":"body"}],"tags":["Attachments2"],"consumes":["application/json","application/xml"]},"get":{"produces":["application/json","application/xml"],"description":"Retrieve a collection of 'Attachments2' with all or some selected properties in the given order by specifying the given filter condition.","responses":{"200":{"description":"successful operation"}},"parameters":[{"name":"AbsoluteEntry","type":"string"},{"name":"Attachments2_L","type":"string"}],"tags":["Attachments2"],"consumes":["application/json","application/xml"]}}},"host":"slcdemo.cfapps.sap.hana.ondemand.com","schemes":"https","definitions":{"Attachments2":{"type":"object","properties":{"SourcePath":{"type":"string"},"AbsoluteEntry":{"type":"integer"},"AttachmentDate":{"type":"string"},"UserID":{"type":"integer"},"FileName":{"type":"string"},"FileExtension":{"type":"string"},"Attachments2_Lines":{"type":"array","items":{"$ref":"#/definitions/Attachments2_Line"}},"Override":{"description":"BoYesNoEnum","type":"string","enum":["tYES","tNO"]}}},"Attachments2_Line":{"type":"object","properties":{"SourcePath":{"type":"string"},"AttachmentDate":{"type":"string"},"UserID":{"type":"integer"},"FileName":{"type":"string"},"FileExtension":{"type":"string"},"Override":{"$ref":"#/definitions/BoYesNoEnum"}}},"BoYesNoEnum":{"type":"string","enum":["tYES","tNO"]}},"swagger":"3.0","info":{"description":"This is a sample server Petstore server.","title":"Swagger For Service Layer","version":"1.0.0"},"tags":[{"name":"Attachments2","description":"This entity enables you to manipulate 'Attachments2'."}]}