{"basePath":"/b1s/v1/","paths":{"/AttributeGroups":{"post":{"produces":["application/json","application/xml"],"description":"Create an instance of 'AttributeGroups' with the given payload of type 'AttributeGroup' in JSON format.","responses":{"200":{"description":"successful operation"}},"parameters":[{"schema":{"$ref":"#/definitions/AttributeGroup"},"in":"body","name":"body"}],"tags":["AttributeGroups"],"consumes":["application/json","application/xml"]},"get":{"produces":["application/json","application/xml"],"description":"Retrieve a collection of 'AttributeGroups' with all or some selected properties in the given order by specifying the given filter condition.","responses":{"200":{"description":"successful operation"}},"parameters":[{"name":"Code","type":"string"},{"name":"Name","type":"string"},{"name":"Lo","type":"string"}],"tags":["AttributeGroups"],"consumes":["application/json","application/xml"]}},"/AttributeGroups(id)":{"patch":{"produces":["application/json","application/xml"],"description":"Update an instance of 'AttributeGroups' with the given payload of type 'AttributeGroup' in JSON format and with the specified id.","responses":{"200":{"description":"successful operation"}},"parameters":[{"schema":{"$ref":"#/definitions/AttributeGroup"},"in":"body","name":"body"}],"tags":["AttributeGroups"],"consumes":["application/json","application/xml"]},"get":{"produces":["application/json","application/xml"],"description":"Retrieve all or some selected properties from an instance of 'AttributeGroups' with the given id.","responses":{"200":{"description":"successful operation"}},"parameters":[{"name":"Code","type":"string"},{"name":"Name","type":"string"},{"name":"Locked","type":"string"}],"tags":["AttributeGroups"],"consumes":["application/json","application/xml"]},"delete":{"produces":["application/json","application/xml"],"description":"Delete an instance of 'AttributeGroups' with the specified id.","responses":{"200":{"description":"successful operation"}},"parameters":[],"tags":["AttributeGroups"],"consumes":["application/json","application/xml"]}}},"host":"slcdemo.cfapps.sap.hana.ondemand.com","schemes":"https","definitions":{"AttributeGroupFieldTypeEnum":{"type":"string","enum":["agftNumeric","agftDate","agftText","agftPrice","agftQuantity","agftAmount"]},"AttributeGroupLine":{"type":"object","properties":{"DefaultValue":{"type":"string"},"SortNumber":{"type":"integer"},"AttributeID":{"type":"integer"},"AttributeName":{"type":"string"},"Code":{"type":"integer"},"FieldType":{"$ref":"#/definitions/AttributeGroupFieldTypeEnum"}}},"AttributeGroup":{"type":"object","properties":{"Locked":{"description":"BoYesNoEnum","type":"string","enum":["tYES","tNO"]},"DefaultValue":{"type":"string"},"SortNumber":{"type":"integer"},"AttributeGroupCollection":{"type":"array","items":{"$ref":"#/definitions/AttributeGroupLine"}},"AttributeID":{"type":"integer"},"AttributeName":{"type":"string"},"Code":{"type":"integer"},"Name":{"type":"string"},"FieldType":{"description":"AttributeGroupFieldTypeEnum","type":"string","enum":["agftNumeric","agftDate","agftText","agftPrice","agftQuantity","agftAmount"]}}},"BoYesNoEnum":{"type":"string","enum":["tYES","tNO"]}},"swagger":"3.0","info":{"description":"This is a sample server Petstore server.","title":"Swagger For Service Layer","version":"1.0.0"},"tags":[{"name":"AttributeGroups","description":"This entity enables you to manipulate 'AttributeGroups'."}]}