{"basePath":"/b1s/v1/","paths":{"/BankPages(id)":{"patch":{"produces":["application/json","application/xml"],"description":"Update an instance of 'BankPages' with the given payload of type 'BankPage' in JSON format and with the specified id.","responses":{"200":{"description":"successful operation"}},"parameters":[{"schema":{"$ref":"#/definitions/BankPage"},"in":"body","name":"body"}],"tags":["BankPages"],"consumes":["application/json","application/xml"]},"get":{"produces":["application/json","application/xml"],"description":"Retrieve all or some selected properties from an instance of 'BankPages' with the given id.","responses":{"200":{"description":"successful operation"}},"parameters":[{"name":"AccountCode","type":"string"},{"name":"Sequence","type":"string"},{"name":"AccountName","type":"string"}],"tags":["BankPages"],"consumes":["application/json","application/xml"]},"delete":{"produces":["application/json","application/xml"],"description":"Delete an instance of 'BankPages' with the specified id.","responses":{"200":{"description":"successful operation"}},"parameters":[],"tags":["BankPages"],"consumes":["application/json","application/xml"]}},"/BankPages":{"post":{"produces":["application/json","application/xml"],"description":"Create an instance of 'BankPages' with the given payload of type 'BankPage' in JSON format.","responses":{"200":{"description":"successful operation"}},"parameters":[{"schema":{"$ref":"#/definitions/BankPage"},"in":"body","name":"body"}],"tags":["BankPages"],"consumes":["application/json","application/xml"]},"get":{"produces":["application/json","application/xml"],"description":"Retrieve a collection of 'BankPages' with all or some selected properties in the given order by specifying the given filter condition.","responses":{"200":{"description":"successful operation"}},"parameters":[{"name":"AccountCode","type":"string"},{"name":"Sequence","type":"string"},{"name":"Account","type":"string"}],"tags":["BankPages"],"consumes":["application/json","application/xml"]}}},"host":"slcdemo.cfapps.sap.hana.ondemand.com","schemes":"https","definitions":{"BankPage":{"type":"object","properties":{"UserSignature":{"type":"integer"},"StatementNumber":{"type":"integer"},"CardName":{"type":"string"},"PaymentReference":{"type":"string"},"Reference":{"type":"string"},"CreditAmount":{"type":"number"},"CardCode":{"type":"string"},"Sequence":{"type":"integer"},"BankMatch":{"type":"integer"},"DocNumberType":{"description":"BoBpsDocTypes","type":"string","enum":["bpdt_DocNum","bpdt_ISR","bpdt_PaymentReference"]},"InvoiceNumberEx":{"type":"string"},"DataSource":{"type":"string"},"BICSwiftCode":{"type":"string"},"AccountCode":{"type":"string"},"InvoiceNumber":{"type":"string"},"DueDate":{"type":"string"},"DebitAmount":{"type":"number"},"Memo":{"type":"string"},"PaymentCreated":{"description":"BoYesNoEnum","type":"string","enum":["tYES","tNO"]},"AccountName":{"type":"string"},"ExternalCode":{"type":"string"},"VisualOrder":{"type":"integer"}}},"BoBpsDocTypes":{"type":"string","enum":["bpdt_DocNum","bpdt_ISR","bpdt_PaymentReference"]},"BoYesNoEnum":{"type":"string","enum":["tYES","tNO"]}},"swagger":"3.0","info":{"description":"This is a sample server Petstore server.","title":"Swagger For Service Layer","version":"1.0.0"},"tags":[{"name":"BankPages","description":"This entity enables you to manipulate 'BankPages'. It represents external bank statements in the Banking module."}]}