{"basePath":"/b1s/v1/","paths":{"/BankChargesAllocationCodes":{"post":{"produces":["application/json","application/xml"],"description":"Create an instance of 'BankChargesAllocationCodes' with the given payload of type 'BankChargesAllocationCode' in JSON format.","responses":{"200":{"description":"successful operation"}},"parameters":[{"schema":{"$ref":"#/definitions/BankChargesAllocationCode"},"in":"body","name":"body"}],"tags":["BankChargesAllocationCodes"],"consumes":["application/json","application/xml"]},"get":{"produces":["application/json","application/xml"],"description":"Retrieve a collection of 'BankChargesAllocationCodes' with all or some selected properties in the given order by specifying the given filter condition.","responses":{"200":{"description":"successful operation"}},"parameters":[{"name":"Code","type":"string"},{"name":"Descrip","type":"string"}],"tags":["BankChargesAllocationCodes"],"consumes":["application/json","application/xml"]}},"/BankChargesAllocationCodes(id)/SetDefaultBankChargesAllocationCode":{"post":{"produces":["application/json","application/xml"],"description":"Invoke the method 'SetDefaultBankChargesAllocationCode' on this EntitySet with the specified id.","responses":{"200":{"description":"successful operation"}},"parameters":[{"schema":{"$ref":"#/definitions/BankChargesAllocationCode"},"in":"body","name":"body"}],"tags":["BankChargesAllocationCodes"],"consumes":["application/json","application/xml"]}},"/BankChargesAllocationCodes(id)":{"patch":{"produces":["application/json","application/xml"],"description":"Update an instance of 'BankChargesAllocationCodes' with the given payload of type 'BankChargesAllocationCode' in JSON format and with the specified id.","responses":{"200":{"description":"successful operation"}},"parameters":[{"schema":{"$ref":"#/definitions/BankChargesAllocationCode"},"in":"body","name":"body"}],"tags":["BankChargesAllocationCodes"],"consumes":["application/json","application/xml"]},"get":{"produces":["application/json","application/xml"],"description":"Retrieve all or some selected properties from an instance of 'BankChargesAllocationCodes' with the given id.","responses":{"200":{"description":"successful operation"}},"parameters":[{"name":"Code","type":"string"},{"name":"Description","type":"string"}],"tags":["BankChargesAllocationCodes"],"consumes":["application/json","application/xml"]},"delete":{"produces":["application/json","application/xml"],"description":"Delete an instance of 'BankChargesAllocationCodes' with the specified id.","responses":{"200":{"description":"successful operation"}},"parameters":[],"tags":["BankChargesAllocationCodes"],"consumes":["application/json","application/xml"]}}},"host":"slcdemo.cfapps.sap.hana.ondemand.com","schemes":"https","definitions":{"BankChargesAllocationCode":{"type":"object","properties":{"Description":{"type":"string"},"Code":{"type":"string"}}}},"swagger":"3.0","info":{"description":"This is a sample server Petstore server.","title":"Swagger For Service Layer","version":"1.0.0"},"tags":[{"name":"BankChargesAllocationCodes","description":"This entity enables you to manipulate 'BankChargesAllocationCodes'."}]}