{"basePath":"/b1s/v1/","paths":{"/BankStatements(id)":{"patch":{"produces":["application/json","application/xml"],"description":"Update an instance of 'BankStatements' with the given payload of type 'BankStatement' in JSON format and with the specified id.","responses":{"200":{"description":"successful operation"}},"parameters":[{"schema":{"$ref":"#/definitions/BankStatement"},"in":"body","name":"body"}],"tags":["BankStatements"],"consumes":["application/json","application/xml"]},"get":{"produces":["application/json","application/xml"],"description":"Retrieve all or some selected properties from an instance of 'BankStatements' with the given id.","responses":{"200":{"description":"successful operation"}},"parameters":[{"name":"InternalNumber","type":"string"},{"name":"BankAccountKey","type":"string"},{"name":"StatementNumber","type":"string"}],"tags":["BankStatements"],"consumes":["application/json","application/xml"]},"delete":{"produces":["application/json","application/xml"],"description":"Delete an instance of 'BankStatements' with the specified id.","responses":{"200":{"description":"successful operation"}},"parameters":[],"tags":["BankStatements"],"consumes":["application/json","application/xml"]}},"/BankStatements":{"post":{"produces":["application/json","application/xml"],"description":"Create an instance of 'BankStatements' with the given payload of type 'BankStatement' in JSON format.","responses":{"200":{"description":"successful operation"}},"parameters":[{"schema":{"$ref":"#/definitions/BankStatement"},"in":"body","name":"body"}],"tags":["BankStatements"],"consumes":["application/json","application/xml"]},"get":{"produces":["application/json","application/xml"],"description":"Retrieve a collection of 'BankStatements' with all or some selected properties in the given order by specifying the given filter condition.","responses":{"200":{"description":"successful operation"}},"parameters":[{"name":"InternalNumber","type":"string"},{"name":"BankAccountKey","type":"string"},{"name":"StatementNu","type":"string"}],"tags":["BankStatements"],"consumes":["application/json","application/xml"]}}},"host":"slcdemo.cfapps.sap.hana.ondemand.com","schemes":"https","definitions":{"BankStatement":{"type":"object","properties":{"SequenceNo":{"type":"integer"},"BankStatementRows":{"type":"array","items":{"$ref":"#/definitions/BankStatementRow"}},"BPBankAccount":{"type":"string"},"ExternalBankStatementNo":{"type":"integer"},"Imported":{"description":"BoYesNoEnum","type":"string","enum":["tYES","tNO"]},"InternalBankOpCode":{"type":"integer"},"RowStatus":{"type":"string"},"IBANofBPBankAccount":{"type":"string"},"ReconciliationNo":{"type":"integer"},"VATAmountFC":{"type":"number"},"IsDebit":{"description":"BoYesNoEnum","type":"string","enum":["tYES","tNO"]},"InternalNumber":{"type":"integer"},"Currency":{"type":"string"},"BankStatementGUID":{"type":"string"},"FolioNumber":{"type":"integer"},"DocNumType":{"description":"BoBpsDocTypes","type":"string","enum":["bpdt_DocNum","bpdt_ISR","bpdt_PaymentReference"]},"Status":{"description":"BankStatementStatusEnum","type":"string","enum":["bssExecuted","bssDraft","bssOld"]},"GLAccountforFee":{"type":"string"},"EndingBalanceL":{"type":"number"},"EndingBalanceF":{"type":"number"},"AmountLC":{"type":"number"},"FeeDistributionRule4":{"type":"string"},"FeeDistributionRule5":{"type":"string"},"FeeDistributionRule2":{"type":"string"},"Details":{"type":"string"},"FeeDistributionRule3":{"type":"string"},"PaymentReferenceNo":{"type":"string"},"PostingMethod":{"description":"PostingMethodEnum","type":"string","enum":["pmInterimAccountBankAccount","pmExternalReconciliation","pmBussinessPartnerBankAccount","pmGLAccountBankAccount","pmIgnore"]},"CreditAmountLC":{"type":"number"},"Balance":{"type":"number"},"FeeOnTheLine":{"type":"number"},"JournalEntryID":{"type":"integer"},"AccountName":{"type":"string"},"MultiplePayments":{"type":"array","items":{"$ref":"#/definitions/MultiplePayment"}},"BankAccountKey":{"type":"integer"},"ExchangeRate":{"type":"number"},"BPBICSwiftCode":{"type":"string"},"BankStatmentLineID":{"type":"integer"},"VATAmountLC":{"type":"number"},"PaymentID":{"type":"integer"},"FolioPrefixString":{"type":"string"},"StatementDate":{"type":"string"},"DocumentIdentifier":{"type":"string"},"Source":{"description":"BankStatementRowSourceEnum","type":"string","enum":["bsManuallyEntered","bsImportedAndAmended","bsImported"]},"Details2":{"type":"string"},"FeeProfitCenter":{"type":"string"},"CreditCurrency":{"type":"string"},"DebitAmountFC":{"type":"number"},"BPName":{"type":"string"},"BankStmtLineDate":{"type":"string"},"CreateMethod":{"description":"CreateMethodEnum","type":"string","enum":["cmAutomatic","cmManual"]},"DueDate":{"type":"string"},"ExternalCode":{"type":"string"},"StatementNumber":{"type":"integer"},"BankStatementFileHash":{"type":"string"},"BankStmtDueDate":{"type":"string"},"BPBankCode":{"type":"string"},"Reference":{"type":"string"},"FeeProject":{"type":"string"},"DocumentType":{"description":"BankStatementDocTypeEnum","type":"string","enum":["bsdtRevertPurchases","bsdtDownPaymentIncoming","bsdtDownPaymentOutgoing","bsdtRevertInvoices","bsdtPurchases","bsdtInvoices","bsdtReceipts","bsdtJournalEntry","bsdtPaymentToVendor"]},"ListLineID":{"type":"integer"},"StartingBalanceL":{"type":"number"},"FeeDistributionRule":{"type":"string"},"AccountNumber":{"type":"string"},"DebitAmountLC":{"type":"number"},"StartingBalanceF":{"type":"number"},"AmountFC":{"type":"number"},"CreditAmountFC":{"type":"number"},"BPCode":{"type":"string"},"VisualOrder":{"type":"integer"}}},"BoBpsDocTypes":{"type":"string","enum":["bpdt_DocNum","bpdt_ISR","bpdt_PaymentReference"]},"BankStatementRowSourceEnum":{"type":"string","enum":["bsManuallyEntered","bsImportedAndAmended","bsImported"]},"PostingMethodEnum":{"type":"string","enum":["pmInterimAccountBankAccount","pmExternalReconciliation","pmBussinessPartnerBankAccount","pmGLAccountBankAccount","pmIgnore"]},"BankStatementDocTypeEnum":{"type":"string","enum":["bsdtRevertPurchases","bsdtDownPaymentIncoming","bsdtDownPaymentOutgoing","bsdtRevertInvoices","bsdtPurchases","bsdtInvoices","bsdtReceipts","bsdtJournalEntry","bsdtPaymentToVendor"]},"CreateMethodEnum":{"type":"string","enum":["cmAutomatic","cmManual"]},"MultiplePayment":{"type":"object","properties":{"IsDebit":{"$ref":"#/definitions/BoYesNoEnum"},"BankStatmentLineID":{"type":"integer"},"AmountFC":{"type":"number"},"ListLineID":{"type":"integer"},"DocumentIdentifier":{"type":"string"},"AmountLC":{"type":"number"}}},"BankStatementRow":{"type":"object","properties":{"SequenceNo":{"type":"integer"},"BPBankAccount":{"type":"string"},"ExternalBankStatementNo":{"type":"integer"},"InternalBankOpCode":{"type":"integer"},"RowStatus":{"type":"string"},"IBANofBPBankAccount":{"type":"string"},"ReconciliationNo":{"type":"integer"},"VATAmountFC":{"type":"number"},"FolioNumber":{"type":"integer"},"DocNumType":{"$ref":"#/definitions/BoBpsDocTypes"},"GLAccountforFee":{"type":"string"},"FeeDistributionRule4":{"type":"string"},"FeeDistributionRule5":{"type":"string"},"FeeDistributionRule2":{"type":"string"},"Details":{"type":"string"},"FeeDistributionRule3":{"type":"string"},"PaymentReferenceNo":{"type":"string"},"PostingMethod":{"$ref":"#/definitions/PostingMethodEnum"},"CreditAmountLC":{"type":"number"},"Balance":{"type":"number"},"FeeOnTheLine":{"type":"number"},"JournalEntryID":{"type":"integer"},"AccountName":{"type":"string"},"MultiplePayments":{"type":"array","items":{"$ref":"#/definitions/MultiplePayment"}},"ExchangeRate":{"type":"number"},"BPBICSwiftCode":{"type":"string"},"VATAmountLC":{"type":"number"},"PaymentID":{"type":"integer"},"FolioPrefixString":{"type":"string"},"Source":{"$ref":"#/definitions/BankStatementRowSourceEnum"},"Details2":{"type":"string"},"FeeProfitCenter":{"type":"string"},"CreditCurrency":{"type":"string"},"DebitAmountFC":{"type":"number"},"BPName":{"type":"string"},"BankStmtLineDate":{"type":"string"},"CreateMethod":{"$ref":"#/definitions/CreateMethodEnum"},"DueDate":{"type":"string"},"ExternalCode":{"type":"string"},"StatementNumber":{"type":"integer"},"BankStmtDueDate":{"type":"string"},"BPBankCode":{"type":"string"},"Reference":{"type":"string"},"FeeProject":{"type":"string"},"DocumentType":{"$ref":"#/definitions/BankStatementDocTypeEnum"},"FeeDistributionRule":{"type":"string"},"AccountNumber":{"type":"string"},"DebitAmountLC":{"type":"number"},"CreditAmountFC":{"type":"number"},"BPCode":{"type":"string"},"VisualOrder":{"type":"integer"}}},"BankStatementStatusEnum":{"type":"string","enum":["bssExecuted","bssDraft","bssOld"]},"BoYesNoEnum":{"type":"string","enum":["tYES","tNO"]}},"swagger":"3.0","info":{"description":"This is a sample server Petstore server.","title":"Swagger For Service Layer","version":"1.0.0"},"tags":[{"name":"BankStatements","description":"This entity enables you to manipulate 'BankStatements'."}]}