{"basePath":"/b1s/v1/","paths":{"/BankStatementsService_GetBankStatementList":{"post":{"produces":["application/json","application/xml"],"description":"Invoke the method 'GetBankStatementList' on this service by specifying the payload 'BankStatementsFilter' in the JSON format.","responses":{"200":{"description":"successful operation"}},"parameters":[{"schema":{"$ref":"#/definitions/BankStatement"},"in":"body","name":"body"}],"tags":["BankStatementsService"],"consumes":["application/json","application/xml"]}}},"host":"slcdemo.cfapps.sap.hana.ondemand.com","schemes":"https","definitions":{"BankStatement":{"type":"object","properties":{}},"BankStatementsFilter":{"type":"object","properties":{"Account":{"type":"string"},"Bank":{"type":"string"},"Country":{"type":"string"}}}},"swagger":"3.0","info":{"description":"This is a sample server Petstore server.","title":"Swagger For Service Layer","version":"1.0.0"},"tags":[{"name":"BankStatementsService","description":"This API enables you to invoke the interfaces defined on 'BankStatementsService'."}]}