{"basePath":"/b1s/v1/","paths":{"/Banks(id)":{"patch":{"produces":["application/json","application/xml"],"description":"Update an instance of 'Banks' with the given payload of type 'Bank' in JSON format and with the specified id.","responses":{"200":{"description":"successful operation"}},"parameters":[{"schema":{"$ref":"#/definitions/Bank"},"in":"body","name":"body"}],"tags":["Banks"],"consumes":["application/json","application/xml"]},"get":{"produces":["application/json","application/xml"],"description":"Retrieve all or some selected properties from an instance of 'Banks' with the given id.","responses":{"200":{"description":"successful operation"}},"parameters":[{"name":"BankCode","type":"string"},{"name":"BankName","type":"string"},{"name":"AccountforOutgoingChecks","type":"string"}],"tags":["Banks"],"consumes":["application/json","application/xml"]},"delete":{"produces":["application/json","application/xml"],"description":"Delete an instance of 'Banks' with the specified id.","responses":{"200":{"description":"successful operation"}},"parameters":[],"tags":["Banks"],"consumes":["application/json","application/xml"]}},"/Banks":{"post":{"produces":["application/json","application/xml"],"description":"Create an instance of 'Banks' with the given payload of type 'Bank' in JSON format.","responses":{"200":{"description":"successful operation"}},"parameters":[{"schema":{"$ref":"#/definitions/Bank"},"in":"body","name":"body"}],"tags":["Banks"],"consumes":["application/json","application/xml"]},"get":{"produces":["application/json","application/xml"],"description":"Retrieve a collection of 'Banks' with all or some selected properties in the given order by specifying the given filter condition.","responses":{"200":{"description":"successful operation"}},"parameters":[{"name":"BankCode","type":"string"},{"name":"BankName","type":"string"},{"name":"AccountforOutgoingCh","type":"string"}],"tags":["Banks"],"consumes":["application/json","application/xml"]}}},"host":"slcdemo.cfapps.sap.hana.ondemand.com","schemes":"https","definitions":{"Bank":{"type":"object","properties":{"BankName":{"type":"string"},"AccountforOutgoingChecks":{"type":"string"},"IBAN":{"type":"string"},"AbsoluteEntry":{"type":"integer"},"DefaultBankAccountKey":{"type":"integer"},"SwiftNo":{"type":"string"},"PostOffice":{"description":"BoYesNoEnum","type":"string","enum":["tYES","tNO"]},"BankCode":{"type":"string"},"NextCheckNumber":{"type":"integer"},"CountryCode":{"type":"string"},"BranchforOutgoingChecks":{"type":"string"}}},"BoYesNoEnum":{"type":"string","enum":["tYES","tNO"]}},"swagger":"3.0","info":{"description":"This is a sample server Petstore server.","title":"Swagger For Service Layer","version":"1.0.0"},"tags":[{"name":"Banks","description":"This entity enables you to manipulate 'Banks'."}]}