{"basePath":"/b1s/v1/","paths":{"/BarCodes":{"post":{"produces":["application/json","application/xml"],"description":"Create an instance of 'BarCodes' with the given payload of type 'BarCode' in JSON format.","responses":{"200":{"description":"successful operation"}},"parameters":[{"schema":{"$ref":"#/definitions/BarCode"},"in":"body","name":"body"}],"tags":["BarCodes"],"consumes":["application/json","application/xml"]},"get":{"produces":["application/json","application/xml"],"description":"Retrieve a collection of 'BarCodes' with all or some selected properties in the given order by specifying the given filter condition.","responses":{"200":{"description":"successful operation"}},"parameters":[{"name":"AbsEntry","type":"string"},{"name":"ItemNo","type":"string"},{"name":"UoME","type":"string"}],"tags":["BarCodes"],"consumes":["application/json","application/xml"]}},"/BarCodes(id)":{"patch":{"produces":["application/json","application/xml"],"description":"Update an instance of 'BarCodes' with the given payload of type 'BarCode' in JSON format and with the specified id.","responses":{"200":{"description":"successful operation"}},"parameters":[{"schema":{"$ref":"#/definitions/BarCode"},"in":"body","name":"body"}],"tags":["BarCodes"],"consumes":["application/json","application/xml"]},"get":{"produces":["application/json","application/xml"],"description":"Retrieve all or some selected properties from an instance of 'BarCodes' with the given id.","responses":{"200":{"description":"successful operation"}},"parameters":[{"name":"AbsEntry","type":"string"},{"name":"ItemNo","type":"string"},{"name":"UoMEntry","type":"string"}],"tags":["BarCodes"],"consumes":["application/json","application/xml"]},"delete":{"produces":["application/json","application/xml"],"description":"Delete an instance of 'BarCodes' with the specified id.","responses":{"200":{"description":"successful operation"}},"parameters":[],"tags":["BarCodes"],"consumes":["application/json","application/xml"]}}},"host":"slcdemo.cfapps.sap.hana.ondemand.com","schemes":"https","definitions":{"BarCode":{"type":"object","properties":{"FreeText":{"type":"string"},"UoMEntry":{"type":"integer"},"Barcode":{"type":"string"},"ItemNo":{"type":"string"},"AbsEntry":{"type":"integer"}}}},"swagger":"3.0","info":{"description":"This is a sample server Petstore server.","title":"Swagger For Service Layer","version":"1.0.0"},"tags":[{"name":"BarCodes","description":"This entity enables you to manipulate 'BarCodes'."}]}