{"basePath":"/b1s/v1/","paths":{"/BatchNumberDetails":{"get":{"produces":["application/json","application/xml"],"description":"Retrieve a collection of 'BatchNumberDetails' with all or some selected properties in the given order by specifying the given filter condition.","responses":{"200":{"description":"successful operation"}},"parameters":[{"name":"DocEntry","type":"string"},{"name":"ItemCode","type":"string"},{"name":"ItemDescrip","type":"string"}],"tags":["BatchNumberDetails"],"consumes":["application/json","application/xml"]}},"/BatchNumberDetails(id)":{"patch":{"produces":["application/json","application/xml"],"description":"Update an instance of 'BatchNumberDetails' with the given payload of type 'BatchNumberDetail' in JSON format and with the specified id.","responses":{"200":{"description":"successful operation"}},"parameters":[{"schema":{"$ref":"#/definitions/BatchNumberDetail"},"in":"body","name":"body"}],"tags":["BatchNumberDetails"],"consumes":["application/json","application/xml"]},"get":{"produces":["application/json","application/xml"],"description":"Retrieve all or some selected properties from an instance of 'BatchNumberDetails' with the given id.","responses":{"200":{"description":"successful operation"}},"parameters":[{"name":"DocEntry","type":"string"},{"name":"ItemCode","type":"string"},{"name":"ItemDescription","type":"string"}],"tags":["BatchNumberDetails"],"consumes":["application/json","application/xml"]}}},"host":"slcdemo.cfapps.sap.hana.ondemand.com","schemes":"https","definitions":{"BatchNumberDetail":{"type":"object","properties":{"Status":{"description":"BatchDetailServiceStatusEnum","type":"string","enum":["bdsStatus_NotAccessible","bdsStatus_Locked","bdsStatus_Released"]},"ItemCode":{"type":"string"},"AdmissionDate":{"type":"string"},"Details":{"type":"string"},"BatchAttribute2":{"type":"string"},"ExpirationDate":{"type":"string"},"SystemNumber":{"type":"integer"},"Batch":{"type":"string"},"ManufacturingDate":{"type":"string"},"DocEntry":{"type":"integer"},"BatchAttribute1":{"type":"string"},"ItemDescription":{"type":"string"}}},"BatchDetailServiceStatusEnum":{"type":"string","enum":["bdsStatus_NotAccessible","bdsStatus_Locked","bdsStatus_Released"]}},"swagger":"3.0","info":{"description":"This is a sample server Petstore server.","title":"Swagger For Service Layer","version":"1.0.0"},"tags":[{"name":"BatchNumberDetails","description":"This entity enables you to manipulate 'BatchNumberDetails'."}]}