{"basePath":"/b1s/v1/","paths":{"/BillOfExchangeTransactions(id)":{"get":{"produces":["application/json","application/xml"],"description":"Retrieve all or some selected properties from an instance of 'BillOfExchangeTransactions' with the given id.","responses":{"200":{"description":"successful operation"}},"parameters":[{"name":"StatusFrom","type":"string"},{"name":"StatusTo","type":"string"},{"name":"TransactionDate","type":"string"}],"tags":["BillOfExchangeTransactions"],"consumes":["application/json","application/xml"]}},"/BillOfExchangeTransactions":{"post":{"produces":["application/json","application/xml"],"description":"Create an instance of 'BillOfExchangeTransactions' with the given payload of type 'BillOfExchangeTransactions' in JSON format.","responses":{"200":{"description":"successful operation"}},"parameters":[{"schema":{"$ref":"#/definitions/BillOfExchangeTransactions"},"in":"body","name":"body"}],"tags":["BillOfExchangeTransactions"],"consumes":["application/json","application/xml"]},"get":{"produces":["application/json","application/xml"],"description":"Retrieve a collection of 'BillOfExchangeTransactions' with all or some selected properties in the given order by specifying the given filter condition.","responses":{"200":{"description":"successful operation"}},"parameters":[{"name":"StatusFrom","type":"string"},{"name":"StatusTo","type":"string"},{"name":"Transaction","type":"string"}],"tags":["BillOfExchangeTransactions"],"consumes":["application/json","application/xml"]}}},"host":"slcdemo.cfapps.sap.hana.ondemand.com","schemes":"https","definitions":{"BillOfExchangeTransBankPage":{"type":"object","properties":{"AccountCode":{"type":"string"},"Sequence":{"type":"integer"}}},"BoBOETypes":{"type":"string","enum":["bobt_Outgoing","bobt_Incoming"]},"BillOfExchangeTransactionLine":{"type":"object","properties":{"BillOfExchangeType":{"$ref":"#/definitions/BoBOETypes"},"BillOfExchangeNo":{"type":"integer"},"BillOfExchangeDueDate":{"type":"string"}}},"BoBOTFromStatus":{"type":"string","enum":["btfs_Deposited","btfs_Sent","btfs_Paid","btfs_Generated"]},"BoBOTToStatus":{"type":"string","enum":["btts_Paid","btts_Canceled","btts_Generated","btts_Closed","btts_Failed","btts_Deposit"]},"BoDepositPostingTypes":{"type":"string","enum":["dpt_Discounted","dpt_Collection"]},"BillOfExchangeTransactions":{"type":"object","properties":{"BillOfExchangeNo":{"type":"integer"},"BillOfExchangeTransDeposits":{"type":"array","items":{"$ref":"#/definitions/BillOfExchangeTransDeposit"}},"BillOfExchangeTransBankPages":{"type":"array","items":{"$ref":"#/definitions/BillOfExchangeTransBankPage"}},"TransactionNumber":{"type":"integer"},"BankCountry":{"type":"string"},"IsBoeReconciled":{"description":"BoYesNoEnum","type":"string","enum":["tYES","tNO"]},"BillOfExchangeTransactionLines":{"type":"array","items":{"$ref":"#/definitions/BillOfExchangeTransactionLine"}},"BillOfExchangeDueDate":{"type":"string"},"BankAccount":{"type":"string"},"Sequence":{"type":"integer"},"BOETransactionkey":{"type":"integer"},"StatusFrom":{"description":"BoBOTFromStatus","type":"string","enum":["btfs_Deposited","btfs_Sent","btfs_Paid","btfs_Generated"]},"BillOfExchangeType":{"description":"BoBOETypes","type":"string","enum":["bobt_Outgoing","bobt_Incoming"]},"PostingType":{"description":"BoDepositPostingTypes","type":"string","enum":["dpt_Discounted","dpt_Collection"]},"TransactionTime":{"type":"array","items":{}},"BankBranch":{"type":"string"},"PostingDate":{"type":"string"},"TaxDate":{"type":"string"},"DepositNorm":{"type":"string"},"BankDepositAccount":{"type":"string"},"AccountCode":{"type":"string"},"StatusTo":{"description":"BoBOTToStatus","type":"string","enum":["btts_Paid","btts_Canceled","btts_Generated","btts_Closed","btts_Failed","btts_Deposit"]},"TransactionDate":{"type":"string"}}},"BillOfExchangeTransDeposit":{"type":"object","properties":{"PostingType":{"$ref":"#/definitions/BoDepositPostingTypes"},"BankBranch":{"type":"string"},"BankCountry":{"type":"string"},"DepositNorm":{"type":"string"},"BankDepositAccount":{"type":"string"},"BankAccount":{"type":"string"}}},"BoYesNoEnum":{"type":"string","enum":["tYES","tNO"]}},"swagger":"3.0","info":{"description":"This is a sample server Petstore server.","title":"Swagger For Service Layer","version":"1.0.0"},"tags":[{"name":"BillOfExchangeTransactions","description":"This entity enables you to manipulate 'BillOfExchangeTransactions'."}]}