{"basePath":"/b1s/v1/","paths":{"/BinLocationAttributes(id)":{"patch":{"produces":["application/json","application/xml"],"description":"Update an instance of 'BinLocationAttributes' with the given payload of type 'BinLocationAttribute' in JSON format and with the specified id.","responses":{"200":{"description":"successful operation"}},"parameters":[{"schema":{"$ref":"#/definitions/BinLocationAttribute"},"in":"body","name":"body"}],"tags":["BinLocationAttributes"],"consumes":["application/json","application/xml"]},"get":{"produces":["application/json","application/xml"],"description":"Retrieve all or some selected properties from an instance of 'BinLocationAttributes' with the given id.","responses":{"200":{"description":"successful operation"}},"parameters":[{"name":"Attribute","type":"string"},{"name":"Code","type":"string"},{"name":"AbsEntry","type":"string"}],"tags":["BinLocationAttributes"],"consumes":["application/json","application/xml"]},"delete":{"produces":["application/json","application/xml"],"description":"Delete an instance of 'BinLocationAttributes' with the specified id.","responses":{"200":{"description":"successful operation"}},"parameters":[],"tags":["BinLocationAttributes"],"consumes":["application/json","application/xml"]}},"/BinLocationAttributes":{"post":{"produces":["application/json","application/xml"],"description":"Create an instance of 'BinLocationAttributes' with the given payload of type 'BinLocationAttribute' in JSON format.","responses":{"200":{"description":"successful operation"}},"parameters":[{"schema":{"$ref":"#/definitions/BinLocationAttribute"},"in":"body","name":"body"}],"tags":["BinLocationAttributes"],"consumes":["application/json","application/xml"]},"get":{"produces":["application/json","application/xml"],"description":"Retrieve a collection of 'BinLocationAttributes' with all or some selected properties in the given order by specifying the given filter condition.","responses":{"200":{"description":"successful operation"}},"parameters":[{"name":"Attribute","type":"string"},{"name":"Code","type":"string"},{"name":"AbsE","type":"string"}],"tags":["BinLocationAttributes"],"consumes":["application/json","application/xml"]}}},"host":"slcdemo.cfapps.sap.hana.ondemand.com","schemes":"https","definitions":{"BinLocationAttribute":{"type":"object","properties":{"Attribute":{"type":"integer"},"AbsEntry":{"type":"integer"},"Code":{"type":"string"}}}},"swagger":"3.0","info":{"description":"This is a sample server Petstore server.","title":"Swagger For Service Layer","version":"1.0.0"},"tags":[{"name":"BinLocationAttributes","description":"This entity enables you to manipulate 'BinLocationAttributes'."}]}