{"basePath":"/b1s/v1/","paths":{"/BinLocationFields":{"get":{"produces":["application/json","application/xml"],"description":"Retrieve a collection of 'BinLocationFields' with all or some selected properties in the given order by specifying the given filter condition.","responses":{"200":{"description":"successful operation"}},"parameters":[{"name":"AbsEntry","type":"string"},{"name":"FieldType","type":"string"},{"name":"FieldNu","type":"string"}],"tags":["BinLocationFields"],"consumes":["application/json","application/xml"]}},"/BinLocationFields(id)":{"patch":{"produces":["application/json","application/xml"],"description":"Update an instance of 'BinLocationFields' with the given payload of type 'BinLocationField' in JSON format and with the specified id.","responses":{"200":{"description":"successful operation"}},"parameters":[{"schema":{"$ref":"#/definitions/BinLocationField"},"in":"body","name":"body"}],"tags":["BinLocationFields"],"consumes":["application/json","application/xml"]},"get":{"produces":["application/json","application/xml"],"description":"Retrieve all or some selected properties from an instance of 'BinLocationFields' with the given id.","responses":{"200":{"description":"successful operation"}},"parameters":[{"name":"AbsEntry","type":"string"},{"name":"FieldType","type":"string"},{"name":"FieldNumber","type":"string"}],"tags":["BinLocationFields"],"consumes":["application/json","application/xml"]}}},"host":"slcdemo.cfapps.sap.hana.ondemand.com","schemes":"https","definitions":{"BinLocationField":{"type":"object","properties":{"FieldNumber":{"type":"integer"},"Activated":{"description":"BoYesNoEnum","type":"string","enum":["tYES","tNO"]},"DefaultFieldName":{"type":"string"},"AbsEntry":{"type":"integer"},"FieldType":{"description":"BinLocationFieldTypeEnum","type":"string","enum":["blftWarehouseSublevel","blftBinLocationAttribute"]},"Name":{"type":"string"}}},"BoYesNoEnum":{"type":"string","enum":["tYES","tNO"]},"BinLocationFieldTypeEnum":{"type":"string","enum":["blftWarehouseSublevel","blftBinLocationAttribute"]}},"swagger":"3.0","info":{"description":"This is a sample server Petstore server.","title":"Swagger For Service Layer","version":"1.0.0"},"tags":[{"name":"BinLocationFields","description":"This entity enables you to manipulate 'BinLocationFields'."}]}