{"basePath":"/b1s/v1/","paths":{"/BinLocations(id)":{"patch":{"produces":["application/json","application/xml"],"description":"Update an instance of 'BinLocations' with the given payload of type 'BinLocation' in JSON format and with the specified id.","responses":{"200":{"description":"successful operation"}},"parameters":[{"schema":{"$ref":"#/definitions/BinLocation"},"in":"body","name":"body"}],"tags":["BinLocations"],"consumes":["application/json","application/xml"]},"get":{"produces":["application/json","application/xml"],"description":"Retrieve all or some selected properties from an instance of 'BinLocations' with the given id.","responses":{"200":{"description":"successful operation"}},"parameters":[{"name":"AbsEntry","type":"string"},{"name":"Warehouse","type":"string"},{"name":"Sublevel1","type":"string"}],"tags":["BinLocations"],"consumes":["application/json","application/xml"]},"delete":{"produces":["application/json","application/xml"],"description":"Delete an instance of 'BinLocations' with the specified id.","responses":{"200":{"description":"successful operation"}},"parameters":[],"tags":["BinLocations"],"consumes":["application/json","application/xml"]}},"/BinLocations":{"post":{"produces":["application/json","application/xml"],"description":"Create an instance of 'BinLocations' with the given payload of type 'BinLocation' in JSON format.","responses":{"200":{"description":"successful operation"}},"parameters":[{"schema":{"$ref":"#/definitions/BinLocation"},"in":"body","name":"body"}],"tags":["BinLocations"],"consumes":["application/json","application/xml"]},"get":{"produces":["application/json","application/xml"],"description":"Retrieve a collection of 'BinLocations' with all or some selected properties in the given order by specifying the given filter condition.","responses":{"200":{"description":"successful operation"}},"parameters":[{"name":"AbsEntry","type":"string"},{"name":"Warehouse","type":"string"},{"name":"Suble","type":"string"}],"tags":["BinLocations"],"consumes":["application/json","application/xml"]}}},"host":"slcdemo.cfapps.sap.hana.ondemand.com","schemes":"https","definitions":{"BinRestrictItemEnum":{"type":"string","enum":["briSpecificItemGroup","briSpecificItem","briNone","briSpecificItemGroupOnly","briSingleItemOnly"]},"BinRestrictUoMEnum":{"type":"string","enum":["bruNone","bruSpecificUoM","bruSpecificUoMGroupOnly","bruSingleUoMOnly","bruSpecificUoMGroup"]},"BinRestrictTransactionEnum":{"type":"string","enum":["brtNoRestrictions","brtOutboundTrans","brtInboundTrans","brtAllExceptInventoryTrans","brtAllTrans"]},"BinRestrictionBatchEnum":{"type":"string","enum":["brbNoRestrictions","brbSingleBatch"]},"BinLocation":{"type":"object","properties":{"Sublevel2":{"type":"string"},"Sublevel3":{"type":"string"},"Warehouse":{"type":"string"},"BinCode":{"type":"string"},"Attribute9":{"type":"string"},"MaximumWeightUnit":{"type":"integer"},"Sublevel1":{"type":"string"},"Description":{"type":"string"},"Attribute8":{"type":"string"},"Attribute7":{"type":"string"},"Attribute6":{"type":"string"},"Attribute5":{"type":"string"},"BarCode":{"type":"string"},"Attribute4":{"type":"string"},"Attribute3":{"type":"string"},"Attribute2":{"type":"string"},"SpecificItemGroup":{"type":"integer"},"Attribute1":{"type":"string"},"AbsEntry":{"type":"integer"},"MaximumWeight":{"type":"number"},"RestrictedItemType":{"description":"BinRestrictItemEnum","type":"string","enum":["briSpecificItemGroup","briSpecificItem","briNone","briSpecificItemGroupOnly","briSingleItemOnly"]},"SpecificUoM":{"type":"integer"},"MinimumQty":{"type":"number"},"DateRestrictionChanged":{"type":"string"},"Inactive":{"description":"BoYesNoEnum","type":"string","enum":["tYES","tNO"]},"AlternativeSortCode":{"type":"string"},"SpecificUoMGroup":{"type":"integer"},"IsSystemBin":{"description":"BoYesNoEnum","type":"string","enum":["tYES","tNO"]},"Sublevel4":{"type":"string"},"ReceivingBinLocation":{"description":"BoYesNoEnum","type":"string","enum":["tYES","tNO"]},"ExcludeAutoAllocOnIssue":{"description":"BoYesNoEnum","type":"string","enum":["tYES","tNO"]},"Attribute10":{"type":"string"},"RestrictionReason":{"type":"string"},"MaximumWeight1":{"type":"number"},"MaximumQty":{"type":"number"},"SpecificItem":{"type":"string"},"BatchRestrictions":{"description":"BinRestrictionBatchEnum","type":"string","enum":["brbNoRestrictions","brbSingleBatch"]},"RestrictedTransType":{"description":"BinRestrictTransactionEnum","type":"string","enum":["brtNoRestrictions","brtOutboundTrans","brtInboundTrans","brtAllExceptInventoryTrans","brtAllTrans"]},"RestrictedUoMType":{"description":"BinRestrictUoMEnum","type":"string","enum":["bruNone","bruSpecificUoM","bruSpecificUoMGroupOnly","bruSingleUoMOnly","bruSpecificUoMGroup"]},"MaximumWeightUnit1":{"type":"integer"}}},"BoYesNoEnum":{"type":"string","enum":["tYES","tNO"]}},"swagger":"3.0","info":{"description":"This is a sample server Petstore server.","title":"Swagger For Service Layer","version":"1.0.0"},"tags":[{"name":"BinLocations","description":"This entity enables you to manipulate 'BinLocations'."}]}