{"basePath":"/b1s/v1/","paths":{"/BlanketAgreements(id)":{"patch":{"produces":["application/json","application/xml"],"description":"\n\t\t\t\t\tUpdate an instance of 'BlanketAgreements' with the given payload of type 'BlanketAgreement' in JSON format and with the specified id.\n\t\t\t\t","responses":{"200":{"description":"successful operation"}},"parameters":[{"schema":{"$ref":"#/definitions/BlanketAgreement"},"in":"body","name":"body"}],"tags":["BlanketAgreements"],"consumes":["application/json","application/xml"]},"get":{"produces":["application/json","application/xml"],"description":"\n\t\t\t\t\tRetrieve all or some selected properties from an instance of 'BlanketAgreements' with the given id.\n\t\t\t\t","responses":{"200":{"description":"successful operation"}},"parameters":[{"name":"AgreementNo","type":"string"},{"name":"BPCode","type":"string"},{"name":"BPName","type":"string"}],"tags":["BlanketAgreements"],"consumes":["application/json","application/xml"]}},"/BlanketAgreements(id)/GetRelatedDocuments":{"post":{"produces":["application/json","application/xml"],"description":"\n\t\t\t\t\tInvoke the method 'GetRelatedDocuments' on this EntitySet with the specified id.\n\t\t\t\t","responses":{"200":{"description":"successful operation"}},"parameters":[{"schema":{"$ref":"#/definitions/BlanketAgreement"},"in":"body","name":"body"}],"tags":["BlanketAgreements"],"consumes":["application/json","application/xml"]}},"/BlanketAgreements":{"post":{"produces":["application/json","application/xml"],"description":"\n\t\t\t\t\tCreate an instance of 'BlanketAgreements' with the given payload of type 'BlanketAgreement' in JSON format.\n\t\t\t\t","responses":{"200":{"description":"successful operation"}},"parameters":[{"schema":{"$ref":"#/definitions/BlanketAgreement"},"in":"body","name":"body"}],"tags":["BlanketAgreements"],"consumes":["application/json","application/xml"]},"get":{"produces":["application/json","application/xml"],"description":"\n\t\t\t\t\tRetrieve a collection of 'BlanketAgreements' with all or some selected properties in the given order by specifying the given filter condition.\n\t\t\t\t","responses":{"200":{"description":"successful operation"}},"parameters":[{"name":"AgreementNo","type":"string"},{"name":"BPCode","type":"string"},{"name":"BP","type":"string"}],"tags":["BlanketAgreements"],"consumes":["application/json","application/xml"]}},"/BlanketAgreements(id)/CancelBlanketAgreement":{"post":{"produces":["application/json","application/xml"],"description":"\n\t\t\t\t\tInvoke the method 'CancelBlanketAgreement' on this EntitySet with the specified id.\n\t\t\t\t","responses":{"200":{"description":"successful operation"}},"parameters":[{"schema":{"$ref":"#/definitions/BlanketAgreement"},"in":"body","name":"body"}],"tags":["BlanketAgreements"],"consumes":["application/json","application/xml"]}}},"host":"slcdemo.cfapps.sap.hana.ondemand.com","schemes":"https","definitions":{"BlanketAgreements_ItemsLine":{"type":"object","properties":{"PlannedAmountFC":{"type":"number"},"UoMEntry":{"type":"integer"},"EndOfWarranty":{"type":"string"},"PlannedAmountLC":{"type":"number"},"AgreementNo":{"type":"integer"},"ItemDescription":{"type":"string"},"CumulativeQuantity":{"type":"number"},"LineDiscount":{"type":"number"},"CumulativeAmountLC":{"type":"number"},"FreeText":{"type":"string"},"UnitPrice":{"type":"number"},"ItemGroup":{"type":"integer"},"InventoryUoM":{"type":"string"},"UnitsOfMeasurement":{"type":"number"},"PlannedQuantity":{"type":"number"},"BlanketAgreements_DetailsLines":{"type":"array","items":{"$ref":"#/definitions/BlanketAgreements_DetailsLine"}},"ItemNo":{"type":"string"},"UoMCode":{"type":"string"},"CumulativeAmountFC":{"type":"number"},"PriceCurrency":{"type":"string"},"PortionOfReturns":{"type":"number"},"AgreementRowNumber":{"type":"integer"}}},"BoRemindUnits":{"type":"string","enum":["reu_Days","reu_Weeks","reu_Month"]},"BlanketAgreementDatePeriodsEnum":{"type":"string","enum":["OneTime","Monthly","Daily","Annually","Quarterly","Semiannually","Weekly"]},"BlanketAgreementStatusEnum":{"type":"string","enum":["asTerminated","asOnHold","asDraft","asApproved"]},"BlanketAgreement":{"type":"object","properties":{"PlannedAmountFC":{"type":"number"},"Owner":{"type":"integer"},"AmendmentTo":{"type":"integer"},"SettlementProbability":{"type":"number"},"PeriodIndicator":{"type":"string"},"Renewal":{"description":"BoYesNoEnum","type":"string","enum":["tYES","tNO"]},"StartDate":{"type":"string"},"Remarks":{"type":"string"},"PlannedQuantity":{"type":"number"},"IgnorePricesInAgreement":{"description":"BoYesNoEnum","type":"string","enum":["tYES","tNO"]},"CumulativeAmountFC":{"type":"number"},"To":{"type":"string"},"DocNum":{"type":"integer"},"PortionOfReturns":{"type":"number"},"Status":{"description":"BlanketAgreementStatusEnum","type":"string","enum":["asTerminated","asOnHold","asDraft","asApproved"]},"RemindTime":{"type":"integer"},"UoMEntry":{"type":"integer"},"EndOfWarranty":{"type":"string"},"BlanketAgreements_ItemsLines":{"type":"array","items":{"$ref":"#/definitions/BlanketAgreements_ItemsLine"}},"ContactPersonCode":{"type":"integer"},"UnitsOfMeasurement":{"type":"number"},"PaymentMethod":{"type":"string"},"PriceCurrency":{"type":"string"},"AgreementType":{"description":"BlanketAgreementTypeEnum","type":"string","enum":["atGeneral","atSpecific"]},"HandWritten":{"description":"BoYesNoEnum","type":"string","enum":["tYES","tNO"]},"AgreementEffectiveRowNumber":{"type":"integer"},"Warehouse":{"type":"string"},"Description":{"type":"string"},"PaymentTerms":{"type":"integer"},"PlannedAmountLC":{"type":"number"},"AgreementNo":{"type":"integer"},"SigningDate":{"type":"string"},"ItemDescription":{"type":"string"},"LineDiscount":{"type":"number"},"CumulativeAmountLC":{"type":"number"},"ReleaseInformation":{"type":"string"},"ConsumeSalesForecast":{"description":"BoYesNoEnum","type":"string","enum":["tYES","tNO"]},"InventoryUoM":{"type":"string"},"BPName":{"type":"string"},"BlanketAgreements_DetailsLines":{"type":"array","items":{"$ref":"#/definitions/BlanketAgreements_DetailsLine"}},"UoMCode":{"type":"string"},"PriceList":{"type":"integer"},"AgreementRowNumber":{"type":"integer"},"Quantity":{"type":"number"},"AttachmentEntry":{"type":"integer"},"From":{"type":"string"},"EndDate":{"type":"string"},"TerminateDate":{"type":"string"},"CumulativeQuantity":{"type":"number"},"FreeText":{"type":"string"},"Series":{"type":"integer"},"UnitPrice":{"type":"number"},"ItemGroup":{"type":"integer"},"AgreementMethod":{"description":"BlanketAgreementMethodEnum","type":"string","enum":["amItem","amMonetary"]},"ItemNo":{"type":"string"},"Frequency":{"description":"BlanketAgreementDatePeriodsEnum","type":"string","enum":["OneTime","Monthly","Daily","Annually","Quarterly","Semiannually","Weekly"]},"RemindUnit":{"description":"BoRemindUnits","type":"string","enum":["reu_Days","reu_Weeks","reu_Month"]},"BPCode":{"type":"string"}}},"BlanketAgreementMethodEnum":{"type":"string","enum":["amItem","amMonetary"]},"BlanketAgreements_DetailsLine":{"type":"object","properties":{"PlannedAmountFC":{"type":"number"},"AgreementEffectiveRowNumber":{"type":"integer"},"Warehouse":{"type":"string"},"Quantity":{"type":"number"},"From":{"type":"string"},"PlannedAmountLC":{"type":"number"},"AgreementNo":{"type":"integer"},"ReleaseInformation":{"type":"string"},"FreeText":{"type":"string"},"ConsumeSalesForecast":{"$ref":"#/definitions/BoYesNoEnum"},"Frequency":{"$ref":"#/definitions/BlanketAgreementDatePeriodsEnum"},"To":{"type":"string"},"AgreementRowNumber":{"type":"integer"}}},"BlanketAgreementTypeEnum":{"type":"string","enum":["atGeneral","atSpecific"]},"BoYesNoEnum":{"type":"string","enum":["tYES","tNO"]}},"swagger":"3.0","info":{"description":"This is a sample server Petstore server.","title":"Swagger For Service Layer","version":"1.0.0"},"tags":[{"name":"BlanketAgreements","description":"\n\t\t\tThis entity enables you to manipulate 'BlanketAgreements'.\n\t\t"}]}