{"basePath":"/b1s/v1/","paths":{"/BOEDocumentTypes":{"post":{"produces":["application/json","application/xml"],"description":"\n\t\t\t\t\tCreate an instance of 'BOEDocumentTypes' with the given payload of type 'BOEDocumentType' in JSON format.\n\t\t\t\t","responses":{"200":{"description":"successful operation"}},"parameters":[{"schema":{"$ref":"#/definitions/BOEDocumentType"},"in":"body","name":"body"}],"tags":["BOEDocumentTypes"],"consumes":["application/json","application/xml"]},"get":{"produces":["application/json","application/xml"],"description":"\n\t\t\t\t\tRetrieve a collection of 'BOEDocumentTypes' with all or some selected properties in the given order by specifying the given filter condition.\n\t\t\t\t","responses":{"200":{"description":"successful operation"}},"parameters":[{"name":"DocEntry","type":"string"},{"name":"DocType","type":"string"},{"name":"DocDescrip","type":"string"}],"tags":["BOEDocumentTypes"],"consumes":["application/json","application/xml"]}},"/BOEDocumentTypes(id)":{"patch":{"produces":["application/json","application/xml"],"description":"\n\t\t\t\t\tUpdate an instance of 'BOEDocumentTypes' with the given payload of type 'BOEDocumentType' in JSON format and with the specified id.\n\t\t\t\t","responses":{"200":{"description":"successful operation"}},"parameters":[{"schema":{"$ref":"#/definitions/BOEDocumentType"},"in":"body","name":"body"}],"tags":["BOEDocumentTypes"],"consumes":["application/json","application/xml"]},"get":{"produces":["application/json","application/xml"],"description":"\n\t\t\t\t\tRetrieve all or some selected properties from an instance of 'BOEDocumentTypes' with the given id.\n\t\t\t\t","responses":{"200":{"description":"successful operation"}},"parameters":[{"name":"DocEntry","type":"string"},{"name":"DocType","type":"string"},{"name":"DocDescription","type":"string"}],"tags":["BOEDocumentTypes"],"consumes":["application/json","application/xml"]},"delete":{"produces":["application/json","application/xml"],"description":"\n\t\t\t\t\tDelete an instance of 'BOEDocumentTypes' with the specified id.\n\t\t\t\t","responses":{"200":{"description":"successful operation"}},"parameters":[],"tags":["BOEDocumentTypes"],"consumes":["application/json","application/xml"]}}},"host":"slcdemo.cfapps.sap.hana.ondemand.com","schemes":"https","definitions":{"BOEDocumentType":{"type":"object","properties":{"DocEntry":{"type":"integer"},"DocType":{"type":"string"},"DocDescription":{"type":"string"}}}},"swagger":"3.0","info":{"description":"This is a sample server Petstore server.","title":"Swagger For Service Layer","version":"1.0.0"},"tags":[{"name":"BOEDocumentTypes","description":"\n\t\t\tThis entity enables you to manipulate 'BOEDocumentTypes'.\n\t\t"}]}