{"basePath":"/b1s/v1/","paths":{"/BOEInstructions":{"post":{"produces":["application/json","application/xml"],"description":"\n\t\t\t\t\tCreate an instance of 'BOEInstructions' with the given payload of type 'BOEInstruction' in JSON format.\n\t\t\t\t","responses":{"200":{"description":"successful operation"}},"parameters":[{"schema":{"$ref":"#/definitions/BOEInstruction"},"in":"body","name":"body"}],"tags":["BOEInstructions"],"consumes":["application/json","application/xml"]},"get":{"produces":["application/json","application/xml"],"description":"\n\t\t\t\t\tRetrieve a collection of 'BOEInstructions' with all or some selected properties in the given order by specifying the given filter condition.\n\t\t\t\t","responses":{"200":{"description":"successful operation"}},"parameters":[{"name":"InstructionEntry","type":"string"},{"name":"InstructionCode","type":"string"},{"name":"Instruction","type":"string"}],"tags":["BOEInstructions"],"consumes":["application/json","application/xml"]}},"/BOEInstructions(id)":{"patch":{"produces":["application/json","application/xml"],"description":"\n\t\t\t\t\tUpdate an instance of 'BOEInstructions' with the given payload of type 'BOEInstruction' in JSON format and with the specified id.\n\t\t\t\t","responses":{"200":{"description":"successful operation"}},"parameters":[{"schema":{"$ref":"#/definitions/BOEInstruction"},"in":"body","name":"body"}],"tags":["BOEInstructions"],"consumes":["application/json","application/xml"]},"get":{"produces":["application/json","application/xml"],"description":"\n\t\t\t\t\tRetrieve all or some selected properties from an instance of 'BOEInstructions' with the given id.\n\t\t\t\t","responses":{"200":{"description":"successful operation"}},"parameters":[{"name":"InstructionEntry","type":"string"},{"name":"InstructionCode","type":"string"},{"name":"InstructionDesc","type":"string"}],"tags":["BOEInstructions"],"consumes":["application/json","application/xml"]},"delete":{"produces":["application/json","application/xml"],"description":"\n\t\t\t\t\tDelete an instance of 'BOEInstructions' with the specified id.\n\t\t\t\t","responses":{"200":{"description":"successful operation"}},"parameters":[],"tags":["BOEInstructions"],"consumes":["application/json","application/xml"]}}},"host":"slcdemo.cfapps.sap.hana.ondemand.com","schemes":"https","definitions":{"BOEInstruction":{"type":"object","properties":{"IsCancelInstruction":{"description":"BoYesNoEnum","type":"string","enum":["tYES","tNO"]},"InstructionDesc":{"type":"string"},"InstructionEntry":{"type":"integer"},"InstructionCode":{"type":"string"}}},"BoYesNoEnum":{"type":"string","enum":["tYES","tNO"]}},"swagger":"3.0","info":{"description":"This is a sample server Petstore server.","title":"Swagger For Service Layer","version":"1.0.0"},"tags":[{"name":"BOEInstructions","description":"\n\t\t\tThis entity enables you to manipulate 'BOEInstructions'.\n\t\t"}]}