{"basePath":"/b1s/v1/","paths":{"/BOEInstructionsService_GetBOEInstructionList":{"post":{"produces":["application/json","application/xml"],"description":"\n\t\t\t\t\tInvoke the method 'GetBOEInstructionList' on this service.\n\t\t\t\t","responses":{"200":{"description":"successful operation"}},"parameters":[{"schema":{"$ref":"#/definitions/BOEInstruction"},"in":"body","name":"body"}],"tags":["BOEInstructionsService"],"consumes":["application/json","application/xml"]}}},"host":"slcdemo.cfapps.sap.hana.ondemand.com","schemes":"https","definitions":{"BOEInstruction":{"type":"object","properties":{}}},"swagger":"3.0","info":{"description":"This is a sample server Petstore server.","title":"Swagger For Service Layer","version":"1.0.0"},"tags":[{"name":"BOEInstructionsService","description":"\n\t\t\tThis API enables you to invoke the interfaces defined on 'BOEInstructionsService'.\n\t\t"}]}