{"basePath":"/b1s/v1/","paths":{"/BOELinesService_GetBOELine":{"post":{"produces":["application/json","application/xml"],"description":"\n\t\t\t\t\tInvoke the method 'GetBOELine' on this service by specifying the payload 'BOELineParams' in the JSON format.\n\t\t\t\t","responses":{"200":{"description":"successful operation"}},"parameters":[{"schema":{"$ref":"#/definitions/BOEInstruction"},"in":"body","name":"body"}],"tags":["BOELinesService"],"consumes":["application/json","application/xml"]}}},"host":"slcdemo.cfapps.sap.hana.ondemand.com","schemes":"https","definitions":{"BOELineParams":{"type":"object","properties":{"BOEKey":{"type":"integer"}}},"BOEInstruction":{"type":"object","properties":{}}},"swagger":"3.0","info":{"description":"This is a sample server Petstore server.","title":"Swagger For Service Layer","version":"1.0.0"},"tags":[{"name":"BOELinesService","description":"\n\t\t\tThis API enables you to invoke the interfaces defined on 'BOELinesService'.\n\t\t"}]}