{"basePath":"/b1s/v1/","paths":{"/BOEPortfolios(id)":{"patch":{"produces":["application/json","application/xml"],"description":"\n\t\t\t\t\tUpdate an instance of 'BOEPortfolios' with the given payload of type 'BOEPortfolio' in JSON format and with the specified id.\n\t\t\t\t","responses":{"200":{"description":"successful operation"}},"parameters":[{"schema":{"$ref":"#/definitions/BOEPortfolio"},"in":"body","name":"body"}],"tags":["BOEPortfolios"],"consumes":["application/json","application/xml"]},"get":{"produces":["application/json","application/xml"],"description":"\n\t\t\t\t\tRetrieve all or some selected properties from an instance of 'BOEPortfolios' with the given id.\n\t\t\t\t","responses":{"200":{"description":"successful operation"}},"parameters":[{"name":"PortfolioEntry","type":"string"},{"name":"PortfolioID","type":"string"},{"name":"PortfolioCode","type":"string"}],"tags":["BOEPortfolios"],"consumes":["application/json","application/xml"]},"delete":{"produces":["application/json","application/xml"],"description":"\n\t\t\t\t\tDelete an instance of 'BOEPortfolios' with the specified id.\n\t\t\t\t","responses":{"200":{"description":"successful operation"}},"parameters":[],"tags":["BOEPortfolios"],"consumes":["application/json","application/xml"]}},"/BOEPortfolios":{"post":{"produces":["application/json","application/xml"],"description":"\n\t\t\t\t\tCreate an instance of 'BOEPortfolios' with the given payload of type 'BOEPortfolio' in JSON format.\n\t\t\t\t","responses":{"200":{"description":"successful operation"}},"parameters":[{"schema":{"$ref":"#/definitions/BOEPortfolio"},"in":"body","name":"body"}],"tags":["BOEPortfolios"],"consumes":["application/json","application/xml"]},"get":{"produces":["application/json","application/xml"],"description":"\n\t\t\t\t\tRetrieve a collection of 'BOEPortfolios' with all or some selected properties in the given order by specifying the given filter condition.\n\t\t\t\t","responses":{"200":{"description":"successful operation"}},"parameters":[{"name":"PortfolioEntry","type":"string"},{"name":"PortfolioID","type":"string"},{"name":"Portfolio","type":"string"}],"tags":["BOEPortfolios"],"consumes":["application/json","application/xml"]}}},"host":"slcdemo.cfapps.sap.hana.ondemand.com","schemes":"https","definitions":{"BOEPortfolio":{"type":"object","properties":{"PortfolioNum":{"type":"string"},"PortfolioID":{"type":"string"},"PortfolioEntry":{"type":"integer"},"PortfolioDescription":{"type":"string"},"PortfolioCode":{"type":"string"}}}},"swagger":"3.0","info":{"description":"This is a sample server Petstore server.","title":"Swagger For Service Layer","version":"1.0.0"},"tags":[{"name":"BOEPortfolios","description":"\n\t\t\tThis entity enables you to manipulate 'BOEPortfolios'.\n\t\t"}]}