{"basePath":"/b1s/v1/","paths":{"/BPOpeningBalanceService_CreateOpenBalance":{"post":{"produces":["application/json","application/xml"],"description":"\n\t\t\t\t\tInvoke the method 'CreateOpenBalance' on this service by specifying the payload 'OpenningBalanceAccount,BPCodes' in the JSON format.\n\t\t\t\t","responses":{"200":{"description":"successful operation"}},"parameters":[{"schema":{"$ref":"#/definitions/BOEPortfolio"},"in":"body","name":"body"}],"tags":["BPOpeningBalanceService"],"consumes":["application/json","application/xml"]}}},"host":"slcdemo.cfapps.sap.hana.ondemand.com","schemes":"https","definitions":{"OpenningBalanceAccount":{"type":"object","properties":{"Details":{"type":"string"},"OpenBalanceAccount":{"type":"string"},"Ref1":{"type":"string"},"Ref2":{"type":"string"},"Date":{"type":"string"}}},"BOEPortfolio":{"type":"object","properties":{}},"BPCode":{"type":"object","properties":{"Debit":{"type":"number"},"SystemCredit":{"type":"number"},"Credit":{"type":"number"},"ForeignCredit":{"type":"number"},"ForeignCurrency":{"type":"string"},"BpCtrlAcct":{"type":"string"},"SystemDebit":{"type":"number"},"ForeignDebit":{"type":"number"},"DueDate":{"type":"string"},"Code":{"type":"string"}}}},"swagger":"3.0","info":{"description":"This is a sample server Petstore server.","title":"Swagger For Service Layer","version":"1.0.0"},"tags":[{"name":"BPOpeningBalanceService","description":"\n\t\t\tThis API enables you to invoke the interfaces defined on 'BPOpeningBalanceService'.\n\t\t"}]}