{"basePath":"/b1s/v1/","paths":{"/BPPriorities":{"post":{"produces":["application/json","application/xml"],"description":"Create an instance of 'BPPriorities' with the given payload of type 'BPPriority' in JSON format.","responses":{"200":{"description":"successful operation"}},"parameters":[{"schema":{"$ref":"#/definitions/BPPriority"},"in":"body","name":"body"}],"tags":["BPPriorities"],"consumes":["application/json","application/xml"]},"get":{"produces":["application/json","application/xml"],"description":"Retrieve a collection of 'BPPriorities' with all or some selected properties in the given order by specifying the given filter condition.","responses":{"200":{"description":"successful operation"}},"parameters":[{"name":"Priority","type":"string"},{"name":"PriorityDescrip","type":"string"}],"tags":["BPPriorities"],"consumes":["application/json","application/xml"]}},"/BPPriorities(id)":{"patch":{"produces":["application/json","application/xml"],"description":"Update an instance of 'BPPriorities' with the given payload of type 'BPPriority' in JSON format and with the specified id.","responses":{"200":{"description":"successful operation"}},"parameters":[{"schema":{"$ref":"#/definitions/BPPriority"},"in":"body","name":"body"}],"tags":["BPPriorities"],"consumes":["application/json","application/xml"]},"get":{"produces":["application/json","application/xml"],"description":"Retrieve all or some selected properties from an instance of 'BPPriorities' with the given id.","responses":{"200":{"description":"successful operation"}},"parameters":[{"name":"Priority","type":"string"},{"name":"PriorityDescription","type":"string"}],"tags":["BPPriorities"],"consumes":["application/json","application/xml"]},"delete":{"produces":["application/json","application/xml"],"description":"Delete an instance of 'BPPriorities' with the specified id.","responses":{"200":{"description":"successful operation"}},"parameters":[],"tags":["BPPriorities"],"consumes":["application/json","application/xml"]}}},"host":"slcdemo.cfapps.sap.hana.ondemand.com","schemes":"https","definitions":{"BPPriority":{"type":"object","properties":{"Priority":{"type":"integer"},"PriorityDescription":{"type":"string"}}}},"swagger":"3.0","info":{"description":"This is a sample server Petstore server.","title":"Swagger For Service Layer","version":"1.0.0"},"tags":[{"name":"BPPriorities","description":"This entity enables you to manipulate 'BPPriorities'."}]}