{"basePath":"/b1s/v1/","paths":{"/BrazilBeverageIndexers":{"post":{"produces":["application/json","application/xml"],"description":"\n\t\t\t\t\tCreate an instance of 'BrazilBeverageIndexers' with the given payload of type 'BrazilBeverageIndexer' in JSON format.\n\t\t\t\t","responses":{"200":{"description":"successful operation"}},"parameters":[{"schema":{"$ref":"#/definitions/BrazilBeverageIndexer"},"in":"body","name":"body"}],"tags":["BrazilBeverageIndexers"],"consumes":["application/json","application/xml"]},"get":{"produces":["application/json","application/xml"],"description":"\n\t\t\t\t\tRetrieve a collection of 'BrazilBeverageIndexers' with all or some selected properties in the given order by specifying the given filter condition.\n\t\t\t\t","responses":{"200":{"description":"successful operation"}},"parameters":[{"name":"BeverageGroupCode","type":"string"},{"name":"BeverageTableCode","type":"string"},{"name":"BeverageCommercialBrand","type":"string"}],"tags":["BrazilBeverageIndexers"],"consumes":["application/json","application/xml"]}},"/BrazilBeverageIndexers(id)":{"get":{"produces":["application/json","application/xml"],"description":"\n\t\t\t\t\tRetrieve all or some selected properties from an instance of 'BrazilBeverageIndexers' with the given id.\n\t\t\t\t","responses":{"200":{"description":"successful operation"}},"parameters":[{"name":"BeverageGroupCode","type":"string"},{"name":"BeverageTableCode","type":"string"},{"name":"BeverageCommercialBrandCode","type":"string"}],"tags":["BrazilBeverageIndexers"],"consumes":["application/json","application/xml"]},"delete":{"produces":["application/json","application/xml"],"description":"\n\t\t\t\t\tDelete an instance of 'BrazilBeverageIndexers' with the specified id.\n\t\t\t\t","responses":{"200":{"description":"successful operation"}},"parameters":[],"tags":["BrazilBeverageIndexers"],"consumes":["application/json","application/xml"]}}},"host":"slcdemo.cfapps.sap.hana.ondemand.com","schemes":"https","definitions":{"BrazilBeverageIndexer":{"type":"object","properties":{"BeverageID":{"type":"integer"},"BeverageTableCode":{"type":"string"},"BeverageGroupCode":{"type":"string"},"BeverageCommercialBrandCode":{"type":"integer"}}}},"swagger":"3.0","info":{"description":"This is a sample server Petstore server.","title":"Swagger For Service Layer","version":"1.0.0"},"tags":[{"name":"BrazilBeverageIndexers","description":"\n\t\t\tThis entity enables you to manipulate 'BrazilBeverageIndexers'.\n\t\t"}]}