{"basePath":"/b1s/v1/","paths":{"/BrazilNumericIndexers(id)/GetIndexerTypeList":{"post":{"produces":["application/json","application/xml"],"description":"\n\t\t\t\t\tInvoke the method 'GetIndexerTypeList' on this EntitySet with the specified id.\n\t\t\t\t","responses":{"200":{"description":"successful operation"}},"parameters":[{"schema":{"$ref":"#/definitions/BrazilNumericIndexer"},"in":"body","name":"body"}],"tags":["BrazilNumericIndexers"],"consumes":["application/json","application/xml"]}},"/BrazilNumericIndexers":{"post":{"produces":["application/json","application/xml"],"description":"\n\t\t\t\t\tCreate an instance of 'BrazilNumericIndexers' with the given payload of type 'BrazilNumericIndexer' in JSON format.\n\t\t\t\t","responses":{"200":{"description":"successful operation"}},"parameters":[{"schema":{"$ref":"#/definitions/BrazilNumericIndexer"},"in":"body","name":"body"}],"tags":["BrazilNumericIndexers"],"consumes":["application/json","application/xml"]},"get":{"produces":["application/json","application/xml"],"description":"\n\t\t\t\t\tRetrieve a collection of 'BrazilNumericIndexers' with all or some selected properties in the given order by specifying the given filter condition.\n\t\t\t\t","responses":{"200":{"description":"successful operation"}},"parameters":[{"name":"IndexerType","type":"string"},{"name":"Code","type":"string"},{"name":"Descrip","type":"string"}],"tags":["BrazilNumericIndexers"],"consumes":["application/json","application/xml"]}},"/BrazilNumericIndexers(id)":{"get":{"produces":["application/json","application/xml"],"description":"\n\t\t\t\t\tRetrieve all or some selected properties from an instance of 'BrazilNumericIndexers' with the given id.\n\t\t\t\t","responses":{"200":{"description":"successful operation"}},"parameters":[{"name":"IndexerType","type":"string"},{"name":"Code","type":"string"},{"name":"Description","type":"string"}],"tags":["BrazilNumericIndexers"],"consumes":["application/json","application/xml"]},"delete":{"produces":["application/json","application/xml"],"description":"\n\t\t\t\t\tDelete an instance of 'BrazilNumericIndexers' with the specified id.\n\t\t\t\t","responses":{"200":{"description":"successful operation"}},"parameters":[],"tags":["BrazilNumericIndexers"],"consumes":["application/json","application/xml"]}}},"host":"slcdemo.cfapps.sap.hana.ondemand.com","schemes":"https","definitions":{"BrazilNumericIndexerTypes":{"type":"string","enum":["bnitFuelGroup","bnitBeverageCommercialBrand","bnitEconomicActivityType","bnitTributaryRegimeCode","bnitTributaryType","bnitInvalid","bnitExportationNature","bnitEnvironmentType","bnitDeclarerType","bnitCompanyQualification","bnitLadingBillType","bnitIncomeNatureTable","bnitNatureOfCompany","bnitExportationDocumentType","bnitIncomeNatureCode","bnitCooperativeAssociationType","bnitProfitTaxation"]},"BrazilNumericIndexer":{"type":"object","properties":{"IndexerType":{"description":"BrazilNumericIndexerTypes","type":"string","enum":["bnitFuelGroup","bnitBeverageCommercialBrand","bnitEconomicActivityType","bnitTributaryRegimeCode","bnitTributaryType","bnitInvalid","bnitExportationNature","bnitEnvironmentType","bnitDeclarerType","bnitCompanyQualification","bnitLadingBillType","bnitIncomeNatureTable","bnitNatureOfCompany","bnitExportationDocumentType","bnitIncomeNatureCode","bnitCooperativeAssociationType","bnitProfitTaxation"]},"Description":{"type":"string"},"ID":{"type":"integer"},"Code":{"type":"integer"}}}},"swagger":"3.0","info":{"description":"This is a sample server Petstore server.","title":"Swagger For Service Layer","version":"1.0.0"},"tags":[{"name":"BrazilNumericIndexers","description":"\n\t\t\tThis entity enables you to manipulate 'BrazilNumericIndexers'.\n\t\t"}]}