{"basePath":"/b1s/v1/","paths":{"/BrazilMultiIndexers":{"post":{"produces":["application/json","application/xml"],"description":"\n\t\t\t\t\tCreate an instance of 'BrazilMultiIndexers' with the given payload of type 'BrazilMultiIndexer' in JSON format.\n\t\t\t\t","responses":{"200":{"description":"successful operation"}},"parameters":[{"schema":{"$ref":"#/definitions/BrazilMultiIndexer"},"in":"body","name":"body"}],"tags":["BrazilMultiIndexers"],"consumes":["application/json","application/xml"]},"get":{"produces":["application/json","application/xml"],"description":"\n\t\t\t\t\tRetrieve a collection of 'BrazilMultiIndexers' with all or some selected properties in the given order by specifying the given filter condition.\n\t\t\t\t","responses":{"200":{"description":"successful operation"}},"parameters":[{"name":"ID","type":"string"},{"name":"IndexerType","type":"string"}],"tags":["BrazilMultiIndexers"],"consumes":["application/json","application/xml"]}},"/BrazilMultiIndexers(id)":{"get":{"produces":["application/json","application/xml"],"description":"\n\t\t\t\t\tRetrieve all or some selected properties from an instance of 'BrazilMultiIndexers' with the given id.\n\t\t\t\t","responses":{"200":{"description":"successful operation"}},"parameters":[{"name":"ID","type":"string"},{"name":"IndexerType","type":"string"},{"name":"Code","type":"string"}],"tags":["BrazilMultiIndexers"],"consumes":["application/json","application/xml"]},"delete":{"produces":["application/json","application/xml"],"description":"\n\t\t\t\t\tDelete an instance of 'BrazilMultiIndexers' with the specified id.\n\t\t\t\t","responses":{"200":{"description":"successful operation"}},"parameters":[],"tags":["BrazilMultiIndexers"],"consumes":["application/json","application/xml"]}},"/BrazilMultiIndexers(id)/GetIndexerTypeList":{"post":{"produces":["application/json","application/xml"],"description":"\n\t\t\t\t\tInvoke the method 'GetIndexerTypeList' on this EntitySet with the specified id.\n\t\t\t\t","responses":{"200":{"description":"successful operation"}},"parameters":[{"schema":{"$ref":"#/definitions/BrazilMultiIndexer"},"in":"body","name":"body"}],"tags":["BrazilMultiIndexers"],"consumes":["application/json","application/xml"]}}},"host":"slcdemo.cfapps.sap.hana.ondemand.com","schemes":"https","definitions":{"BrazilMultiIndexer":{"type":"object","properties":{"SecondRefIndexerCode":{"type":"string"},"IndexerType":{"description":"BrazilMultiIndexerTypes","type":"string","enum":["bmitIncomeNature","bmitInvalid"]},"FirstRefIndexerCode":{"type":"string"},"Description":{"type":"string"},"ThirdRefIndexerCode":{"type":"string"},"ID":{"type":"integer"},"Code":{"type":"string"}}},"BrazilMultiIndexerTypes":{"type":"string","enum":["bmitIncomeNature","bmitInvalid"]}},"swagger":"3.0","info":{"description":"This is a sample server Petstore server.","title":"Swagger For Service Layer","version":"1.0.0"},"tags":[{"name":"BrazilMultiIndexers","description":"\n\t\t\tThis entity enables you to manipulate 'BrazilMultiIndexers'.\n\t\t"}]}