{"basePath":"/b1s/v1/","paths":{"/BrazilFuelIndexers(id)":{"get":{"produces":["application/json","application/xml"],"description":"\n\t\t\t\t\tRetrieve all or some selected properties from an instance of 'BrazilFuelIndexers' with the given id.\n\t\t\t\t","responses":{"200":{"description":"successful operation"}},"parameters":[{"name":"FuelID","type":"string"},{"name":"FuelGroupCode","type":"string"},{"name":"FuelCode","type":"string"}],"tags":["BrazilFuelIndexers"],"consumes":["application/json","application/xml"]},"delete":{"produces":["application/json","application/xml"],"description":"\n\t\t\t\t\tDelete an instance of 'BrazilFuelIndexers' with the specified id.\n\t\t\t\t","responses":{"200":{"description":"successful operation"}},"parameters":[],"tags":["BrazilFuelIndexers"],"consumes":["application/json","application/xml"]}},"/BrazilFuelIndexers":{"post":{"produces":["application/json","application/xml"],"description":"\n\t\t\t\t\tCreate an instance of 'BrazilFuelIndexers' with the given payload of type 'BrazilFuelIndexer' in JSON format.\n\t\t\t\t","responses":{"200":{"description":"successful operation"}},"parameters":[{"schema":{"$ref":"#/definitions/BrazilFuelIndexer"},"in":"body","name":"body"}],"tags":["BrazilFuelIndexers"],"consumes":["application/json","application/xml"]},"get":{"produces":["application/json","application/xml"],"description":"\n\t\t\t\t\tRetrieve a collection of 'BrazilFuelIndexers' with all or some selected properties in the given order by specifying the given filter condition.\n\t\t\t\t","responses":{"200":{"description":"successful operation"}},"parameters":[{"name":"FuelID","type":"string"},{"name":"FuelGroupCode","type":"string"},{"name":"Fuel","type":"string"}],"tags":["BrazilFuelIndexers"],"consumes":["application/json","application/xml"]}}},"host":"slcdemo.cfapps.sap.hana.ondemand.com","schemes":"https","definitions":{"BrazilFuelIndexer":{"type":"object","properties":{"FuelID":{"type":"integer"},"Description":{"type":"string"},"FuelCode":{"type":"string"},"FuelGroupCode":{"type":"integer"}}}},"swagger":"3.0","info":{"description":"This is a sample server Petstore server.","title":"Swagger For Service Layer","version":"1.0.0"},"tags":[{"name":"BrazilFuelIndexers","description":"\n\t\t\tThis entity enables you to manipulate 'BrazilFuelIndexers'.\n\t\t"}]}