{"basePath":"/b1s/v1/","paths":{"/BrazilStringIndexers":{"post":{"produces":["application/json","application/xml"],"description":"\n\t\t\t\t\tCreate an instance of 'BrazilStringIndexers' with the given payload of type 'BrazilStringIndexer' in JSON format.\n\t\t\t\t","responses":{"200":{"description":"successful operation"}},"parameters":[{"schema":{"$ref":"#/definitions/BrazilStringIndexer"},"in":"body","name":"body"}],"tags":["BrazilStringIndexers"],"consumes":["application/json","application/xml"]},"get":{"produces":["application/json","application/xml"],"description":"\n\t\t\t\t\tRetrieve a collection of 'BrazilStringIndexers' with all or some selected properties in the given order by specifying the given filter condition.\n\t\t\t\t","responses":{"200":{"description":"successful operation"}},"parameters":[{"name":"IndexerType","type":"string"},{"name":"Code","type":"string"},{"name":"Descrip","type":"string"}],"tags":["BrazilStringIndexers"],"consumes":["application/json","application/xml"]}},"/BrazilStringIndexers(id)":{"get":{"produces":["application/json","application/xml"],"description":"\n\t\t\t\t\tRetrieve all or some selected properties from an instance of 'BrazilStringIndexers' with the given id.\n\t\t\t\t","responses":{"200":{"description":"successful operation"}},"parameters":[{"name":"IndexerType","type":"string"},{"name":"Code","type":"string"},{"name":"Description","type":"string"}],"tags":["BrazilStringIndexers"],"consumes":["application/json","application/xml"]},"delete":{"produces":["application/json","application/xml"],"description":"\n\t\t\t\t\tDelete an instance of 'BrazilStringIndexers' with the specified id.\n\t\t\t\t","responses":{"200":{"description":"successful operation"}},"parameters":[],"tags":["BrazilStringIndexers"],"consumes":["application/json","application/xml"]}},"/BrazilStringIndexers(id)/GetIndexerTypeList":{"post":{"produces":["application/json","application/xml"],"description":"\n\t\t\t\t\tInvoke the method 'GetIndexerTypeList' on this EntitySet with the specified id.\n\t\t\t\t","responses":{"200":{"description":"successful operation"}},"parameters":[{"schema":{"$ref":"#/definitions/BrazilStringIndexer"},"in":"body","name":"body"}],"tags":["BrazilStringIndexers"],"consumes":["application/json","application/xml"]}}},"host":"slcdemo.cfapps.sap.hana.ondemand.com","schemes":"https","definitions":{"BrazilStringIndexer":{"type":"object","properties":{"IndexerType":{"description":"BrazilStringIndexerTypes","type":"string","enum":["bsitIPIPeriod","bsitSPEDProfile","bsitCreditContributionOrigin","bsitCreditOrigin","bsitBeverageGroup","bsitImportationDocumentType","bsitBeverageTable","bsitNatureOfCalculationBase","bsitInvalid","bsitReferentialAccountCode"]},"Description":{"type":"string"},"ID":{"type":"integer"},"Code":{"type":"string"}}},"BrazilStringIndexerTypes":{"type":"string","enum":["bsitIPIPeriod","bsitSPEDProfile","bsitCreditContributionOrigin","bsitCreditOrigin","bsitBeverageGroup","bsitImportationDocumentType","bsitBeverageTable","bsitNatureOfCalculationBase","bsitInvalid","bsitReferentialAccountCode"]}},"swagger":"3.0","info":{"description":"This is a sample server Petstore server.","title":"Swagger For Service Layer","version":"1.0.0"},"tags":[{"name":"BrazilStringIndexers","description":"\n\t\t\tThis entity enables you to manipulate 'BrazilStringIndexers'.\n\t\t"}]}