{"basePath":"/b1s/v1/","paths":{"/BudgetScenarios(id)":{"patch":{"produces":["application/json","application/xml"],"description":"Update an instance of 'BudgetScenarios' with the given payload of type 'BudgetScenario' in JSON format and with the specified id.","responses":{"200":{"description":"successful operation"}},"parameters":[{"schema":{"$ref":"#/definitions/BudgetScenario"},"in":"body","name":"body"}],"tags":["BudgetScenarios"],"consumes":["application/json","application/xml"]},"get":{"produces":["application/json","application/xml"],"description":"Retrieve all or some selected properties from an instance of 'BudgetScenarios' with the given id.","responses":{"200":{"description":"successful operation"}},"parameters":[{"name":"Name","type":"string"},{"name":"InitialRatioPercentage","type":"string"},{"name":"StartofFiscalYear","type":"string"}],"tags":["BudgetScenarios"],"consumes":["application/json","application/xml"]},"delete":{"produces":["application/json","application/xml"],"description":"Delete an instance of 'BudgetScenarios' with the specified id.","responses":{"200":{"description":"successful operation"}},"parameters":[],"tags":["BudgetScenarios"],"consumes":["application/json","application/xml"]}},"/BudgetScenarios":{"post":{"produces":["application/json","application/xml"],"description":"Create an instance of 'BudgetScenarios' with the given payload of type 'BudgetScenario' in JSON format.","responses":{"200":{"description":"successful operation"}},"parameters":[{"schema":{"$ref":"#/definitions/BudgetScenario"},"in":"body","name":"body"}],"tags":["BudgetScenarios"],"consumes":["application/json","application/xml"]},"get":{"produces":["application/json","application/xml"],"description":"Retrieve a collection of 'BudgetScenarios' with all or some selected properties in the given order by specifying the given filter condition.","responses":{"200":{"description":"successful operation"}},"parameters":[{"name":"Name","type":"string"},{"name":"InitialRatioPercentage","type":"string"},{"name":"StartofFiscal","type":"string"}],"tags":["BudgetScenarios"],"consumes":["application/json","application/xml"]}}},"host":"slcdemo.cfapps.sap.hana.ondemand.com","schemes":"https","definitions":{"BudgetScenario":{"type":"object","properties":{"DistributionRule":{"type":"string"},"Numerator":{"type":"integer"},"Project":{"type":"string"},"InitialRatioPercentage":{"type":"number"},"DistributionRule4":{"type":"string"},"DistributionRule5":{"type":"string"},"DistributionRule2":{"type":"string"},"DistributionRule3":{"type":"string"},"BasicBudget":{"type":"integer"},"RoundingMethod":{"description":"BoRoundingMethod","type":"string","enum":["borm_RoundToFullAmount","borm_RoundToFullTensAmount","borm_FixedEnding","borm_RoundToFullDecAmount","borm_NoRounding","borm_FixedInterval"]},"StartofFiscalYear":{"type":"string"},"Name":{"type":"string"}}},"BoRoundingMethod":{"type":"string","enum":["borm_RoundToFullAmount","borm_RoundToFullTensAmount","borm_FixedEnding","borm_RoundToFullDecAmount","borm_NoRounding","borm_FixedInterval"]}},"swagger":"3.0","info":{"description":"This is a sample server Petstore server.","title":"Swagger For Service Layer","version":"1.0.0"},"tags":[{"name":"BudgetScenarios","description":"This entity enables you to manipulate 'BudgetScenarios'."}]}