{"basePath":"/b1s/v1/","paths":{"/Budgets":{"post":{"produces":["application/json","application/xml"],"description":"Create an instance of 'Budgets' with the given payload of type 'Budget' in JSON format.","responses":{"200":{"description":"successful operation"}},"parameters":[{"schema":{"$ref":"#/definitions/Budget"},"in":"body","name":"body"}],"tags":["Budgets"],"consumes":["application/json","application/xml"]},"get":{"produces":["application/json","application/xml"],"description":"Retrieve a collection of 'Budgets' with all or some selected properties in the given order by specifying the given filter condition.","responses":{"200":{"description":"successful operation"}},"parameters":[{"name":"FutureAnnualExpensesCreditSys","type":"string"},{"name":"FutureAnnualExpensesCreditLoc","type":"string"},{"name":"FutureAnnualExpensesDebi","type":"string"}],"tags":["Budgets"],"consumes":["application/json","application/xml"]}},"/Budgets(id)":{"patch":{"produces":["application/json","application/xml"],"description":"Update an instance of 'Budgets' with the given payload of type 'Budget' in JSON format and with the specified id.","responses":{"200":{"description":"successful operation"}},"parameters":[{"schema":{"$ref":"#/definitions/Budget"},"in":"body","name":"body"}],"tags":["Budgets"],"consumes":["application/json","application/xml"]},"get":{"produces":["application/json","application/xml"],"description":"Retrieve all or some selected properties from an instance of 'Budgets' with the given id.","responses":{"200":{"description":"successful operation"}},"parameters":[{"name":"FutureAnnualExpensesCreditSys","type":"string"},{"name":"FutureAnnualExpensesCreditLoc","type":"string"},{"name":"FutureAnnualExpensesDebitSys","type":"string"}],"tags":["Budgets"],"consumes":["application/json","application/xml"]},"delete":{"produces":["application/json","application/xml"],"description":"Delete an instance of 'Budgets' with the specified id.","responses":{"200":{"description":"successful operation"}},"parameters":[],"tags":["Budgets"],"consumes":["application/json","application/xml"]}}},"host":"slcdemo.cfapps.sap.hana.ondemand.com","schemes":"https","definitions":{"BudgetCostAccountingLine":{"type":"object","properties":{"DistrRuleDebitLC":{"type":"number"},"DistrRuleCreditSC":{"type":"number"},"Dimension":{"type":"integer"},"DistrRuleDebitSC":{"type":"number"},"DistrRuleCreditLC":{"type":"number"},"DistrRuleCode":{"type":"string"}}},"BudgetLine":{"type":"object","properties":{"FutIncomesSysCredit":{"type":"number"},"FutIncomesSysDebit":{"type":"number"},"BudgetTotCredit":{"type":"number"},"BalTotCredit":{"type":"number"},"BalSysTotDebit":{"type":"number"},"RowDetails":{"type":"string"},"BudgetSysTotCredit":{"type":"number"},"FutExpenDebit":{"type":"number"},"FutIncomesCredit":{"type":"number"},"FutExpenCredit":{"type":"number"},"FutExpenSysDebit":{"type":"number"},"PrecentOfAnnualBudgetAmount":{"type":"number"},"RowNumber":{"type":"integer"},"BudgetTotDebit":{"type":"number"},"BudgetSysTotDebit":{"type":"number"},"BalSysTotCredit":{"type":"number"},"FutureIncomeDeb":{"type":"number"},"FutExpenSysCredit":{"type":"number"},"AccountCode":{"type":"string"},"BalTotDebit":{"type":"number"},"BudgetKey":{"type":"integer"}}},"Budget":{"type":"object","properties":{"FutIncomesSysCredit":{"type":"number"},"BudgetScenario":{"type":"integer"},"BudgetTotCredit":{"type":"number"},"FutureAnnualRevenuesCredit":{"type":"number"},"TotalAnnualBudgetCreditLoc":{"type":"number"},"BudgetTotDebit":{"type":"number"},"BudgetSysTotDebit":{"type":"number"},"BudgetBalanceCreditSys":{"type":"number"},"FutExpenSysCredit":{"type":"number"},"AccountCode":{"type":"string"},"BudgetBalanceCreditLoc":{"type":"number"},"BudgetLines":{"type":"array","items":{"$ref":"#/definitions/BudgetLine"}},"StartofFiscalYear":{"type":"string"},"DistrRuleCreditLC":{"type":"number"},"BalTotDebit":{"type":"number"},"FutureAnnualExpensesCreditLoc":{"type":"number"},"BalSysTotDebit":{"type":"number"},"FutureAnnualExpensesDebitLoc":{"type":"number"},"FutureAnnualExpensesDebitSys":{"type":"number"},"BudgetSysTotCredit":{"type":"number"},"BalSysTotCredit":{"type":"number"},"FutureAnnualExpensesCreditSys":{"type":"number"},"TotalAnnualBudgetCreditSys":{"type":"number"},"BudgetKey":{"type":"integer"},"FutIncomesSysDebit":{"type":"number"},"DistrRuleDebitLC":{"type":"number"},"RowDetails":{"type":"string"},"FutExpenDebit":{"type":"number"},"FutIncomesCredit":{"type":"number"},"DivisionCode":{"type":"integer"},"FutExpenSysDebit":{"type":"number"},"BudgetCostAccountingLines":{"type":"array","items":{"$ref":"#/definitions/BudgetCostAccountingLine"}},"ParentAccountKey":{"type":"string"},"TotalAnnualBudgetDebitSys":{"type":"number"},"FutureIncomeDeb":{"type":"number"},"FutureAnnualRevenuesDebit":{"type":"number"},"FutureRevenuesDebitLoc":{"type":"number"},"BalTotCredit":{"type":"number"},"BudgetBalanceDebitSys":{"type":"number"},"TotalAnnualBudgetDebitLoc":{"type":"number"},"Dimension":{"type":"integer"},"FutExpenCredit":{"type":"number"},"DistrRuleDebitSC":{"type":"number"},"PrecentOfAnnualBudgetAmount":{"type":"number"},"DistrRuleCode":{"type":"string"},"Numerator":{"type":"integer"},"RowNumber":{"type":"integer"},"DistrRuleCreditSC":{"type":"number"},"FutureRevenuesDebitSys":{"type":"number"},"BudgetBalanceDebitLoc":{"type":"number"},"ParentAccPercent":{"type":"number"}}}},"swagger":"3.0","info":{"description":"This is a sample server Petstore server.","title":"Swagger For Service Layer","version":"1.0.0"},"tags":[{"name":"Budgets","description":"This entity enables you to manipulate 'Budgets' based on G/L accounts."}]}