{"basePath":"/b1s/v1/","paths":{"/BudgetDistributions":{"post":{"produces":["application/json","application/xml"],"description":"Create an instance of 'BudgetDistributions' with the given payload of type 'BudgetDistribution' in JSON format.","responses":{"200":{"description":"successful operation"}},"parameters":[{"schema":{"$ref":"#/definitions/BudgetDistribution"},"in":"body","name":"body"}],"tags":["BudgetDistributions"],"consumes":["application/json","application/xml"]},"get":{"produces":["application/json","application/xml"],"description":"Retrieve a collection of 'BudgetDistributions' with all or some selected properties in the given order by specifying the given filter condition.","responses":{"200":{"description":"successful operation"}},"parameters":[{"name":"September","type":"string"},{"name":"August","type":"string"}],"tags":["BudgetDistributions"],"consumes":["application/json","application/xml"]}},"/BudgetDistributions(id)":{"patch":{"produces":["application/json","application/xml"],"description":"Update an instance of 'BudgetDistributions' with the given payload of type 'BudgetDistribution' in JSON format and with the specified id.","responses":{"200":{"description":"successful operation"}},"parameters":[{"schema":{"$ref":"#/definitions/BudgetDistribution"},"in":"body","name":"body"}],"tags":["BudgetDistributions"],"consumes":["application/json","application/xml"]},"get":{"produces":["application/json","application/xml"],"description":"Retrieve all or some selected properties from an instance of 'BudgetDistributions' with the given id.","responses":{"200":{"description":"successful operation"}},"parameters":[{"name":"September","type":"string"},{"name":"August","type":"string"},{"name":"July","type":"string"}],"tags":["BudgetDistributions"],"consumes":["application/json","application/xml"]},"delete":{"produces":["application/json","application/xml"],"description":"Delete an instance of 'BudgetDistributions' with the specified id.","responses":{"200":{"description":"successful operation"}},"parameters":[],"tags":["BudgetDistributions"],"consumes":["application/json","application/xml"]}}},"host":"slcdemo.cfapps.sap.hana.ondemand.com","schemes":"https","definitions":{"BudgetDistribution":{"type":"object","properties":{"June":{"type":"number"},"Description":{"type":"string"},"September":{"type":"number"},"May":{"type":"number"},"March":{"type":"number"},"DivisionCode":{"type":"integer"},"April":{"type":"number"},"BudgetAmount":{"type":"number"},"August":{"type":"number"},"December":{"type":"number"},"October":{"type":"number"},"July":{"type":"number"},"February":{"type":"number"},"January":{"type":"number"},"November":{"type":"number"}}}},"swagger":"3.0","info":{"description":"This is a sample server Petstore server.","title":"Swagger For Service Layer","version":"1.0.0"},"tags":[{"name":"BudgetDistributions","description":"This entity enables you to manipulate 'BudgetDistributions'."}]}