{"basePath":"/b1s/v1/","paths":{"/BusinessPartnersService_CreateOpenBalance":{"post":{"produces":["application/json","application/xml"],"description":"Invoke the method 'CreateOpenBalance' on this service by specifying the payload 'OpenningBalanceAccount,BPCodes' in the JSON format.","responses":{"200":{"description":"successful operation"}},"parameters":[{"schema":{"$ref":"#/definitions/BusinessPartner"},"in":"body","name":"body"}],"tags":["BusinessPartnersService"],"consumes":["application/json","application/xml"]}}},"host":"slcdemo.cfapps.sap.hana.ondemand.com","schemes":"https","definitions":{"BusinessPartner":{"type":"object","properties":{}},"OpenningBalanceAccount":{"type":"object","properties":{"Details":{"type":"string"},"OpenBalanceAccount":{"type":"string"},"Ref1":{"type":"string"},"Ref2":{"type":"string"},"Date":{"type":"string"}}},"BPCode":{"type":"object","properties":{"Debit":{"type":"number"},"SystemCredit":{"type":"number"},"Credit":{"type":"number"},"ForeignCredit":{"type":"number"},"ForeignCurrency":{"type":"string"},"BpCtrlAcct":{"type":"string"},"SystemDebit":{"type":"number"},"ForeignDebit":{"type":"number"},"DueDate":{"type":"string"},"Code":{"type":"string"}}}},"swagger":"3.0","info":{"description":"This is a sample server Petstore server.","title":"Swagger For Service Layer","version":"1.0.0"},"tags":[{"name":"BusinessPartnersService","description":"This API enables you to invoke the interfaces defined on 'BusinessPartnersService'."}]}