{"basePath":"/b1s/v1/","paths":{"/BusinessPartnerGroups(id)":{"patch":{"produces":["application/json","application/xml"],"description":"Update an instance of 'BusinessPartnerGroups' with the given payload of type 'BusinessPartnerGroup' in JSON format and with the specified id.","responses":{"200":{"description":"successful operation"}},"parameters":[{"schema":{"$ref":"#/definitions/BusinessPartnerGroup"},"in":"body","name":"body"}],"tags":["BusinessPartnerGroups"],"consumes":["application/json","application/xml"]},"get":{"produces":["application/json","application/xml"],"description":"Retrieve all or some selected properties from an instance of 'BusinessPartnerGroups' with the given id.","responses":{"200":{"description":"successful operation"}},"parameters":[{"name":"Code","type":"string"},{"name":"Name","type":"string"},{"name":"Type","type":"string"}],"tags":["BusinessPartnerGroups"],"consumes":["application/json","application/xml"]},"delete":{"produces":["application/json","application/xml"],"description":"Delete an instance of 'BusinessPartnerGroups' with the specified id.","responses":{"200":{"description":"successful operation"}},"parameters":[],"tags":["BusinessPartnerGroups"],"consumes":["application/json","application/xml"]}},"/BusinessPartnerGroups":{"post":{"produces":["application/json","application/xml"],"description":"Create an instance of 'BusinessPartnerGroups' with the given payload of type 'BusinessPartnerGroup' in JSON format.","responses":{"200":{"description":"successful operation"}},"parameters":[{"schema":{"$ref":"#/definitions/BusinessPartnerGroup"},"in":"body","name":"body"}],"tags":["BusinessPartnerGroups"],"consumes":["application/json","application/xml"]},"get":{"produces":["application/json","application/xml"],"description":"Retrieve a collection of 'BusinessPartnerGroups' with all or some selected properties in the given order by specifying the given filter condition.","responses":{"200":{"description":"successful operation"}},"parameters":[{"name":"Code","type":"string"},{"name":"Name","type":"string"}],"tags":["BusinessPartnerGroups"],"consumes":["application/json","application/xml"]}}},"host":"slcdemo.cfapps.sap.hana.ondemand.com","schemes":"https","definitions":{"BusinessPartnerGroup":{"type":"object","properties":{"Type":{"description":"BoBusinessPartnerGroupTypes","type":"string","enum":["bbpgt_CustomerGroup","bbpgt_VendorGroup"]},"Code":{"type":"integer"},"Name":{"type":"string"}}},"BoBusinessPartnerGroupTypes":{"type":"string","enum":["bbpgt_CustomerGroup","bbpgt_VendorGroup"]}},"swagger":"3.0","info":{"description":"This is a sample server Petstore server.","title":"Swagger For Service Layer","version":"1.0.0"},"tags":[{"name":"BusinessPartnerGroups","description":"This entity enables you to manipulate 'BusinessPartnerGroups'. It represents the setup of customer and vendor groups. Used for classifying business partners according to different criteria, such as sector or size."}]}