{"basePath":"/b1s/v1/","paths":{"/BusinessPartners(id)":{"patch":{"produces":["application/json","application/xml"],"description":"Update an instance of 'BusinessPartners' with the given payload of type 'BusinessPartner' in JSON format and with the specified id.","responses":{"200":{"description":"successful operation"}},"parameters":[{"schema":{"$ref":"#/definitions/BusinessPartner"},"in":"body","name":"body"}],"tags":["BusinessPartners"],"consumes":["application/json","application/xml"]},"get":{"produces":["application/json","application/xml"],"description":"Retrieve all or some selected properties from an instance of 'BusinessPartners' with the given id.","responses":{"200":{"description":"successful operation"}},"parameters":[{"name":"CardCode","type":"string"},{"name":"CardName","type":"string"},{"name":"CardType","type":"string"}],"tags":["BusinessPartners"],"consumes":["application/json","application/xml"]},"delete":{"produces":["application/json","application/xml"],"description":"Delete an instance of 'BusinessPartners' with the specified id.","responses":{"200":{"description":"successful operation"}},"parameters":[],"tags":["BusinessPartners"],"consumes":["application/json","application/xml"]}},"/BusinessPartners":{"post":{"produces":["application/json","application/xml"],"description":"Create an instance of 'BusinessPartners' with the given payload of type 'BusinessPartner' in JSON format.","responses":{"200":{"description":"successful operation"}},"parameters":[{"schema":{"$ref":"#/definitions/BusinessPartner"},"in":"body","name":"body"}],"tags":["BusinessPartners"],"consumes":["application/json","application/xml"]},"get":{"produces":["application/json","application/xml"],"description":"Retrieve a collection of 'BusinessPartners' with all or some selected properties in the given order by specifying the given filter condition.","responses":{"200":{"description":"successful operation"}},"parameters":[{"name":"CardCode","type":"string"},{"name":"CardName","type":"string"},{"name":"Card","type":"string"}],"tags":["BusinessPartners"],"consumes":["application/json","application/xml"]}}},"host":"slcdemo.cfapps.sap.hana.ondemand.com","schemes":"https","definitions":{"BPAccountReceivablePayble":{"type":"object","properties":{"AccountCode":{"type":"string"},"BPCode":{"type":"string"},"AccountType":{"$ref":"#/definitions/BoBpAccountTypes"}}},"OperationCode347Enum":{"type":"string","enum":["ocPublicSubsidies","ocTravelAgenciesSales","ocGoodsOrServiciesAcquisitions","ocSalesOrServicesRevenues","ocTravelAgenciesPurchases","ocPublicEntitiesAcquisitions"]},"BoAddressType":{"type":"string","enum":["bo_ShipTo","bo_BillTo"]},"BoGenderTypes":{"type":"string","enum":["gt_Undefined","gt_Male","gt_Female"]},"BPIntrastatExtension":{"type":"object","properties":{"IntrastatRelevant":{"$ref":"#/definitions/BoYesNoEnum"},"DomesticOrForeignID":{"type":"string"},"CustomsProcedure":{"type":"integer"},"StatisticalProcedure":{"type":"integer"},"NatureOfTransactions":{"type":"integer"},"PortOfEntryOrExit":{"type":"integer"},"CardCode":{"type":"string"},"TransportMode":{"type":"integer"},"Incoterms":{"type":"integer"}}},"BPBankAccount":{"type":"object","properties":{"MandateID":{"type":"string"},"County":{"type":"string"},"ISRBillerID":{"type":"string"},"BuildingFloorRoom":{"type":"string"},"CustomerIdNumber":{"type":"string"},"UserNo3":{"type":"string"},"UserNo2":{"type":"string"},"Branch":{"type":"string"},"UserNo1":{"type":"string"},"Phone":{"type":"string"},"Street":{"type":"string"},"UserNo4":{"type":"string"},"CorrespondentAccount":{"type":"string"},"InternalKey":{"type":"integer"},"IBAN":{"type":"string"},"AccountNo":{"type":"string"},"BIK":{"type":"string"},"ZipCode":{"type":"string"},"ABARoutingNumber":{"type":"string"},"SEPASeqType":{"$ref":"#/definitions/SEPASequenceTypeEnum"},"BankCode":{"type":"string"},"City":{"type":"string"},"ControlKey":{"type":"string"},"LogInstance":{"type":"integer"},"MandateExpDate":{"type":"string"},"BICSwiftCode":{"type":"string"},"SignatureDate":{"type":"string"},"State":{"type":"string"},"ISRType":{"type":"integer"},"Block":{"type":"string"},"Country":{"type":"string"},"BPCode":{"type":"string"},"Fax":{"type":"string"},"AccountName":{"type":"string"}}},"BusinessPartner":{"type":"object","properties":{"OwnerIDNumber":{"type":"string"},"GSTIN":{"type":"string"},"BankCountry":{"type":"string"},"ExemptionValidityDateFrom":{"type":"string"},"VatGroup":{"type":"string"},"BankChargesAllocationCode":{"type":"string"},"TaxId3":{"type":"string"},"TaxId2":{"type":"string"},"SubjectToWithholdingTax":{"description":"BoYesNoEnum","type":"string","enum":["tYES","tNO"]},"HouseBankIBAN":{"type":"string"},"TaxId5":{"type":"string"},"RelationshipDateFrom":{"type":"string"},"Gender":{"description":"BoGenderTypes","type":"string","enum":["gt_Undefined","gt_Male","gt_Female"]},"TaxId4":{"type":"string"},"BillToBuildingFloorRoom":{"type":"string"},"TaxId1":{"type":"string"},"TaxId0":{"type":"string"},"FeeAccount":{"type":"string"},"TaxId7":{"type":"string"},"TaxId6":{"type":"string"},"Picture":{"type":"string"},"TaxId9":{"type":"string"},"Currency":{"type":"string"},"AliasName":{"type":"string"},"TaxId8":{"type":"string"},"Street":{"type":"string"},"DownPaymentClearAct":{"type":"string"},"DiscountPercent":{"type":"number"},"CommissionGroupCode":{"type":"integer"},"BillToState":{"type":"string"},"EffectiveDiscount":{"description":"DiscountGroupRelationsEnum","type":"string","enum":["dgrLowestDiscount","dgrMultipliedDiscount","dgrDiscountTotals","dgrHighestDiscount","dgrAverageDiscount"]},"DeductionValidUntil":{"type":"string"},"ShipToBuildingFloorRoom":{"type":"string"},"ShippingType":{"type":"integer"},"Properties61":{"description":"BoYesNoEnum","type":"string","enum":["tYES","tNO"]},"Properties62":{"description":"BoYesNoEnum","type":"string","enum":["tYES","tNO"]},"AccountNo":{"type":"string"},"Properties60":{"description":"BoYesNoEnum","type":"string","enum":["tYES","tNO"]},"BookkeepingCertified":{"description":"BoYesNoEnum","type":"string","enum":["tYES","tNO"]},"UnifiedFederalTaxID":{"type":"string"},"SEPASeqType":{"description":"SEPASequenceTypeEnum","type":"string","enum":["sstFNAL","sstFRST","sstRCUR","sstOOFF"]},"PaymentMethodCode":{"type":"string"},"ExemptNum":{"type":"string"},"BICSwiftCode":{"type":"string"},"CreditCardExpiration":{"type":"string"},"ISRType":{"type":"integer"},"TransportMode":{"type":"integer"},"Properties63":{"description":"BoYesNoEnum","type":"string","enum":["tYES","tNO"]},"Properties64":{"description":"BoYesNoEnum","type":"string","enum":["tYES","tNO"]},"MailCountry":{"type":"string"},"Properties50":{"description":"BoYesNoEnum","type":"string","enum":["tYES","tNO"]},"DiscountRelations":{"description":"DiscountGroupRelationsEnum","type":"string","enum":["dgrLowestDiscount","dgrMultipliedDiscount","dgrDiscountTotals","dgrHighestDiscount","dgrAverageDiscount"]},"Properties51":{"description":"BoYesNoEnum","type":"string","enum":["tYES","tNO"]},"CityOfBirth":{"type":"string"},"Website":{"type":"string"},"ISRBillerID":{"type":"string"},"CompanyRegistrationNumber":{"type":"string"},"DatevAccount":{"type":"integer"},"FormCode1099":{"type":"integer"},"UnpaidBillofExchange":{"type":"string"},"CustomerIdNumber":{"type":"string"},"TypeReport":{"description":"AssesseeTypeEnum","type":"string","enum":["atCompany","atOthers"]},"ThresholdOverlook":{"description":"BoYesNoEnum","type":"string","enum":["tYES","tNO"]},"RelationshipCode":{"type":"string"},"Properties54":{"description":"BoYesNoEnum","type":"string","enum":["tYES","tNO"]},"Properties55":{"description":"BoYesNoEnum","type":"string","enum":["tYES","tNO"]},"CreditCardNum":{"type":"string"},"HouseBank":{"type":"string"},"Properties52":{"description":"BoYesNoEnum","type":"string","enum":["tYES","tNO"]},"Properties53":{"description":"BoYesNoEnum","type":"string","enum":["tYES","tNO"]},"Properties58":{"description":"BoYesNoEnum","type":"string","enum":["tYES","tNO"]},"Properties59":{"description":"BoYesNoEnum","type":"string","enum":["tYES","tNO"]},"Properties56":{"description":"BoYesNoEnum","type":"string","enum":["tYES","tNO"]},"Properties57":{"description":"BoYesNoEnum","type":"string","enum":["tYES","tNO"]},"EmailGroupCode":{"type":"string"},"MailAddress":{"type":"string"},"CurrentAccountBalance":{"type":"number"},"Properties40":{"description":"BoYesNoEnum","type":"string","enum":["tYES","tNO"]},"CardForeignName":{"type":"string"},"FirstName":{"type":"string"},"CreditLimit":{"type":"number"},"CardCode":{"type":"string"},"EndorsableChecksFromBP":{"description":"BoYesNoEnum","type":"string","enum":["tYES","tNO"]},"VATRegistrationNumber":{"type":"string"},"DunningTerm":{"type":"string"},"Properties49":{"description":"BoYesNoEnum","type":"string","enum":["tYES","tNO"]},"DomesticOrForeignID":{"type":"string"},"VerificationNumber":{"type":"string"},"InsuranceOperation347":{"description":"BoYesNoEnum","type":"string","enum":["tYES","tNO"]},"InterestAccount":{"type":"string"},"Choose":{"description":"BoYesNoEnum","type":"string","enum":["tYES","tNO"]},"ValidTo":{"type":"string"},"Properties43":{"description":"BoYesNoEnum","type":"string","enum":["tYES","tNO"]},"NatureOfTransactions":{"type":"integer"},"PortOfEntryOrExit":{"type":"integer"},"Properties44":{"description":"BoYesNoEnum","type":"string","enum":["tYES","tNO"]},"Properties41":{"description":"BoYesNoEnum","type":"string","enum":["tYES","tNO"]},"Properties42":{"description":"BoYesNoEnum","type":"string","enum":["tYES","tNO"]},"Properties47":{"description":"BoYesNoEnum","type":"string","enum":["tYES","tNO"]},"AddressType":{"description":"BoAddressType","type":"string","enum":["bo_ShipTo","bo_BillTo"]},"BPCode":{"type":"string"},"Properties48":{"description":"BoYesNoEnum","type":"string","enum":["tYES","tNO"]},"BPFiscalTaxIDCollection":{"type":"array","items":{"$ref":"#/definitions/BPFiscalTaxID"}},"Properties45":{"description":"BoYesNoEnum","type":"string","enum":["tYES","tNO"]},"Properties46":{"description":"BoYesNoEnum","type":"string","enum":["tYES","tNO"]},"CardName":{"type":"string"},"CommunicationMediaId":{"type":"integer"},"BPBankAccounts":{"type":"array","items":{"$ref":"#/definitions/BPBankAccount"}},"BusinessType":{"type":"string"},"GlobalLocationNumber":{"type":"string"},"DeferredTax":{"description":"BoYesNoEnum","type":"string","enum":["tYES","tNO"]},"E_Mail":{"type":"string"},"FatherType":{"description":"BoFatherCardTypes","type":"string","enum":["cDelivery_sum","cPayments_sum"]},"Name":{"type":"string"},"FederalTaxID":{"type":"string"},"Industry":{"type":"integer"},"LanguageCode":{"type":"integer"},"DefaultTechnician":{"type":"integer"},"InternalCode":{"type":"integer"},"AccountCode":{"type":"string"},"ValidFrom":{"type":"string"},"BPLID":{"type":"integer"},"AccrualCriteria":{"description":"BoYesNoEnum","type":"string","enum":["tYES","tNO"]},"Territory":{"type":"integer"},"ExportCode":{"type":"string"},"BackOrder":{"description":"BoYesNoEnum","type":"string","enum":["tYES","tNO"]},"ContactEmployeeAbsEntry":{"type":"integer"},"HouseBankBranch":{"type":"string"},"PlanningGroup":{"type":"string"},"Equalization":{"description":"BoYesNoEnum","type":"string","enum":["tYES","tNO"]},"BaseObjectType":{"description":"DiscountGroupBaseObjectEnum","type":"string","enum":["dgboNone","dgboItemProperties","dgboItems","dgboItemGroups","dgboManufacturer"]},"CNAECode":{"type":"integer"},"Cellular":{"type":"string"},"ShipToDefault":{"type":"string"},"MandateExpDate":{"type":"string"},"BPPaymentMethods":{"type":"array","items":{"$ref":"#/definitions/BPPaymentMethod"}},"CustomerBillofExchangPres":{"type":"string"},"State":{"type":"string"},"StatisticalProcedure":{"type":"integer"},"LastName":{"type":"string"},"TaxRoundingRule":{"description":"BoTaxRoundingRuleTypes","type":"string","enum":["trr_RoundDown","trr_RoundUp","trr_RoundOff","trr_CompanyDefault"]},"MailZipCode":{"type":"string"},"ResidenNumber":{"description":"ResidenceNumberTypeEnum","type":"string","enum":["rntCertificateofFiscalResidence","rntPassport","rntOtherDocument","rntFiscalIDIssuedbytheResidenceCountry","rntVATRegistrationNumber","rntSpanishFiscalID"]},"WithholdingTaxDeductionGroup":{"type":"integer"},"BillofExchangeonCollection":{"type":"string"},"BuildingFloorRoom":{"type":"string"},"Phone1":{"type":"string"},"UserNo3":{"type":"string"},"Phone2":{"type":"string"},"UserNo2":{"type":"string"},"Branch":{"type":"string"},"UserNo1":{"type":"string"},"MailCity":{"type":"string"},"PaymentBlock":{"description":"BoYesNoEnum","type":"string","enum":["tYES","tNO"]},"UserNo4":{"type":"string"},"Box1099":{"type":"string"},"DME":{"type":"string"},"Notes":{"type":"string"},"Password":{"type":"string"},"GstType":{"description":"BoGSTRegnTypeEnum","type":"string","enum":["gstUNAgencyEmbassy","gstRegularTDSISD","gstNonResidentTaxablePerson","gstGoverDepartPSU","gstCompositionLevy","gstCasualTaxablePerson"]},"ChannelBP":{"type":"string"},"SurchargeOverlook":{"description":"BoYesNoEnum","type":"string","enum":["tYES","tNO"]},"HouseBankAccount":{"type":"string"},"DunningLevel":{"type":"integer"},"BIK":{"type":"string"},"ZipCode":{"type":"string"},"ValidRemarks":{"type":"string"},"Title":{"type":"string"},"AvarageLate":{"type":"integer"},"Indicator":{"type":"string"},"ShaamGroup":{"description":"ShaamGroupEnum","type":"string","enum":["sgServicesAndAsset","sgInsuranceCommissions","sgInterestExchangeRateDiffs","sgAgriculturalProducts","sgWHTaxInstructions"]},"OpenOpportunities":{"type":"integer"},"RowNumber":{"type":"integer"},"BilltoDefault":{"type":"string"},"CustomsProcedure":{"type":"integer"},"CollectionAuthorization":{"description":"BoYesNoEnum","type":"string","enum":["tYES","tNO"]},"RelationshipDateTill":{"type":"string"},"BPWithholdingTaxCollection":{"type":"array","items":{"$ref":"#/definitions/BPWithholdingTax"}},"Fax":{"type":"string"},"Incoterms":{"type":"integer"},"FatherCard":{"type":"string"},"AddressName2":{"type":"string"},"MaxCommitment":{"type":"number"},"Address":{"type":"string"},"BPIntrastatExtension":{"type":"array","items":{"$ref":"#/definitions/BPIntrastatExtension"}},"MandateID":{"type":"string"},"DeductibleAtSource":{"description":"BoYesNoEnum","type":"string","enum":["tYES","tNO"]},"AddressName3":{"type":"string"},"Properties8":{"description":"BoYesNoEnum","type":"string","enum":["tYES","tNO"]},"Properties7":{"description":"BoYesNoEnum","type":"string","enum":["tYES","tNO"]},"TypeOfOperation":{"description":"TypeOfOperationEnum","type":"string","enum":["tooProfessionalServices","tooOthers","tooRentingAssets"]},"ReferenceDetails":{"type":"string"},"OtherReceivablePayable":{"type":"string"},"Properties9":{"description":"BoYesNoEnum","type":"string","enum":["tYES","tNO"]},"Properties4":{"description":"BoYesNoEnum","type":"string","enum":["tYES","tNO"]},"Properties3":{"description":"BoYesNoEnum","type":"string","enum":["tYES","tNO"]},"ContactPerson":{"type":"string"},"Properties6":{"description":"BoYesNoEnum","type":"string","enum":["tYES","tNO"]},"Affiliate":{"description":"BoYesNoEnum","type":"string","enum":["tYES","tNO"]},"Properties5":{"description":"BoYesNoEnum","type":"string","enum":["tYES","tNO"]},"CreditCardCode":{"type":"integer"},"PaymentBlockDescription":{"type":"integer"},"CampaignNumber":{"type":"integer"},"OperationCode347":{"description":"OperationCode347Enum","type":"string","enum":["ocPublicSubsidies","ocTravelAgenciesSales","ocGoodsOrServiciesAcquisitions","ocSalesOrServicesRevenues","ocTravelAgenciesPurchases","ocPublicEntitiesAcquisitions"]},"DateOfBirth":{"type":"string"},"InternalKey":{"type":"integer"},"IBAN":{"type":"string"},"VatGroupLatinAmerica":{"type":"string"},"BPAccountReceivablePaybleCollection":{"type":"array","items":{"$ref":"#/definitions/BPAccountReceivablePayble"}},"Position":{"type":"string"},"PaymentDate":{"type":"string"},"MailCounty":{"type":"string"},"PayTermsGrpCode":{"type":"integer"},"DefaultBlanketAgreementNumber":{"type":"integer"},"RowNum":{"type":"integer"},"Frozen":{"description":"BoYesNoEnum","type":"string","enum":["tYES","tNO"]},"ControlKey":{"type":"string"},"EmailAddress":{"type":"string"},"DiscountGroups":{"type":"array","items":{"$ref":"#/definitions/DiscountGroup"}},"AddressName":{"type":"string"},"FrozenTo":{"type":"string"},"FrozenRemarks":{"type":"string"},"SignatureDate":{"type":"string"},"Valid":{"description":"BoYesNoEnum","type":"string","enum":["tYES","tNO"]},"DeductionPercent":{"type":"number"},"OpenDeliveryNotesBalance":{"type":"number"},"Pager":{"type":"string"},"DunningDate":{"type":"string"},"Country":{"type":"string"},"ECommerceMerchantID":{"type":"string"},"Remarks1":{"type":"string"},"Remarks2":{"type":"string"},"AccountName":{"type":"string"},"TypeOfAddress":{"type":"string"},"DefaultAccount":{"type":"string"},"PriceListNum":{"type":"integer"},"WithholdingTaxCertified":{"description":"BoYesNoEnum","type":"string","enum":["tYES","tNO"]},"BPPaymentDates":{"type":"array","items":{"$ref":"#/definitions/BPPaymentDate"}},"SinglePayment":{"description":"BoYesNoEnum","type":"string","enum":["tYES","tNO"]},"ClosingDateProcedureNumber":{"type":"integer"},"PlaceOfBirth":{"type":"string"},"PeymentMethodCode":{"type":"string"},"RepresentativeName":{"type":"string"},"OwnerCode":{"type":"integer"},"DefaultBankCode":{"type":"string"},"GTSRegNo":{"type":"string"},"EDISenderID":{"type":"string"},"WTCode":{"type":"string"},"ContactEmployeeBlockSendingMarketingContents":{"type":"array","items":{"$ref":"#/definitions/ContactEmployeeBlockSendingMarketingContent"}},"MaxAmountOfExemption":{"type":"number"},"CustomerBillofExchangDisc":{"type":"string"},"TaxId13":{"type":"string"},"TaxId12":{"type":"string"},"TaxOffice":{"type":"string"},"TaxId11":{"type":"string"},"SalesPersonCode":{"type":"integer"},"BlockSendingMarketingContent":{"description":"BoYesNoEnum","type":"string","enum":["tYES","tNO"]},"BankCode":{"type":"string"},"TaxId10":{"type":"string"},"MinIntrest":{"type":"number"},"Nationality":{"type":"string"},"GTSBillingAddrTel":{"type":"string"},"IntrastatRelevant":{"description":"BoYesNoEnum","type":"string","enum":["tYES","tNO"]},"Properties2":{"description":"BoYesNoEnum","type":"string","enum":["tYES","tNO"]},"Properties1":{"description":"BoYesNoEnum","type":"string","enum":["tYES","tNO"]},"ExpirationDate":{"type":"string"},"DiscountPercentage":{"type":"number"},"OpenOrdersBalance":{"type":"number"},"GTSBankAccountNo":{"type":"string"},"DeductionOffice":{"type":"string"},"HouseBankCountry":{"type":"string"},"VatLiable":{"description":"BoVatStatus","type":"string","enum":["vLiable","vExempted","vEC"]},"AutomaticPosting":{"description":"AutomaticPostingEnum","type":"string","enum":["apInterestAndFee","apFeeOnly","apInterestOnly","apNo"]},"BPAddresses":{"type":"array","items":{"$ref":"#/definitions/BPAddress"}},"ObjectEntry":{"type":"string"},"BPBranchAssignment":{"type":"array","items":{"$ref":"#/definitions/BPBranchAssignmentItem"}},"HierarchicalDeduction":{"description":"BoYesNoEnum","type":"string","enum":["tYES","tNO"]},"MobilePhone":{"type":"string"},"Properties38":{"description":"BoYesNoEnum","type":"string","enum":["tYES","tNO"]},"Properties39":{"description":"BoYesNoEnum","type":"string","enum":["tYES","tNO"]},"PartialDelivery":{"description":"BoYesNoEnum","type":"string","enum":["tYES","tNO"]},"Properties32":{"description":"BoYesNoEnum","type":"string","enum":["tYES","tNO"]},"Properties33":{"description":"BoYesNoEnum","type":"string","enum":["tYES","tNO"]},"Properties30":{"description":"BoYesNoEnum","type":"string","enum":["tYES","tNO"]},"Properties31":{"description":"BoYesNoEnum","type":"string","enum":["tYES","tNO"]},"Properties36":{"description":"BoYesNoEnum","type":"string","enum":["tYES","tNO"]},"CorrespondentAccount":{"type":"string"},"Properties37":{"description":"BoYesNoEnum","type":"string","enum":["tYES","tNO"]},"CommissionPercent":{"type":"number"},"Properties34":{"description":"BoYesNoEnum","type":"string","enum":["tYES","tNO"]},"Properties35":{"description":"BoYesNoEnum","type":"string","enum":["tYES","tNO"]},"DefaultBranch":{"type":"string"},"LastMultiReconciliationNum":{"type":"integer"},"Priority":{"type":"integer"},"ABARoutingNumber":{"type":"string"},"City":{"type":"string"},"DatevFirstDataEntry":{"description":"BoYesNoEnum","type":"string","enum":["tYES","tNO"]},"Properties29":{"description":"BoYesNoEnum","type":"string","enum":["tYES","tNO"]},"Profession":{"type":"string"},"Properties27":{"description":"BoYesNoEnum","type":"string","enum":["tYES","tNO"]},"Active":{"description":"BoYesNoEnum","type":"string","enum":["tYES","tNO"]},"Properties28":{"description":"BoYesNoEnum","type":"string","enum":["tYES","tNO"]},"Properties21":{"description":"BoYesNoEnum","type":"string","enum":["tYES","tNO"]},"Block":{"type":"string"},"NationalInsuranceNum":{"type":"string"},"Properties22":{"description":"BoYesNoEnum","type":"string","enum":["tYES","tNO"]},"AcceptsEndorsedChecks":{"description":"BoYesNoEnum","type":"string","enum":["tYES","tNO"]},"Properties20":{"description":"BoYesNoEnum","type":"string","enum":["tYES","tNO"]},"Properties25":{"description":"BoYesNoEnum","type":"string","enum":["tYES","tNO"]},"Properties26":{"description":"BoYesNoEnum","type":"string","enum":["tYES","tNO"]},"BPBlockSendingMarketingContents":{"type":"array","items":{"$ref":"#/definitions/BPBlockSendingMarketingContent"}},"Properties23":{"description":"BoYesNoEnum","type":"string","enum":["tYES","tNO"]},"Properties24":{"description":"BoYesNoEnum","type":"string","enum":["tYES","tNO"]},"DiscountBaseObject":{"description":"DiscountGroupBaseObjectEnum","type":"string","enum":["dgboNone","dgboItemProperties","dgboItems","dgboItemGroups","dgboManufacturer"]},"BlockDunning":{"description":"BoYesNoEnum","type":"string","enum":["tYES","tNO"]},"AddrType":{"description":"BoAddressType","type":"string","enum":["bo_ShipTo","bo_BillTo"]},"InstructionKey":{"type":"string"},"ContactEmployees":{"type":"array","items":{"$ref":"#/definitions/ContactEmployee"}},"IntrestRatePercent":{"type":"number"},"County":{"type":"string"},"DownPaymentInterimAccount":{"type":"string"},"NoDiscounts":{"description":"BoYesNoEnum","type":"string","enum":["tYES","tNO"]},"Properties18":{"description":"BoYesNoEnum","type":"string","enum":["tYES","tNO"]},"DebitorAccount":{"type":"string"},"Properties19":{"description":"BoYesNoEnum","type":"string","enum":["tYES","tNO"]},"Properties16":{"description":"BoYesNoEnum","type":"string","enum":["tYES","tNO"]},"Properties17":{"description":"BoYesNoEnum","type":"string","enum":["tYES","tNO"]},"TaxCode":{"type":"string"},"CardType":{"description":"BoCardTypes","type":"string","enum":["cLid","cSupplier","cCustomer"]},"CompanyPrivate":{"description":"BoCardCompanyTypes","type":"string","enum":["cCompany","cPrivate","cGovernment"]},"Phone":{"type":"string"},"LinkedBusinessPartner":{"type":"string"},"Properties10":{"description":"BoYesNoEnum","type":"string","enum":["tYES","tNO"]},"CertificateNumber":{"type":"string"},"Properties11":{"description":"BoYesNoEnum","type":"string","enum":["tYES","tNO"]},"TaxExemptionLetterNum":{"type":"string"},"ProjectCode":{"type":"string"},"Properties14":{"description":"BoYesNoEnum","type":"string","enum":["tYES","tNO"]},"Properties15":{"description":"BoYesNoEnum","type":"string","enum":["tYES","tNO"]},"Properties12":{"description":"BoYesNoEnum","type":"string","enum":["tYES","tNO"]},"Properties13":{"description":"BoYesNoEnum","type":"string","enum":["tYES","tNO"]},"StreetNo":{"type":"string"},"ExemptionValidityDateTo":{"type":"string"},"RateDiffAccount":{"type":"string"},"GroupCode":{"type":"integer"},"ETaxWebSite":{"type":"integer"},"AttachmentEntry":{"type":"integer"},"AdditionalID":{"type":"string"},"MiddleName":{"type":"string"},"AccountType":{"description":"BoBpAccountTypes","type":"string","enum":["bpat_OpenDebts","bpat_CashDiscountInterim","bpat_Payable","bpat_OnCollection","bpat_ExchangeRateInterim","bpat_Presentation","bpat_General","bpat_AssetsPayable","bpat_DownPayment","bpat_Domestic","bpat_AssetsAccount","bpat_Unpaid","bpat_Discounted","bpat_Foreign","bpat_Receivable"]},"IndustryType":{"type":"string"},"LogInstance":{"type":"integer"},"FreeText":{"type":"string"},"Series":{"type":"integer"},"FrozenFrom":{"type":"string"},"VatIDNum":{"type":"string"},"EDIRecipientID":{"type":"string"}}},"BoCardCompanyTypes":{"type":"string","enum":["cCompany","cPrivate","cGovernment"]},"ContactEmployeeBlockSendingMarketingContent":{"type":"object","properties":{"CommunicationMediaId":{"type":"integer"},"Choose":{"$ref":"#/definitions/BoYesNoEnum"},"ContactEmployeeAbsEntry":{"type":"integer"}}},"BoYesNoEnum":{"type":"string","enum":["tYES","tNO"]},"BPWithholdingTax":{"type":"object","properties":{"BPCode":{"type":"string"},"WTCode":{"type":"string"}}},"BoCardTypes":{"type":"string","enum":["cLid","cSupplier","cCustomer"]},"BoTaxRoundingRuleTypes":{"type":"string","enum":["trr_RoundDown","trr_RoundUp","trr_RoundOff","trr_CompanyDefault"]},"BPAddress":{"type":"object","properties":{"AddressName2":{"type":"string"},"TypeOfAddress":{"type":"string"},"GstType":{"$ref":"#/definitions/BoGSTRegnTypeEnum"},"GSTIN":{"type":"string"},"ZipCode":{"type":"string"},"AddressName3":{"type":"string"},"TaxOffice":{"type":"string"},"City":{"type":"string"},"GlobalLocationNumber":{"type":"string"},"RowNum":{"type":"integer"},"County":{"type":"string"},"Nationality":{"type":"string"},"AddressName":{"type":"string"},"FederalTaxID":{"type":"string"},"BuildingFloorRoom":{"type":"string"},"TaxCode":{"type":"string"},"State":{"type":"string"},"Street":{"type":"string"},"Block":{"type":"string"},"Country":{"type":"string"},"AddressType":{"$ref":"#/definitions/BoAddressType"},"BPCode":{"type":"string"},"StreetNo":{"type":"string"}}},"TypeOfOperationEnum":{"type":"string","enum":["tooProfessionalServices","tooOthers","tooRentingAssets"]},"SEPASequenceTypeEnum":{"type":"string","enum":["sstFNAL","sstFRST","sstRCUR","sstOOFF"]},"BPFiscalTaxID":{"type":"object","properties":{"Address":{"type":"string"},"AddrType":{"$ref":"#/definitions/BoAddressType"},"TaxId13":{"type":"string"},"TaxId3":{"type":"string"},"TaxId12":{"type":"string"},"TaxId2":{"type":"string"},"TaxId11":{"type":"string"},"TaxId5":{"type":"string"},"TaxId10":{"type":"string"},"TaxId4":{"type":"string"},"TaxId1":{"type":"string"},"TaxId0":{"type":"string"},"CNAECode":{"type":"integer"},"TaxId7":{"type":"string"},"TaxId6":{"type":"string"},"TaxId9":{"type":"string"},"TaxId8":{"type":"string"},"BPCode":{"type":"string"}}},"DiscountGroupBaseObjectEnum":{"type":"string","enum":["dgboNone","dgboItemProperties","dgboItems","dgboItemGroups","dgboManufacturer"]},"ResidenceNumberTypeEnum":{"type":"string","enum":["rntCertificateofFiscalResidence","rntPassport","rntOtherDocument","rntFiscalIDIssuedbytheResidenceCountry","rntVATRegistrationNumber","rntSpanishFiscalID"]},"BPPaymentMethod":{"type":"object","properties":{"RowNumber":{"type":"integer"},"PaymentMethodCode":{"type":"string"},"BPCode":{"type":"string"}}},"BPBranchAssignmentItem":{"type":"object","properties":{"BPCode":{"type":"string"},"BPLID":{"type":"integer"}}},"BoFatherCardTypes":{"type":"string","enum":["cDelivery_sum","cPayments_sum"]},"DiscountGroupRelationsEnum":{"type":"string","enum":["dgrLowestDiscount","dgrMultipliedDiscount","dgrDiscountTotals","dgrHighestDiscount","dgrAverageDiscount"]},"BPBlockSendingMarketingContent":{"type":"object","properties":{"CommunicationMediaId":{"type":"integer"},"Choose":{"$ref":"#/definitions/BoYesNoEnum"},"CardCode":{"type":"string"}}},"AssesseeTypeEnum":{"type":"string","enum":["atCompany","atOthers"]},"BoVatStatus":{"type":"string","enum":["vLiable","vExempted","vEC"]},"ShaamGroupEnum":{"type":"string","enum":["sgServicesAndAsset","sgInsuranceCommissions","sgInterestExchangeRateDiffs","sgAgriculturalProducts","sgWHTaxInstructions"]},"BoGSTRegnTypeEnum":{"type":"string","enum":["gstUNAgencyEmbassy","gstRegularTDSISD","gstNonResidentTaxablePerson","gstGoverDepartPSU","gstCompositionLevy","gstCasualTaxablePerson"]},"AutomaticPostingEnum":{"type":"string","enum":["apInterestAndFee","apFeeOnly","apInterestOnly","apNo"]},"BoBpAccountTypes":{"type":"string","enum":["bpat_OpenDebts","bpat_CashDiscountInterim","bpat_Payable","bpat_OnCollection","bpat_ExchangeRateInterim","bpat_Presentation","bpat_General","bpat_AssetsPayable","bpat_DownPayment","bpat_Domestic","bpat_AssetsAccount","bpat_Unpaid","bpat_Discounted","bpat_Foreign","bpat_Receivable"]},"BPPaymentDate":{"type":"object","properties":{"PaymentDate":{"type":"string"},"BPCode":{"type":"string"}}},"DiscountGroup":{"type":"object","properties":{"DiscountPercentage":{"type":"number"},"ObjectEntry":{"type":"string"},"BPCode":{"type":"string"},"BaseObjectType":{"$ref":"#/definitions/DiscountGroupBaseObjectEnum"}}},"ContactEmployee":{"type":"object","properties":{"Address":{"type":"string"},"CityOfBirth":{"type":"string"},"Gender":{"$ref":"#/definitions/BoGenderTypes"},"E_Mail":{"type":"string"},"MobilePhone":{"type":"string"},"Name":{"type":"string"},"PlaceOfBirth":{"type":"string"},"Phone1":{"type":"string"},"Phone2":{"type":"string"},"InternalCode":{"type":"integer"},"Password":{"type":"string"},"EmailGroupCode":{"type":"string"},"DateOfBirth":{"type":"string"},"ContactEmployeeBlockSendingMarketingContents":{"type":"array","items":{"$ref":"#/definitions/ContactEmployeeBlockSendingMarketingContent"}},"Position":{"type":"string"},"FirstName":{"type":"string"},"CardCode":{"type":"string"},"Title":{"type":"string"},"BlockSendingMarketingContent":{"$ref":"#/definitions/BoYesNoEnum"},"MiddleName":{"type":"string"},"Profession":{"type":"string"},"Active":{"$ref":"#/definitions/BoYesNoEnum"},"Pager":{"type":"string"},"LastName":{"type":"string"},"Fax":{"type":"string"},"Remarks1":{"type":"string"},"Remarks2":{"type":"string"}}}},"swagger":"3.0","info":{"description":"This is a sample server Petstore server.","title":"Swagger For Service Layer","version":"1.0.0"},"tags":[{"name":"BusinessPartners","description":"This entity enables you to manipulate 'BusinessPartners'. It represents the business partners master data in the Business Partners module. You can use this data to record and retrieve business partner (customers, vendors, and leads) information and schedule business partner activities."}]}