{"basePath":"/b1s/v1/","paths":{"/BusinessPlaces(id)":{"patch":{"produces":["application/json","application/xml"],"description":"Update an instance of 'BusinessPlaces' with the given payload of type 'BusinessPlace' in JSON format and with the specified id.","responses":{"200":{"description":"successful operation"}},"parameters":[{"schema":{"$ref":"#/definitions/BusinessPlace"},"in":"body","name":"body"}],"tags":["BusinessPlaces"],"consumes":["application/json","application/xml"]},"get":{"produces":["application/json","application/xml"],"description":"Retrieve all or some selected properties from an instance of 'BusinessPlaces' with the given id.","responses":{"200":{"description":"successful operation"}},"parameters":[{"name":"BPLID","type":"string"},{"name":"BPLName","type":"string"},{"name":"BPLNameForeign","type":"string"}],"tags":["BusinessPlaces"],"consumes":["application/json","application/xml"]},"delete":{"produces":["application/json","application/xml"],"description":"Delete an instance of 'BusinessPlaces' with the specified id.","responses":{"200":{"description":"successful operation"}},"parameters":[],"tags":["BusinessPlaces"],"consumes":["application/json","application/xml"]}},"/BusinessPlaces":{"post":{"produces":["application/json","application/xml"],"description":"Create an instance of 'BusinessPlaces' with the given payload of type 'BusinessPlace' in JSON format.","responses":{"200":{"description":"successful operation"}},"parameters":[{"schema":{"$ref":"#/definitions/BusinessPlace"},"in":"body","name":"body"}],"tags":["BusinessPlaces"],"consumes":["application/json","application/xml"]},"get":{"produces":["application/json","application/xml"],"description":"Retrieve a collection of 'BusinessPlaces' with all or some selected properties in the given order by specifying the given filter condition.","responses":{"200":{"description":"successful operation"}},"parameters":[{"name":"BPLID","type":"string"},{"name":"BPLName","type":"string"},{"name":"BPLNameFor","type":"string"}],"tags":["BusinessPlaces"],"consumes":["application/json","application/xml"]}}},"host":"slcdemo.cfapps.sap.hana.ondemand.com","schemes":"https","definitions":{"BusinessPlace":{"type":"object","properties":{"CreditContributionOriginCode":{"type":"string"},"Address":{"type":"string"},"IENumber":{"type":"string"},"MainBPL":{"description":"BoYesNoEnum","type":"string","enum":["tYES","tNO"]},"TributaryType":{"type":"integer"},"BPLNameForeign":{"type":"string"},"BusinessPlaceTributaryInfos":{"type":"array","items":{"$ref":"#/definitions/BusinessPlaceTributaryInfo"}},"CompanyQualificationCode":{"type":"integer"},"GlobalLocationNumber":{"type":"string"},"CommercialRegister":{"type":"string"},"Industry":{"type":"string"},"FederalTaxID":{"type":"string"},"DefaultVendorID":{"type":"string"},"TributaryID":{"type":"integer"},"PreferredStateCode":{"type":"string"},"AliasName":{"type":"string"},"DefaultTaxCode":{"type":"string"},"Street":{"type":"string"},"Disabled":{"description":"BoYesNoEnum","type":"string","enum":["tYES","tNO"]},"BPLID":{"type":"integer"},"Business":{"type":"string"},"ProfitTaxationCode":{"type":"integer"},"DefaultWarehouseID":{"type":"string"},"Opting4ICMS":{"description":"BoYesNoEnum","type":"string","enum":["tYES","tNO"]},"BusinessPlaceIENumbers":{"type":"array","items":{"$ref":"#/definitions/BusinessPlaceIENumber"}},"City":{"type":"string"},"TTEndDate":{"type":"string"},"TTStartDate":{"type":"string"},"Addressforeign":{"type":"string"},"State":{"type":"string"},"DeclarerTypeCode":{"type":"integer"},"Block":{"type":"string"},"Country":{"type":"string"},"IPIPeriodCode":{"type":"string"},"TRCEndDate":{"type":"string"},"Building":{"type":"string"},"FederalTaxID3":{"type":"string"},"FederalTaxID2":{"type":"string"},"PaymentClearingAccount":{"type":"string"},"County":{"type":"string"},"RepName":{"type":"string"},"DefaultResourceWarehouseID":{"type":"string"},"DefaultCustomerID":{"type":"string"},"TributaryRegimeCode":{"type":"integer"},"EconomicActivityTypeCode":{"type":"integer"},"AdditionalIdNumber":{"type":"string"},"VATRegNum":{"type":"string"},"BPLName":{"type":"string"},"StreetNo":{"type":"string"},"ZipCode":{"type":"string"},"TaxOfficeNo":{"type":"string"},"TaxOffice":{"type":"string"},"CooperativeAssociationTypeCode":{"type":"integer"},"SPEDProfile":{"type":"string"},"TRCStartDate":{"type":"string"},"EnvironmentType":{"type":"integer"},"NatureOfCompanyCode":{"type":"integer"},"AddressType":{"type":"string"},"DateOfIncorporation":{"type":"string"}}},"BusinessPlaceIENumber":{"type":"object","properties":{"IENumber":{"type":"string"},"State":{"type":"string"},"BPLID":{"type":"integer"}}},"BusinessPlaceTributaryInfo":{"type":"object","properties":{"TTEndDate":{"type":"string"},"TributaryRegimeCode":{"type":"integer"},"TTStartDate":{"type":"string"},"TributaryType":{"type":"integer"},"TributaryID":{"type":"integer"},"TRCEndDate":{"type":"string"},"BPLID":{"type":"integer"},"TRCStartDate":{"type":"string"}}},"BoYesNoEnum":{"type":"string","enum":["tYES","tNO"]}},"swagger":"3.0","info":{"description":"This is a sample server Petstore server.","title":"Swagger For Service Layer","version":"1.0.0"},"tags":[{"name":"BusinessPlaces","description":"This entity enables you to manipulate 'BusinessPlaces'. It represents a company's business locations."}]}