{"basePath":"/b1s/v1/","paths":{"/BusinessPartnerProperties":{"get":{"produces":["application/json","application/xml"],"description":"Retrieve a collection of 'BusinessPartnerProperties' with all or some selected properties in the given order by specifying the given filter condition.","responses":{"200":{"description":"successful operation"}},"parameters":[{"name":"PropertyCode","type":"string"},{"name":"Property","type":"string"}],"tags":["BusinessPartnerProperties"],"consumes":["application/json","application/xml"]}},"/BusinessPartnerProperties(id)":{"patch":{"produces":["application/json","application/xml"],"description":"Update an instance of 'BusinessPartnerProperties' with the given payload of type 'BusinessPartnerProperty' in JSON format and with the specified id.","responses":{"200":{"description":"successful operation"}},"parameters":[{"schema":{"$ref":"#/definitions/BusinessPartnerProperty"},"in":"body","name":"body"}],"tags":["BusinessPartnerProperties"],"consumes":["application/json","application/xml"]},"get":{"produces":["application/json","application/xml"],"description":"Retrieve all or some selected properties from an instance of 'BusinessPartnerProperties' with the given id.","responses":{"200":{"description":"successful operation"}},"parameters":[{"name":"PropertyCode","type":"string"},{"name":"PropertyName","type":"string"}],"tags":["BusinessPartnerProperties"],"consumes":["application/json","application/xml"]}}},"host":"slcdemo.cfapps.sap.hana.ondemand.com","schemes":"https","definitions":{"BusinessPartnerProperty":{"type":"object","properties":{"PropertyName":{"type":"string"},"PropertyCode":{"type":"integer"}}}},"swagger":"3.0","info":{"description":"This is a sample server Petstore server.","title":"Swagger For Service Layer","version":"1.0.0"},"tags":[{"name":"BusinessPartnerProperties","description":"This entity enables you to manipulate 'BusinessPartnerProperties'."}]}