{"basePath":"/b1s/v1/","paths":{"/CampaignResponseType":{"post":{"produces":["application/json","application/xml"],"description":"\n\t\t\t\t\tCreate an instance of 'CampaignResponseType' with the given payload of type 'CampaignResponseType' in JSON format.\n\t\t\t\t","responses":{"200":{"description":"successful operation"}},"parameters":[{"schema":{"$ref":"#/definitions/CampaignResponseType"},"in":"body","name":"body"}],"tags":["CampaignResponseType"],"consumes":["application/json","application/xml"]},"get":{"produces":["application/json","application/xml"],"description":"\n\t\t\t\t\tRetrieve a collection of 'CampaignResponseType' with all or some selected properties in the given order by specifying the given filter condition.\n\t\t\t\t","responses":{"200":{"description":"successful operation"}},"parameters":[{"name":"ResponseTypeDescription","type":"string"},{"name":"ResponseType","type":"string"},{"name":"IsAc","type":"string"}],"tags":["CampaignResponseType"],"consumes":["application/json","application/xml"]}},"/CampaignResponseType(id)":{"patch":{"produces":["application/json","application/xml"],"description":"\n\t\t\t\t\tUpdate an instance of 'CampaignResponseType' with the given payload of type 'CampaignResponseType' in JSON format and with the specified id.\n\t\t\t\t","responses":{"200":{"description":"successful operation"}},"parameters":[{"schema":{"$ref":"#/definitions/CampaignResponseType"},"in":"body","name":"body"}],"tags":["CampaignResponseType"],"consumes":["application/json","application/xml"]},"get":{"produces":["application/json","application/xml"],"description":"\n\t\t\t\t\tRetrieve all or some selected properties from an instance of 'CampaignResponseType' with the given id.\n\t\t\t\t","responses":{"200":{"description":"successful operation"}},"parameters":[{"name":"ResponseTypeDescription","type":"string"},{"name":"ResponseType","type":"string"},{"name":"IsActive","type":"string"}],"tags":["CampaignResponseType"],"consumes":["application/json","application/xml"]},"delete":{"produces":["application/json","application/xml"],"description":"\n\t\t\t\t\tDelete an instance of 'CampaignResponseType' with the specified id.\n\t\t\t\t","responses":{"200":{"description":"successful operation"}},"parameters":[],"tags":["CampaignResponseType"],"consumes":["application/json","application/xml"]}}},"host":"slcdemo.cfapps.sap.hana.ondemand.com","schemes":"https","definitions":{"CampaignResponseType":{"type":"object","properties":{"ResponseTypeDescription":{"type":"string"},"IsActive":{"description":"BoYesNoEnum","type":"string","enum":["tYES","tNO"]},"ResponseType":{"type":"string"}}},"BoYesNoEnum":{"type":"string","enum":["tYES","tNO"]}},"swagger":"3.0","info":{"description":"This is a sample server Petstore server.","title":"Swagger For Service Layer","version":"1.0.0"},"tags":[{"name":"CampaignResponseType","description":"\n\t\t\tThis entity enables you to manipulate 'CampaignResponseType'.\n\t\t"}]}