{"basePath":"/b1s/v1/","paths":{"/Campaigns":{"post":{"produces":["application/json","application/xml"],"description":"\n\t\t\t\t\tCreate an instance of 'Campaigns' with the given payload of type 'Campaign' in JSON format.\n\t\t\t\t","responses":{"200":{"description":"successful operation"}},"parameters":[{"schema":{"$ref":"#/definitions/Campaign"},"in":"body","name":"body"}],"tags":["Campaigns"],"consumes":["application/json","application/xml"]},"get":{"produces":["application/json","application/xml"],"description":"\n\t\t\t\t\tRetrieve a collection of 'Campaigns' with all or some selected properties in the given order by specifying the given filter condition.\n\t\t\t\t","responses":{"200":{"description":"successful operation"}},"parameters":[{"name":"CampaignNumber","type":"string"},{"name":"CampaignName","type":"string"},{"name":"Campaign","type":"string"}],"tags":["Campaigns"],"consumes":["application/json","application/xml"]}},"/Campaigns(id)":{"patch":{"produces":["application/json","application/xml"],"description":"\n\t\t\t\t\tUpdate an instance of 'Campaigns' with the given payload of type 'Campaign' in JSON format and with the specified id.\n\t\t\t\t","responses":{"200":{"description":"successful operation"}},"parameters":[{"schema":{"$ref":"#/definitions/Campaign"},"in":"body","name":"body"}],"tags":["Campaigns"],"consumes":["application/json","application/xml"]},"get":{"produces":["application/json","application/xml"],"description":"\n\t\t\t\t\tRetrieve all or some selected properties from an instance of 'Campaigns' with the given id.\n\t\t\t\t","responses":{"200":{"description":"successful operation"}},"parameters":[{"name":"CampaignNumber","type":"string"},{"name":"CampaignName","type":"string"},{"name":"CampaignType","type":"string"}],"tags":["Campaigns"],"consumes":["application/json","application/xml"]},"delete":{"produces":["application/json","application/xml"],"description":"\n\t\t\t\t\tDelete an instance of 'Campaigns' with the specified id.\n\t\t\t\t","responses":{"200":{"description":"successful operation"}},"parameters":[],"tags":["Campaigns"],"consumes":["application/json","application/xml"]}},"/Campaigns(id)/Cancel":{"post":{"produces":["application/json","application/xml"],"description":"\n\t\t\t\t\tInvoke the method 'Cancel' on this EntitySet with the specified id.\n\t\t\t\t","responses":{"200":{"description":"successful operation"}},"parameters":[{"schema":{"$ref":"#/definitions/Campaign"},"in":"body","name":"body"}],"tags":["Campaigns"],"consumes":["application/json","application/xml"]}}},"host":"slcdemo.cfapps.sap.hana.ondemand.com","schemes":"https","definitions":{"CampaignItemTypeEnum":{"type":"string","enum":["citItems","citTravel","citLabel"]},"CampaignItem":{"type":"object","properties":{"ItemCode":{"type":"string"},"CampaignLineNumber":{"type":"integer"},"ItemGroup":{"type":"string"},"CampaignNumber":{"type":"integer"},"ItemType":{"$ref":"#/definitions/CampaignItemTypeEnum"},"ItemName":{"type":"string"}}},"Campaign":{"type":"object","properties":{"AddressName2":{"type":"string"},"Owner":{"type":"integer"},"AddressName3":{"type":"string"},"ItemType":{"description":"CampaignItemTypeEnum","type":"string","enum":["citItems","citTravel","citLabel"]},"CampaignItems":{"type":"array","items":{"$ref":"#/definitions/CampaignItem"}},"BPGroupName":{"type":"string"},"StartDate":{"type":"string"},"FederalTaxID":{"type":"string"},"CampaignNumber":{"type":"integer"},"Remarks":{"type":"string"},"DocNumber":{"type":"integer"},"TargetGroup":{"type":"string"},"Street":{"type":"string"},"CampaignType":{"description":"CampaignTypeEnum","type":"string","enum":["ctEmail","ctMail","ctWeb","ctMeeting","ctFax","ctOthers","ctSMS","ctPhoneCall"]},"Status":{"description":"CampaignStatusEnum","type":"string","enum":["csFinished","csOpen","csCanceled"]},"ContactMobile":{"type":"string"},"ContactAddress":{"type":"string"},"BPIndustryName":{"type":"string"},"AssignTo":{"description":"CampaignAssignToEnum","type":"string","enum":["catUser","catEmployee"]},"CampaignPartners":{"type":"array","items":{"$ref":"#/definitions/CampaignPartner"}},"ContactPosition":{"type":"string"},"DocEntry":{"type":"integer"},"PartnerID":{"type":"integer"},"City":{"type":"string"},"IsShowLinkedDoc":{"description":"BoYesNoEnum","type":"string","enum":["tYES","tNO"]},"RelatedSalesOpportunity":{"type":"integer"},"ResponseType":{"type":"string"},"Details":{"type":"string"},"State":{"type":"string"},"Block":{"type":"string"},"Country":{"type":"string"},"LastName":{"type":"string"},"ContactTelephone":{"type":"string"},"Building":{"type":"string"},"TargetGroupType":{"description":"TargetGroupTypeEnum","type":"string","enum":["tgtCustomer","tgtVendor"]},"ItemCode":{"type":"string"},"CampaignName":{"type":"string"},"County":{"type":"string"},"BPStatus":{"type":"string"},"BPName":{"type":"string"},"AssignName":{"type":"integer"},"RelationshipCode":{"type":"integer"},"ItemName":{"type":"string"},"ContactFax":{"type":"string"},"CreateActivity":{"description":"BoYesNoEnum","type":"string","enum":["tYES","tNO"]},"ContactCode":{"type":"string"},"DocType":{"description":"LinkedDocTypeEnum","type":"string","enum":["ldtSalesOrdersLink","ldtSalesQuotationsLink","ldtARInvoicesLink","ldtEmptyLink","ldtDeliveriesLink","ldtSalesOpportunitiesLink"]},"StreetNo":{"type":"string"},"CampaignBusinessPartners":{"type":"array","items":{"$ref":"#/definitions/CampaignBusinessPartner"}},"RelatedBP":{"type":"string"},"ZipCode":{"type":"string"},"FirstName":{"type":"string"},"AttachementsEntry":{"type":"integer"},"FinishDate":{"type":"string"},"MiddleName":{"type":"string"},"ContactTitle":{"type":"string"},"Response":{"description":"BoYesNoEnum","type":"string","enum":["tYES","tNO"]},"CampaignLineNumber":{"type":"integer"},"ItemGroup":{"type":"string"},"GeneratedByWizard":{"description":"BoYesNoEnum","type":"string","enum":["tYES","tNO"]},"ContactEmail":{"type":"string"},"BPCode":{"type":"string"},"AddressType":{"type":"string"},"AddressID":{"type":"string"}}},"CampaignPartner":{"type":"object","properties":{"RelatedBP":{"type":"string"},"CampaignLineNumber":{"type":"integer"},"Details":{"type":"string"},"CampaignNumber":{"type":"integer"},"RelationshipCode":{"type":"integer"},"PartnerID":{"type":"integer"}}},"CampaignBusinessPartner":{"type":"object","properties":{"ContactTelephone":{"type":"string"},"Building":{"type":"string"},"AddressName2":{"type":"string"},"AddressName3":{"type":"string"},"BPGroupName":{"type":"string"},"County":{"type":"string"},"FederalTaxID":{"type":"string"},"BPStatus":{"type":"string"},"CampaignNumber":{"type":"integer"},"BPName":{"type":"string"},"AssignName":{"type":"integer"},"DocNumber":{"type":"integer"},"Street":{"type":"string"},"ContactFax":{"type":"string"},"CreateActivity":{"$ref":"#/definitions/BoYesNoEnum"},"ContactCode":{"type":"string"},"DocType":{"$ref":"#/definitions/LinkedDocTypeEnum"},"StreetNo":{"type":"string"},"ContactMobile":{"type":"string"},"ContactAddress":{"type":"string"},"BPIndustryName":{"type":"string"},"AssignTo":{"$ref":"#/definitions/CampaignAssignToEnum"},"ZipCode":{"type":"string"},"FirstName":{"type":"string"},"ContactPosition":{"type":"string"},"DocEntry":{"type":"integer"},"City":{"type":"string"},"IsShowLinkedDoc":{"$ref":"#/definitions/BoYesNoEnum"},"MiddleName":{"type":"string"},"RelatedSalesOpportunity":{"type":"integer"},"ContactTitle":{"type":"string"},"ResponseType":{"type":"string"},"Response":{"$ref":"#/definitions/BoYesNoEnum"},"CampaignLineNumber":{"type":"integer"},"State":{"type":"string"},"ContactEmail":{"type":"string"},"Block":{"type":"string"},"Country":{"type":"string"},"LastName":{"type":"string"},"BPCode":{"type":"string"},"AddressType":{"type":"string"},"AddressID":{"type":"string"}}},"TargetGroupTypeEnum":{"type":"string","enum":["tgtCustomer","tgtVendor"]},"CampaignTypeEnum":{"type":"string","enum":["ctEmail","ctMail","ctWeb","ctMeeting","ctFax","ctOthers","ctSMS","ctPhoneCall"]},"CampaignAssignToEnum":{"type":"string","enum":["catUser","catEmployee"]},"CampaignStatusEnum":{"type":"string","enum":["csFinished","csOpen","csCanceled"]},"BoYesNoEnum":{"type":"string","enum":["tYES","tNO"]},"LinkedDocTypeEnum":{"type":"string","enum":["ldtSalesOrdersLink","ldtSalesQuotationsLink","ldtARInvoicesLink","ldtEmptyLink","ldtDeliveriesLink","ldtSalesOpportunitiesLink"]}},"swagger":"3.0","info":{"description":"This is a sample server Petstore server.","title":"Swagger For Service Layer","version":"1.0.0"},"tags":[{"name":"Campaigns","description":"\n\t\t\tThis entity enables you to manipulate 'Campaigns'.\n\t\t"}]}