{"basePath":"/b1s/v1/","paths":{"/CampaignsService_GetList":{"post":{"produces":["application/json","application/xml"],"description":"\n\t\t\t\t\tInvoke the method 'GetList' on this service.\n\t\t\t\t","responses":{"200":{"description":"successful operation"}},"parameters":[{"schema":{"$ref":"#/definitions/Campaign"},"in":"body","name":"body"}],"tags":["CampaignsService"],"consumes":["application/json","application/xml"]}}},"host":"slcdemo.cfapps.sap.hana.ondemand.com","schemes":"https","definitions":{"Campaign":{"type":"object","properties":{}}},"swagger":"3.0","info":{"description":"This is a sample server Petstore server.","title":"Swagger For Service Layer","version":"1.0.0"},"tags":[{"name":"CampaignsService","description":"\n\t\t\tThis API enables you to invoke the interfaces defined on 'CampaignsService'.\n\t\t"}]}