{"basePath":"/b1s/v1/","paths":{"/CashFlowLineItems":{"get":{"produces":["application/json","application/xml"],"description":"Retrieve a collection of 'CashFlowLineItems' with all or some selected properties in the given order by specifying the given filter condition.","responses":{"200":{"description":"successful operation"}},"parameters":[{"name":"LineItemID","type":"string"},{"name":"LineItemName","type":"string"},{"name":"ActiveLine","type":"string"}],"tags":["CashFlowLineItems"],"consumes":["application/json","application/xml"]}},"/CashFlowLineItems(id)":{"get":{"produces":["application/json","application/xml"],"description":"Retrieve all or some selected properties from an instance of 'CashFlowLineItems' with the given id.","responses":{"200":{"description":"successful operation"}},"parameters":[{"name":"LineItemID","type":"string"},{"name":"LineItemName","type":"string"},{"name":"ActiveLineItem","type":"string"}],"tags":["CashFlowLineItems"],"consumes":["application/json","application/xml"]}}},"host":"slcdemo.cfapps.sap.hana.ondemand.com","schemes":"https","definitions":{"CashFlowLineItem":{"type":"object","properties":{"ParentArticle":{"type":"integer"},"Level":{"type":"integer"},"LineItemID":{"type":"integer"},"Drawer":{"type":"integer"},"LineItemName":{"type":"string"},"ActiveLineItem":{"description":"BoYesNoEnum","type":"string","enum":["tYES","tNO"]}}},"BoYesNoEnum":{"type":"string","enum":["tYES","tNO"]}},"swagger":"3.0","info":{"description":"This is a sample server Petstore server.","title":"Swagger For Service Layer","version":"1.0.0"},"tags":[{"name":"CashFlowLineItems","description":"This entity enables you to manipulate 'CashFlowLineItems'."}]}