{"basePath":"/b1s/v1/","paths":{"/CashDiscounts":{"post":{"produces":["application/json","application/xml"],"description":"Create an instance of 'CashDiscounts' with the given payload of type 'CashDiscount' in JSON format.","responses":{"200":{"description":"successful operation"}},"parameters":[{"schema":{"$ref":"#/definitions/CashDiscount"},"in":"body","name":"body"}],"tags":["CashDiscounts"],"consumes":["application/json","application/xml"]},"get":{"produces":["application/json","application/xml"],"description":"Retrieve a collection of 'CashDiscounts' with all or some selected properties in the given order by specifying the given filter condition.","responses":{"200":{"description":"successful operation"}},"parameters":[{"name":"Code","type":"string"},{"name":"Name","type":"string"},{"name":"By","type":"string"}],"tags":["CashDiscounts"],"consumes":["application/json","application/xml"]}},"/CashDiscounts(id)":{"patch":{"produces":["application/json","application/xml"],"description":"Update an instance of 'CashDiscounts' with the given payload of type 'CashDiscount' in JSON format and with the specified id.","responses":{"200":{"description":"successful operation"}},"parameters":[{"schema":{"$ref":"#/definitions/CashDiscount"},"in":"body","name":"body"}],"tags":["CashDiscounts"],"consumes":["application/json","application/xml"]},"get":{"produces":["application/json","application/xml"],"description":"Retrieve all or some selected properties from an instance of 'CashDiscounts' with the given id.","responses":{"200":{"description":"successful operation"}},"parameters":[{"name":"Code","type":"string"},{"name":"Name","type":"string"},{"name":"ByDate","type":"string"}],"tags":["CashDiscounts"],"consumes":["application/json","application/xml"]},"delete":{"produces":["application/json","application/xml"],"description":"Delete an instance of 'CashDiscounts' with the specified id.","responses":{"200":{"description":"successful operation"}},"parameters":[],"tags":["CashDiscounts"],"consumes":["application/json","application/xml"]}}},"host":"slcdemo.cfapps.sap.hana.ondemand.com","schemes":"https","definitions":{"CashDiscount":{"type":"object","properties":{"Month":{"type":"integer"},"NumOfDays":{"type":"integer"},"Discount":{"type":"number"},"LineId":{"type":"integer"},"Tax":{"description":"BoYesNoEnum","type":"string","enum":["tYES","tNO"]},"DiscountCode":{"type":"string"},"ByDate":{"description":"BoYesNoEnum","type":"string","enum":["tYES","tNO"]},"Code":{"type":"string"},"Day":{"type":"integer"},"DiscountLines":{"type":"array","items":{"$ref":"#/definitions/DiscountLine"}},"Freight":{"description":"BoYesNoEnum","type":"string","enum":["tYES","tNO"]},"Name":{"type":"string"}}},"DiscountLine":{"type":"object","properties":{"Month":{"type":"integer"},"NumOfDays":{"type":"integer"},"Discount":{"type":"number"},"LineId":{"type":"integer"},"DiscountCode":{"type":"string"},"Day":{"type":"integer"}}},"BoYesNoEnum":{"type":"string","enum":["tYES","tNO"]}},"swagger":"3.0","info":{"description":"This is a sample server Petstore server.","title":"Swagger For Service Layer","version":"1.0.0"},"tags":[{"name":"CashDiscounts","description":"This entity enables you to manipulate 'CashDiscounts'."}]}