{"basePath":"/b1s/v1/","paths":{"/CashDiscountsService_GetCashDiscountList":{"post":{"produces":["application/json","application/xml"],"description":"Invoke the method 'GetCashDiscountList' on this service.","responses":{"200":{"description":"successful operation"}},"parameters":[{"schema":{"$ref":"#/definitions/CashDiscount"},"in":"body","name":"body"}],"tags":["CashDiscountsService"],"consumes":["application/json","application/xml"]}}},"host":"slcdemo.cfapps.sap.hana.ondemand.com","schemes":"https","definitions":{"CashDiscount":{"type":"object","properties":{}}},"swagger":"3.0","info":{"description":"This is a sample server Petstore server.","title":"Swagger For Service Layer","version":"1.0.0"},"tags":[{"name":"CashDiscountsService","description":"This API enables you to invoke the interfaces defined on 'CashDiscountsService'."}]}