{"basePath":"/b1s/v1/","paths":{"/CertificateSeries":{"post":{"produces":["application/json","application/xml"],"description":"Create an instance of 'CertificateSeries' with the given payload of type 'CertificateSeries' in JSON format.","responses":{"200":{"description":"successful operation"}},"parameters":[{"schema":{"$ref":"#/definitions/CertificateSeries"},"in":"body","name":"body"}],"tags":["CertificateSeries"],"consumes":["application/json","application/xml"]},"get":{"produces":["application/json","application/xml"],"description":"Retrieve a collection of 'CertificateSeries' with all or some selected properties in the given order by specifying the given filter condition.","responses":{"200":{"description":"successful operation"}},"parameters":[{"name":"AbsEntry","type":"string"},{"name":"Code","type":"string"},{"name":"Sec","type":"string"}],"tags":["CertificateSeries"],"consumes":["application/json","application/xml"]}},"/CertificateSeries(id)":{"patch":{"produces":["application/json","application/xml"],"description":"Update an instance of 'CertificateSeries' with the given payload of type 'CertificateSeries' in JSON format and with the specified id.","responses":{"200":{"description":"successful operation"}},"parameters":[{"schema":{"$ref":"#/definitions/CertificateSeries"},"in":"body","name":"body"}],"tags":["CertificateSeries"],"consumes":["application/json","application/xml"]},"get":{"produces":["application/json","application/xml"],"description":"Retrieve all or some selected properties from an instance of 'CertificateSeries' with the given id.","responses":{"200":{"description":"successful operation"}},"parameters":[{"name":"AbsEntry","type":"string"},{"name":"Code","type":"string"},{"name":"Section","type":"string"}],"tags":["CertificateSeries"],"consumes":["application/json","application/xml"]},"delete":{"produces":["application/json","application/xml"],"description":"Delete an instance of 'CertificateSeries' with the specified id.","responses":{"200":{"description":"successful operation"}},"parameters":[],"tags":["CertificateSeries"],"consumes":["application/json","application/xml"]}}},"host":"slcdemo.cfapps.sap.hana.ondemand.com","schemes":"https","definitions":{"CertificateSeries":{"type":"object","properties":{"Series":{"type":"integer"},"NextNum":{"type":"integer"},"FirstNum":{"type":"integer"},"LastNum":{"type":"integer"},"Prefix":{"type":"string"},"AbsEntry":{"type":"integer"},"Code":{"type":"string"},"Section":{"type":"integer"},"DefaultSeries":{"type":"integer"},"Location":{"type":"integer"},"SeriesLines":{"type":"array","items":{"$ref":"#/definitions/SeriesLine"}}}},"SeriesLine":{"type":"object","properties":{"Series":{"type":"integer"},"NextNum":{"type":"integer"},"FirstNum":{"type":"integer"},"LastNum":{"type":"integer"},"Prefix":{"type":"string"}}}},"swagger":"3.0","info":{"description":"This is a sample server Petstore server.","title":"Swagger For Service Layer","version":"1.0.0"},"tags":[{"name":"CertificateSeries","description":"This entity enables you to manipulate 'CertificateSeries'."}]}