{"basePath":"/b1s/v1/","paths":{"/ChangeLogsService_GetChangeLogDifferences":{"post":{"produces":["application/json","application/xml"],"description":"Invoke the method 'GetChangeLogDifferences' on this service by specifying the payload 'ShowDifferenceParams' in the JSON format.","responses":{"200":{"description":"successful operation"}},"parameters":[{"schema":{"$ref":"#/definitions/CertificateSeries"},"in":"body","name":"body"}],"tags":["ChangeLogsService"],"consumes":["application/json","application/xml"]}},"/ChangeLogsService_GetChangeLog":{"post":{"produces":["application/json","application/xml"],"description":"Invoke the method 'GetChangeLog' on this service by specifying the payload 'GetChangeLogParams' in the JSON format.","responses":{"200":{"description":"successful operation"}},"parameters":[{"schema":{"$ref":"#/definitions/CertificateSeries"},"in":"body","name":"body"}],"tags":["ChangeLogsService"],"consumes":["application/json","application/xml"]}}},"host":"slcdemo.cfapps.sap.hana.ondemand.com","schemes":"https","definitions":{"ShowDifferenceParams":{"type":"object","properties":{"LogInstance2":{"type":"integer"},"PrimaryKey":{"type":"string"},"UDOObjectCode":{"type":"string"},"Object":{"$ref":"#/definitions/BoChangeLogEnum"},"LogInstance":{"type":"integer"}}},"GetChangeLogParams":{"type":"object","properties":{"PrimaryKey":{"type":"string"},"UDOObjectCode":{"type":"string"},"Object":{"$ref":"#/definitions/BoChangeLogEnum"}}},"CertificateSeries":{"type":"object","properties":{}},"BoChangeLogEnum":{"type":"string","enum":["clIncomingExciseInvoice","clPurchaseInvoices","clCorrectionInvoiceReversal","clItemGroups","clWarehouses","clHouseBankAccounts","clWithholdingTaxCodes","clStockTransfers","clItems","clJournalEntries","clPurchaseDeliveryNotes","clCreditCards","clPurchaseReturns","clReturns","clCorrectionPurchaseInvoiceReversal","clServiceCalls","clInternalBankOperationCodes","clChartOfAccounts","clPeriodCategory","clDeliveryNotes","clMaterialRevaluation","clEmployeesInfo","clSalesTaxInvoice","clDownPayments","clCustomerEquipmentCards","clPickLists","clProductionOrders","clUsers","clAdditionalExpenses","clProductTrees","clVendorPayments","clBillOfExchange","clAdminInfo","clInventoryGeneralEntry","clPurchaseCreditNotes","clOutgoingExciseInvoice","clUDO","clPurchaseQuotation","clCorrectionInvoice","clFinancePeriods","clPurchaseOrders","clBusinessPartners","clExternalBankOperationCodes","clIncomingPayments","clInventoryTransferRequests","clVatGroups","clCorrectionPurchaseInvoice","clPurchaseDownPayments","clCreditNotes","clInvoices","clQuotations","clOrders","clInventoryGeneralExit","clPurchaseTaxInvoice"]}},"swagger":"3.0","info":{"description":"This is a sample server Petstore server.","title":"Swagger For Service Layer","version":"1.0.0"},"tags":[{"name":"ChangeLogsService","description":"This API enables you to invoke the interfaces defined on 'ChangeLogsService'."}]}