{"basePath":"/b1s/v1/","paths":{"/ChartOfAccounts(id)":{"patch":{"produces":["application/json","application/xml"],"description":"Update an instance of 'ChartOfAccounts' with the given payload of type 'ChartOfAccount' in JSON format and with the specified id.","responses":{"200":{"description":"successful operation"}},"parameters":[{"schema":{"$ref":"#/definitions/ChartOfAccount"},"in":"body","name":"body"}],"tags":["ChartOfAccounts"],"consumes":["application/json","application/xml"]},"get":{"produces":["application/json","application/xml"],"description":"Retrieve all or some selected properties from an instance of 'ChartOfAccounts' with the given id.","responses":{"200":{"description":"successful operation"}},"parameters":[{"name":"Code","type":"string"},{"name":"Name","type":"string"},{"name":"Balance","type":"string"}],"tags":["ChartOfAccounts"],"consumes":["application/json","application/xml"]},"delete":{"produces":["application/json","application/xml"],"description":"Delete an instance of 'ChartOfAccounts' with the specified id.","responses":{"200":{"description":"successful operation"}},"parameters":[],"tags":["ChartOfAccounts"],"consumes":["application/json","application/xml"]}},"/ChartOfAccounts":{"post":{"produces":["application/json","application/xml"],"description":"Create an instance of 'ChartOfAccounts' with the given payload of type 'ChartOfAccount' in JSON format.","responses":{"200":{"description":"successful operation"}},"parameters":[{"schema":{"$ref":"#/definitions/ChartOfAccount"},"in":"body","name":"body"}],"tags":["ChartOfAccounts"],"consumes":["application/json","application/xml"]},"get":{"produces":["application/json","application/xml"],"description":"Retrieve a collection of 'ChartOfAccounts' with all or some selected properties in the given order by specifying the given filter condition.","responses":{"200":{"description":"successful operation"}},"parameters":[{"name":"Code","type":"string"},{"name":"Name","type":"string"},{"name":"Bal","type":"string"}],"tags":["ChartOfAccounts"],"consumes":["application/json","application/xml"]}}},"host":"slcdemo.cfapps.sap.hana.ondemand.com","schemes":"https","definitions":{"BoAccountTypes":{"type":"string","enum":["at_Other","at_Revenues","at_Expenses"]},"SPEDContabilAccountPurposeCode":{"type":"string","enum":["spedContasDeAtivo","spedContasDeCompensacao","spedPatrimonioLiquido","spedContasDePassivo","spedOutras","spedContasDeResultado"]},"BoYesNoEnum":{"type":"string","enum":["tYES","tNO"]},"ChartOfAccount":{"type":"object","properties":{"ActiveAccount":{"description":"BoYesNoEnum","type":"string","enum":["tYES","tNO"]},"ExternalReconNo":{"type":"integer"},"AllowMultipleLinking":{"description":"BoYesNoEnum","type":"string","enum":["tYES","tNO"]},"Name":{"type":"string"},"TaxExemptAccount":{"description":"BoYesNoEnum","type":"string","enum":["tYES","tNO"]},"FatherAccountKey":{"type":"string"},"ReconciledAccount":{"description":"BoYesNoEnum","type":"string","enum":["tYES","tNO"]},"InternalReconNo":{"type":"integer"},"TransactionCode":{"type":"string"},"ReferentialAccountCode":{"type":"string"},"BPLID":{"type":"integer"},"AllowChangeVatGroup":{"description":"BoYesNoEnum","type":"string","enum":["tYES","tNO"]},"Protected":{"description":"BoYesNoEnum","type":"string","enum":["tYES","tNO"]},"LiableForAdvances":{"description":"BoYesNoEnum","type":"string","enum":["tYES","tNO"]},"CashAccount":{"description":"BoYesNoEnum","type":"string","enum":["tYES","tNO"]},"Balance_syscurr":{"type":"number"},"DatevFirstDataEntry":{"description":"BoYesNoEnum","type":"string","enum":["tYES","tNO"]},"Code":{"type":"string"},"AccountLevel":{"type":"integer"},"RevaluationCoordinated":{"description":"BoYesNoEnum","type":"string","enum":["tYES","tNO"]},"RateConversion":{"description":"BoYesNoEnum","type":"string","enum":["tYES","tNO"]},"Details":{"type":"string"},"FormatCode":{"type":"string"},"DistributionRule4Relevant":{"description":"BoYesNoEnum","type":"string","enum":["tYES","tNO"]},"LockManualTransaction":{"description":"BoYesNoEnum","type":"string","enum":["tYES","tNO"]},"Balance":{"type":"number"},"DatevAutoAccount":{"description":"BoYesNoEnum","type":"string","enum":["tYES","tNO"]},"Category":{"type":"integer"},"PrimaryAccount":{"description":"BoYesNoEnum","type":"string","enum":["tYES","tNO"]},"ForeignName":{"type":"string"},"TaxLiableAccount":{"description":"BoYesNoEnum","type":"string","enum":["tYES","tNO"]},"LoadingFactorCode3":{"type":"string"},"DatevAccount":{"type":"integer"},"LoadingFactorCode2":{"type":"string"},"DistributionRule2Relevant":{"description":"BoYesNoEnum","type":"string","enum":["tYES","tNO"]},"DefaultVatGroup":{"type":"string"},"LoadingFactorCode5":{"type":"string"},"LoadingFactorCode4":{"type":"string"},"ProjectCode":{"type":"string"},"VATRegNum":{"type":"string"},"BPLName":{"type":"string"},"DataExportCode":{"type":"string"},"LoadingFactorCode":{"type":"string"},"ExternalCode":{"type":"string"},"LoadingType":{"description":"BoYesNoEnum","type":"string","enum":["tYES","tNO"]},"BudgetAccount":{"description":"BoYesNoEnum","type":"string","enum":["tYES","tNO"]},"ProjectRelevant":{"description":"BoYesNoEnum","type":"string","enum":["tYES","tNO"]},"AccountPurposeCode":{"description":"SPEDContabilAccountPurposeCode","type":"string","enum":["spedContasDeAtivo","spedContasDeCompensacao","spedPatrimonioLiquido","spedContasDePassivo","spedOutras","spedContasDeResultado"]},"PlanningLevel":{"type":"string"},"Balance_FrgnCurr":{"type":"number"},"AccountType":{"description":"BoAccountTypes","type":"string","enum":["at_Other","at_Revenues","at_Expenses"]},"DistributionRuleRelevant":{"description":"BoYesNoEnum","type":"string","enum":["tYES","tNO"]},"DistributionRule3Relevant":{"description":"BoYesNoEnum","type":"string","enum":["tYES","tNO"]},"DistributionRule5Relevant":{"description":"BoYesNoEnum","type":"string","enum":["tYES","tNO"]},"AcctCurrency":{"type":"string"}}}},"swagger":"3.0","info":{"description":"This is a sample server Petstore server.","title":"Swagger For Service Layer","version":"1.0.0"},"tags":[{"name":"ChartOfAccounts","description":"This entity enables you to manipulate 'ChartOfAccounts'. It represents the General Ledger (G/L) accounts in the Finance module. The Chart of Accounts is an index of all G/L accounts that are used by one or more companies. For every G/L account there is an account number, an account description, and information that determines the function of the account."}]}