{"basePath":"/b1s/v1/","paths":{"/ChecksforPayment(id)":{"patch":{"produces":["application/json","application/xml"],"description":"Update an instance of 'ChecksforPayment' with the given payload of type 'ChecksforPayment' in JSON format and with the specified id.","responses":{"200":{"description":"successful operation"}},"parameters":[{"schema":{"$ref":"#/definitions/ChecksforPayment"},"in":"body","name":"body"}],"tags":["ChecksforPayment"],"consumes":["application/json","application/xml"]},"get":{"produces":["application/json","application/xml"],"description":"Retrieve all or some selected properties from an instance of 'ChecksforPayment' with the given id.","responses":{"200":{"description":"successful operation"}},"parameters":[{"name":"CheckKey","type":"string"},{"name":"CheckNumber","type":"string"},{"name":"BankCode","type":"string"}],"tags":["ChecksforPayment"],"consumes":["application/json","application/xml"]}},"/ChecksforPayment":{"post":{"produces":["application/json","application/xml"],"description":"Create an instance of 'ChecksforPayment' with the given payload of type 'ChecksforPayment' in JSON format.","responses":{"200":{"description":"successful operation"}},"parameters":[{"schema":{"$ref":"#/definitions/ChecksforPayment"},"in":"body","name":"body"}],"tags":["ChecksforPayment"],"consumes":["application/json","application/xml"]},"get":{"produces":["application/json","application/xml"],"description":"Retrieve a collection of 'ChecksforPayment' with all or some selected properties in the given order by specifying the given filter condition.","responses":{"200":{"description":"successful operation"}},"parameters":[{"name":"CheckKey","type":"string"},{"name":"CheckNumber","type":"string"},{"name":"Bank","type":"string"}],"tags":["ChecksforPayment"],"consumes":["application/json","application/xml"]}}},"host":"slcdemo.cfapps.sap.hana.ondemand.com","schemes":"https","definitions":{"ChecksforPaymentLine":{"type":"object","properties":{"RowNumber":{"type":"integer"},"RowTotal":{"type":"number"},"TaxDefinition":{"type":"string"},"RowCurrency":{"type":"string"},"RowDetails":{"type":"string"},"LineTotal":{"type":"number"},"CreditedAccount":{"type":"string"},"TaxPercent":{"type":"number"}}},"ChecksforPayment":{"type":"object","properties":{"BankName":{"type":"string"},"CreationDate":{"type":"string"},"TaxTotal":{"type":"number"},"TransactionNumber":{"type":"integer"},"Address":{"type":"string"},"RowDetails":{"type":"string"},"CreditedAccount":{"type":"string"},"JournalEntryReference":{"type":"string"},"PaymentNo":{"type":"integer"},"CheckCurrency":{"type":"string"},"CustomerAccountCode":{"type":"string"},"UpdateDate":{"type":"string"},"TaxDate":{"type":"string"},"ManualCheck":{"description":"BoYesNoEnum","type":"string","enum":["tYES","tNO"]},"Branch":{"type":"string"},"LineTotal":{"type":"number"},"VendorCode":{"type":"string"},"CheckDate":{"type":"string"},"Printed":{"description":"BoYesNoEnum","type":"string","enum":["tYES","tNO"]},"CountryCode":{"type":"string"},"CheckKey":{"type":"integer"},"VendorName":{"type":"string"},"TaxDefinition":{"type":"string"},"RowCurrency":{"type":"string"},"PaymentDate":{"type":"string"},"Transferable":{"description":"BoYesNoEnum","type":"string","enum":["tYES","tNO"]},"CardOrAccount":{"description":"BoCpCardAcct","type":"string","enum":["cfp_Card","cfp_Account"]},"TotalinWords":{"type":"string"},"BankCode":{"type":"string"},"ChecksforPaymentLines":{"type":"array","items":{"$ref":"#/definitions/ChecksforPaymentLine"}},"CheckNumber":{"type":"integer"},"AccountNumber":{"type":"string"},"TaxPercent":{"type":"number"},"AddressName":{"type":"string"},"RowNumber":{"type":"integer"},"RowTotal":{"type":"number"},"Details":{"type":"string"},"Signature":{"type":"string"},"DeductionRefundAmount":{"type":"number"},"Canceled":{"description":"BoYesNoEnum","type":"string","enum":["tYES","tNO"]},"CreateJournalEntry":{"description":"BoYesNoEnum","type":"string","enum":["tYES","tNO"]},"PrintedBy":{"type":"integer"},"CheckAmount":{"type":"number"}}},"BoCpCardAcct":{"type":"string","enum":["cfp_Card","cfp_Account"]},"BoYesNoEnum":{"type":"string","enum":["tYES","tNO"]}},"swagger":"3.0","info":{"description":"This is a sample server Petstore server.","title":"Swagger For Service Layer","version":"1.0.0"},"tags":[{"name":"ChecksforPayment","description":"This entity enables you to manipulate 'ChecksforPayment'. It represents checks payable that are not tied to a document."}]}