{"basePath":"/b1s/v1/","paths":{"/CheckLinesService_GetCheckLine":{"post":{"produces":["application/json","application/xml"],"description":"\n\t\t\t\t\tInvoke the method 'GetCheckLine' on this service by specifying the payload 'CheckLineParams' in the JSON format.\n\t\t\t\t","responses":{"200":{"description":"successful operation"}},"parameters":[{"schema":{"$ref":"#/definitions/ChartOfAccount"},"in":"body","name":"body"}],"tags":["CheckLinesService"],"consumes":["application/json","application/xml"]}},"/CheckLinesService_GetValidCheckLineList":{"post":{"produces":["application/json","application/xml"],"description":"\n\t\t\t\t\tInvoke the method 'GetValidCheckLineList' on this service.\n\t\t\t\t","responses":{"200":{"description":"successful operation"}},"parameters":[{"schema":{"$ref":"#/definitions/ChartOfAccount"},"in":"body","name":"body"}],"tags":["CheckLinesService"],"consumes":["application/json","application/xml"]}}},"host":"slcdemo.cfapps.sap.hana.ondemand.com","schemes":"https","definitions":{"CheckLineParams":{"type":"object","properties":{"CheckKey":{"type":"integer"}}},"ChartOfAccount":{"type":"object","properties":{}}},"swagger":"3.0","info":{"description":"This is a sample server Petstore server.","title":"Swagger For Service Layer","version":"1.0.0"},"tags":[{"name":"CheckLinesService","description":"\n\t\t\tThis API enables you to invoke the interfaces defined on 'CheckLinesService'.\n\t\t"}]}