{"basePath":"/b1s/v1/","paths":{"/ChooseFromList(id)":{"patch":{"produces":["application/json","application/xml"],"description":"Update an instance of 'ChooseFromList' with the given payload of type 'ChooseFromList' in JSON format and with the specified id.","responses":{"200":{"description":"successful operation"}},"parameters":[{"schema":{"$ref":"#/definitions/ChooseFromList"},"in":"body","name":"body"}],"tags":["ChooseFromList"],"consumes":["application/json","application/xml"]},"get":{"produces":["application/json","application/xml"],"description":"Retrieve all or some selected properties from an instance of 'ChooseFromList' with the given id.","responses":{"200":{"description":"successful operation"}},"parameters":[{"name":"ObjectName","type":"string"},{"name":"ChooseFromList_Lines","type":"string"}],"tags":["ChooseFromList"],"consumes":["application/json","application/xml"]},"delete":{"produces":["application/json","application/xml"],"description":"Delete an instance of 'ChooseFromList' with the specified id.","responses":{"200":{"description":"successful operation"}},"parameters":[],"tags":["ChooseFromList"],"consumes":["application/json","application/xml"]}},"/ChooseFromList":{"post":{"produces":["application/json","application/xml"],"description":"Create an instance of 'ChooseFromList' with the given payload of type 'ChooseFromList' in JSON format.","responses":{"200":{"description":"successful operation"}},"parameters":[{"schema":{"$ref":"#/definitions/ChooseFromList"},"in":"body","name":"body"}],"tags":["ChooseFromList"],"consumes":["application/json","application/xml"]},"get":{"produces":["application/json","application/xml"],"description":"Retrieve a collection of 'ChooseFromList' with all or some selected properties in the given order by specifying the given filter condition.","responses":{"200":{"description":"successful operation"}},"parameters":[{"name":"ObjectName","type":"string"},{"name":"ChooseFromList_L","type":"string"}],"tags":["ChooseFromList"],"consumes":["application/json","application/xml"]}}},"host":"slcdemo.cfapps.sap.hana.ondemand.com","schemes":"https","definitions":{"SortOrderEnum":{"type":"string","enum":["soDescending","soAscending"]},"ChooseFromList":{"type":"object","properties":{"ChooseFromList_Lines":{"type":"array","items":{"$ref":"#/definitions/ChooseFromList_Line"}},"GroupBy":{"description":"BoYesNoEnum","type":"string","enum":["tYES","tNO"]},"DisplayedName":{"type":"string"},"Visible":{"description":"BoYesNoEnum","type":"string","enum":["tYES","tNO"]},"VisualIndex":{"type":"integer"},"FieldNo":{"type":"string"},"SortOrder":{"description":"SortOrderEnum","type":"string","enum":["soDescending","soAscending"]},"ObjectName":{"type":"string"},"ShowType":{"description":"BoYesNoEnum","type":"string","enum":["tYES","tNO"]}}},"ChooseFromList_Line":{"type":"object","properties":{"GroupBy":{"$ref":"#/definitions/BoYesNoEnum"},"DisplayedName":{"type":"string"},"Visible":{"$ref":"#/definitions/BoYesNoEnum"},"VisualIndex":{"type":"integer"},"FieldNo":{"type":"string"},"SortOrder":{"$ref":"#/definitions/SortOrderEnum"},"ShowType":{"$ref":"#/definitions/BoYesNoEnum"}}},"BoYesNoEnum":{"type":"string","enum":["tYES","tNO"]}},"swagger":"3.0","info":{"description":"This is a sample server Petstore server.","title":"Swagger For Service Layer","version":"1.0.0"},"tags":[{"name":"ChooseFromList","description":"This entity enables you to manipulate 'ChooseFromList'."}]}