{"basePath":"/b1s/v1/","paths":{"/CockpitsService_GetTemplateCockpitList":{"post":{"produces":["application/json","application/xml"],"description":"Invoke the method 'GetTemplateCockpitList' on this service.","responses":{"200":{"description":"successful operation"}},"parameters":[{"schema":{"$ref":"#/definitions/Cockpit"},"in":"body","name":"body"}],"tags":["CockpitsService"],"consumes":["application/json","application/xml"]}},"/CockpitsService_PublishCockpit":{"post":{"produces":["application/json","application/xml"],"description":"Invoke the method 'PublishCockpit' on this service by specifying the payload 'Cockpit' in the JSON format.","responses":{"200":{"description":"successful operation"}},"parameters":[{"schema":{"$ref":"#/definitions/Cockpit"},"in":"body","name":"body"}],"tags":["CockpitsService"],"consumes":["application/json","application/xml"]}},"/CockpitsService_GetCockpitList":{"post":{"produces":["application/json","application/xml"],"description":"Invoke the method 'GetCockpitList' on this service.","responses":{"200":{"description":"successful operation"}},"parameters":[{"schema":{"$ref":"#/definitions/Cockpit"},"in":"body","name":"body"}],"tags":["CockpitsService"],"consumes":["application/json","application/xml"]}},"/CockpitsService_GetUserCockpitList":{"post":{"produces":["application/json","application/xml"],"description":"Invoke the method 'GetUserCockpitList' on this service.","responses":{"200":{"description":"successful operation"}},"parameters":[{"schema":{"$ref":"#/definitions/Cockpit"},"in":"body","name":"body"}],"tags":["CockpitsService"],"consumes":["application/json","application/xml"]}}},"host":"slcdemo.cfapps.sap.hana.ondemand.com","schemes":"https","definitions":{"BoCockpitTypeEnum":{"type":"string","enum":["cptt_UserCockpit","cptt_TemplateCockpit"]},"Cockpit":{"type":"object","properties":{"UserSignature":{"type":"integer"},"Description":{"type":"string"},"Manufacturer":{"type":"string"},"CockpitType":{"description":"BoCockpitTypeEnum","type":"string","enum":["cptt_UserCockpit","cptt_TemplateCockpit"]},"Time":{"type":"array","items":{}},"Publisher":{"type":"string"},"AbsEntry":{"type":"integer"},"Code":{"type":"integer"},"Date":{"type":"string"},"Name":{"type":"string"}}}},"swagger":"3.0","info":{"description":"This is a sample server Petstore server.","title":"Swagger For Service Layer","version":"1.0.0"},"tags":[{"name":"CockpitsService","description":"This API enables you to invoke the interfaces defined on 'CockpitsService'."}]}