{"basePath":"/b1s/v1/","paths":{"/Cockpits":{"post":{"produces":["application/json","application/xml"],"description":"Create an instance of 'Cockpits' with the given payload of type 'Cockpit' in JSON format.","responses":{"200":{"description":"successful operation"}},"parameters":[{"schema":{"$ref":"#/definitions/Cockpit"},"in":"body","name":"body"}],"tags":["Cockpits"],"consumes":["application/json","application/xml"]},"get":{"produces":["application/json","application/xml"],"description":"Retrieve a collection of 'Cockpits' with all or some selected properties in the given order by specifying the given filter condition.","responses":{"200":{"description":"successful operation"}},"parameters":[{"name":"AbsEntry","type":"string"},{"name":"Code","type":"string"}],"tags":["Cockpits"],"consumes":["application/json","application/xml"]}},"/Cockpits(id)":{"patch":{"produces":["application/json","application/xml"],"description":"Update an instance of 'Cockpits' with the given payload of type 'Cockpit' in JSON format and with the specified id.","responses":{"200":{"description":"successful operation"}},"parameters":[{"schema":{"$ref":"#/definitions/Cockpit"},"in":"body","name":"body"}],"tags":["Cockpits"],"consumes":["application/json","application/xml"]},"get":{"produces":["application/json","application/xml"],"description":"Retrieve all or some selected properties from an instance of 'Cockpits' with the given id.","responses":{"200":{"description":"successful operation"}},"parameters":[{"name":"AbsEntry","type":"string"},{"name":"Code","type":"string"},{"name":"Name","type":"string"}],"tags":["Cockpits"],"consumes":["application/json","application/xml"]},"delete":{"produces":["application/json","application/xml"],"description":"Delete an instance of 'Cockpits' with the specified id.","responses":{"200":{"description":"successful operation"}},"parameters":[],"tags":["Cockpits"],"consumes":["application/json","application/xml"]}}},"host":"slcdemo.cfapps.sap.hana.ondemand.com","schemes":"https","definitions":{"BoCockpitTypeEnum":{"type":"string","enum":["cptt_UserCockpit","cptt_TemplateCockpit"]},"Cockpit":{"type":"object","properties":{"UserSignature":{"type":"integer"},"Description":{"type":"string"},"Manufacturer":{"type":"string"},"CockpitType":{"description":"BoCockpitTypeEnum","type":"string","enum":["cptt_UserCockpit","cptt_TemplateCockpit"]},"Time":{"type":"array","items":{}},"Publisher":{"type":"string"},"AbsEntry":{"type":"integer"},"Code":{"type":"integer"},"Date":{"type":"string"},"Name":{"type":"string"}}}},"swagger":"3.0","info":{"description":"This is a sample server Petstore server.","title":"Swagger For Service Layer","version":"1.0.0"},"tags":[{"name":"Cockpits","description":"This entity enables you to manipulate 'Cockpits'."}]}