{"basePath":"/b1s/v1/","paths":{"/CommissionGroups":{"post":{"produces":["application/json","application/xml"],"description":"Create an instance of 'CommissionGroups' with the given payload of type 'CommissionGroup' in JSON format.","responses":{"200":{"description":"successful operation"}},"parameters":[{"schema":{"$ref":"#/definitions/CommissionGroup"},"in":"body","name":"body"}],"tags":["CommissionGroups"],"consumes":["application/json","application/xml"]},"get":{"produces":["application/json","application/xml"],"description":"Retrieve a collection of 'CommissionGroups' with all or some selected properties in the given order by specifying the given filter condition.","responses":{"200":{"description":"successful operation"}},"parameters":[{"name":"CommissionGroupCode","type":"string"},{"name":"CommissionGroupName","type":"string"},{"name":"CommissionPercen","type":"string"}],"tags":["CommissionGroups"],"consumes":["application/json","application/xml"]}},"/CommissionGroups(id)":{"patch":{"produces":["application/json","application/xml"],"description":"Update an instance of 'CommissionGroups' with the given payload of type 'CommissionGroup' in JSON format and with the specified id.","responses":{"200":{"description":"successful operation"}},"parameters":[{"schema":{"$ref":"#/definitions/CommissionGroup"},"in":"body","name":"body"}],"tags":["CommissionGroups"],"consumes":["application/json","application/xml"]},"get":{"produces":["application/json","application/xml"],"description":"Retrieve all or some selected properties from an instance of 'CommissionGroups' with the given id.","responses":{"200":{"description":"successful operation"}},"parameters":[{"name":"CommissionGroupCode","type":"string"},{"name":"CommissionGroupName","type":"string"},{"name":"CommissionPercentage","type":"string"}],"tags":["CommissionGroups"],"consumes":["application/json","application/xml"]},"delete":{"produces":["application/json","application/xml"],"description":"Delete an instance of 'CommissionGroups' with the specified id.","responses":{"200":{"description":"successful operation"}},"parameters":[],"tags":["CommissionGroups"],"consumes":["application/json","application/xml"]}}},"host":"slcdemo.cfapps.sap.hana.ondemand.com","schemes":"https","definitions":{"CommissionGroup":{"type":"object","properties":{"CommissionGroupName":{"type":"string"},"CommissionPercentage":{"type":"number"},"CommissionGroupCode":{"type":"integer"}}}},"swagger":"3.0","info":{"description":"This is a sample server Petstore server.","title":"Swagger For Service Layer","version":"1.0.0"},"tags":[{"name":"CommissionGroups","description":"This entity enables you to manipulate 'CommissionGroups'. It defines commission groups for a sales employee, an item, or a customer."}]}