{"basePath":"/b1s/v1/","paths":{"/CompanyService_GetPathAdmin":{"post":{"produces":["application/json","application/xml"],"description":"Invoke the method 'GetPathAdmin' on this service.","responses":{"200":{"description":"successful operation"}},"parameters":[{"schema":{"$ref":"#/definitions/CommissionGroup"},"in":"body","name":"body"}],"tags":["CompanyService"],"consumes":["application/json","application/xml"]}},"/CompanyService_UpdateAdminInfo":{"post":{"produces":["application/json","application/xml"],"description":"Invoke the method 'UpdateAdminInfo' on this service by specifying the payload 'AdminInfo' in the JSON format.","responses":{"200":{"description":"successful operation"}},"parameters":[{"schema":{"$ref":"#/definitions/CommissionGroup"},"in":"body","name":"body"}],"tags":["CompanyService"],"consumes":["application/json","application/xml"]}},"/CompanyService_UpdatePeriod":{"post":{"produces":["application/json","application/xml"],"description":"Invoke the method 'UpdatePeriod' on this service by specifying the payload 'PeriodCategory' in the JSON format.","responses":{"200":{"description":"successful operation"}},"parameters":[{"schema":{"$ref":"#/definitions/CommissionGroup"},"in":"body","name":"body"}],"tags":["CompanyService"],"consumes":["application/json","application/xml"]}},"/CompanyService_GetFinancePeriod":{"post":{"produces":["application/json","application/xml"],"description":"\n\t\t\t\t\tInvoke the method 'GetFinancePeriod' on this service by specifying the payload 'FinancePeriodParams' in the JSON format.\n\t\t\t\t\tIt returns a 'FinancePeriod' data structure according to the specified finance period key parameters. \n\t\t\t\t\tThe object is used to identify and define a new 'FinancePeriod'.\n\t\t\t\t","responses":{"200":{"description":"successful operation"}},"parameters":[{"schema":{"$ref":"#/definitions/CommissionGroup"},"in":"body","name":"body"}],"tags":["CompanyService"],"consumes":["application/json","application/xml"]}},"/CompanyService_GetAdvancedGLAccount":{"post":{"produces":["application/json","application/xml"],"description":"Invoke the method 'GetAdvancedGLAccount' on this service by specifying the payload 'AdvancedGLAccountParams' in the JSON format.","responses":{"200":{"description":"successful operation"}},"parameters":[{"schema":{"$ref":"#/definitions/CommissionGroup"},"in":"body","name":"body"}],"tags":["CompanyService"],"consumes":["application/json","application/xml"]}},"/CompanyService_CreatePeriod":{"post":{"produces":["application/json","application/xml"],"description":"\n\t\t\t\t\tInvoke the method 'CreatePeriod' on this service by specifying the payload 'PeriodCategory' in the JSON format.\n\t\t\t\t\tIt returns the 'PeriodCategoryParams' identification key based on the 'PeriodCategory' data structure.\n\t\t\t\t\tThe 'PeriodCategory' object provides two types of properties:\n\t\t\t\t\t1.Properties that access existing Accounts and function as foreign keys to the ChartOfAccounts object.\n\t\t\t\t\t2.Properties that define new accounts by using Posting and Sub-Period definitions. \n\t\t\t\t","responses":{"200":{"description":"successful operation"}},"parameters":[{"schema":{"$ref":"#/definitions/CommissionGroup"},"in":"body","name":"body"}],"tags":["CompanyService"],"consumes":["application/json","application/xml"]}},"/CompanyService_UpdatePathAdmin":{"post":{"produces":["application/json","application/xml"],"description":"Invoke the method 'UpdatePathAdmin' on this service by specifying the payload 'PathAdmin' in the JSON format.","responses":{"200":{"description":"successful operation"}},"parameters":[{"schema":{"$ref":"#/definitions/CommissionGroup"},"in":"body","name":"body"}],"tags":["CompanyService"],"consumes":["application/json","application/xml"]}},"/CompanyService_GetCompanyInfo":{"post":{"produces":["application/json","application/xml"],"description":"Invoke the method 'GetCompanyInfo' on this service. It returns the 'CompanyInfo' data structure, including initial parameters related to the company. The default values of some of the properties vary according to the country localization.","responses":{"200":{"description":"successful operation"}},"parameters":[{"schema":{"$ref":"#/definitions/CommissionGroup"},"in":"body","name":"body"}],"tags":["CompanyService"],"consumes":["application/json","application/xml"]}},"/CompanyService_GetPeriod":{"post":{"produces":["application/json","application/xml"],"description":"\n\t\t\t\t\tInvoke the method 'GetPeriod' on this service by specifying the payload 'PeriodCategoryParams' in the JSON format.\n\t\t\t\t\tIt returns the 'PeriodCategory' data structure according to the specified period category key parameters.\n\t\t\t\t\tThe 'PeriodCategory' object provides two types of properties:\n\t\t\t\t\t1.Properties that access existing Accounts and function as foreign keys to the ChartOfAccounts object.\n\t\t\t\t\t2.Properties that define new accounts by using Posting and Sub-Period definitions. \n\t\t\t\t","responses":{"200":{"description":"successful operation"}},"parameters":[{"schema":{"$ref":"#/definitions/CommissionGroup"},"in":"body","name":"body"}],"tags":["CompanyService"],"consumes":["application/json","application/xml"]}},"/CompanyService_RemoveFinancePeriod":{"post":{"produces":["application/json","application/xml"],"description":"Invoke the method 'RemoveFinancePeriod' on this service by specifying the payload 'FinancePeriodParams' in the JSON format.","responses":{"200":{"description":"successful operation"}},"parameters":[{"schema":{"$ref":"#/definitions/CommissionGroup"},"in":"body","name":"body"}],"tags":["CompanyService"],"consumes":["application/json","application/xml"]}},"/CompanyService_UpdateFinancePeriod":{"post":{"produces":["application/json","application/xml"],"description":"Invoke the method 'UpdateFinancePeriod' on this service by specifying the payload 'FinancePeriod' in the JSON format.","responses":{"200":{"description":"successful operation"}},"parameters":[{"schema":{"$ref":"#/definitions/CommissionGroup"},"in":"body","name":"body"}],"tags":["CompanyService"],"consumes":["application/json","application/xml"]}},"/CompanyService_CreatePeriodWithFinanceParams":{"post":{"produces":["application/json","application/xml"],"description":"\n\t\t\t\t\tInvoke the method 'CreatePeriodWithFinanceParams' on this service by specifying the payload 'PeriodCategory' in the JSON format.\n\t\t\t\t\tIt returns a 'PeriodCategoryParams' identification key, extended with finance parameters derived by the 'FinancePeriodParams' identification key (system number, period indicator).\n\t\t\t\t\tThe PeriodCategory object provides two types of properties:\n\t\t\t\t\t1.Properties that access existing Accounts and function as foreign keys to the 'ChartOfAccounts' object.\n\t\t\t\t\t2.Properties that define new accounts by using Posting and Sub-Period definitions. \n\t\t\t\t\tThe 'FinancePeriodParams' specifies the identification key(system number, period indicator ) to which the 'CompanyService' is related.\n\t\t\t\t","responses":{"200":{"description":"successful operation"}},"parameters":[{"schema":{"$ref":"#/definitions/CommissionGroup"},"in":"body","name":"body"}],"tags":["CompanyService"],"consumes":["application/json","application/xml"]}},"/CompanyService_UpdateCompanyInfo":{"post":{"produces":["application/json","application/xml"],"description":"Invoke the method 'UpdateCompanyInfo' on this service by specifying the payload 'CompanyInfo' in the JSON format. It includes the initial parameters related to the company. The default values of some of the properties vary according to the country localization.","responses":{"200":{"description":"successful operation"}},"parameters":[{"schema":{"$ref":"#/definitions/CommissionGroup"},"in":"body","name":"body"}],"tags":["CompanyService"],"consumes":["application/json","application/xml"]}},"/CompanyService_GetAdminInfo":{"post":{"produces":["application/json","application/xml"],"description":"Invoke the method 'GetAdminInfo' on this service. It Returns the 'AdminInfo' data structure, including administration properties for system initialization and various definitions, such as financials and banking.","responses":{"200":{"description":"successful operation"}},"parameters":[{"schema":{"$ref":"#/definitions/CommissionGroup"},"in":"body","name":"body"}],"tags":["CompanyService"],"consumes":["application/json","application/xml"]}},"/CompanyService_GetPeriods":{"post":{"produces":["application/json","application/xml"],"description":"\n\t\t\t\t\tInvoke the method 'GetPeriods' on this service.\n\t\t\t\t\tIt returns the 'PeriodCategoryParamsCollection', which is a collection of 'PeriodCategoryParams' identification keys.\n\t\t\t\t","responses":{"200":{"description":"successful operation"}},"parameters":[{"schema":{"$ref":"#/definitions/CommissionGroup"},"in":"body","name":"body"}],"tags":["CompanyService"],"consumes":["application/json","application/xml"]}},"/CompanyService_GetFeaturesStatus":{"post":{"produces":["application/json","application/xml"],"description":"\n\t\t\t\t\tInvoke the method 'GetFeaturesStatus' on this service.\n\t\t\t\t\tIt returns the 'FeatureStatusCollection'. A feature status can be either blocked or not. \n\t\t\t\t\tThis object represents the status of a specified feature in the application, whether it is blocked or not according to the installation type: new 2007 release installation or upgrade installation prior to 2007 release.\n\t\t\t\t","responses":{"200":{"description":"successful operation"}},"parameters":[{"schema":{"$ref":"#/definitions/CommissionGroup"},"in":"body","name":"body"}],"tags":["CompanyService"],"consumes":["application/json","application/xml"]}},"/CompanyService_GetFinancePeriods":{"post":{"produces":["application/json","application/xml"],"description":"\n\t\t\t\t\tInvoke the method 'GetFinancePeriods' on this service by specifying the payload 'PeriodCategoryParams' in the JSON format.\n\t\t\t\t\tIt returns the 'FinancePeriods' collection according to the specified period category key parameters. \n\t\t\t\t\tThe object is used to identify and define a new 'FinancePeriods'.\n\t\t\t\t","responses":{"200":{"description":"successful operation"}},"parameters":[{"schema":{"$ref":"#/definitions/CommissionGroup"},"in":"body","name":"body"}],"tags":["CompanyService"],"consumes":["application/json","application/xml"]}},"/CompanyService_RoundDecimal":{"post":{"produces":["application/json","application/xml"],"description":"\n\t\t\t\t\tInvoke the method 'RoundDecimal' on this service by specifying the payload 'DecimalData' in the JSON format.\n\t\t\t\t\tIt rounds data to a specified number of decimal places or to a whole number if no decimal places are specified.\n\t\t\t\t","responses":{"200":{"description":"successful operation"}},"parameters":[{"schema":{"$ref":"#/definitions/CommissionGroup"},"in":"body","name":"body"}],"tags":["CompanyService"],"consumes":["application/json","application/xml"]}},"/CompanyService_GetItemPrice":{"post":{"produces":["application/json","application/xml"],"description":"\n\t\t\t\t\tInvoke the method 'GetItemPrice' on this service by specifying the payload 'ItemPriceParams' in the JSON format.\n\t\t\t\t\tIt returns a business object that contains the item price for specified business partner and item, based on the amount and transaction date.\n\t\t\t\t","responses":{"200":{"description":"successful operation"}},"parameters":[{"schema":{"$ref":"#/definitions/CommissionGroup"},"in":"body","name":"body"}],"tags":["CompanyService"],"consumes":["application/json","application/xml"]}}},"host":"slcdemo.cfapps.sap.hana.ondemand.com","schemes":"https","definitions":{"PeriodStatusEnum":{"type":"string","enum":["ltLocked","ltPeriodClosing","ltUnlocked","ltUnlockedExceptSales"]},"BoSubPeriodTypeEnum":{"type":"string","enum":["spt_Year","spt_Days","spt_Months","spt_Quarters"]},"BoDefaultBatchStatus":{"type":"string","enum":["dbs_Released","dbs_NotAccessible","dbs_Locked"]},"AdminInfo":{"type":"object","properties":{"AlertTypeforWHStock":{"$ref":"#/definitions/BoAlertTypeforWHStockEnum"},"InventoryPostingHighlightVariance":{"type":"number"},"BankCountry":{"type":"string"},"SystemCurrency":{"type":"string"},"BankStatementInstalled":{"$ref":"#/definitions/BoYesNoEnum"},"BlockMultipleBAOnSameAPDocument":{"$ref":"#/definitions/BoYesNoEnum"},"FileNumberinIncomeTax":{"type":"string"},"AltNameforCreditMemo":{"type":"string"},"eMail":{"type":"string"},"DeferredTaxforVendors":{"$ref":"#/definitions/BoYesNoEnum"},"WTAccumAmountAR":{"type":"number"},"PeriodStatusAutoChange":{"$ref":"#/definitions/BoYesNoEnum"},"AltNameForGoodsReturn":{"type":"string"},"WTAccumAmountAP":{"type":"number"},"FaxNumber":{"type":"string"},"AliasName":{"type":"string"},"CalculateInWhseQtyBasedOnPostingDate":{"$ref":"#/definitions/BoYesNoEnum"},"DefaultBudgetCostAssessMt":{"type":"integer"},"SetItemsWarehouses":{"$ref":"#/definitions/BoYesNoEnum"},"DisplayInactivePriceListInReports":{"$ref":"#/definitions/BoYesNoEnum"},"InventoryCountingHighlightVariance":{"type":"number"},"DefaultBankAccountKey":{"type":"integer"},"WithholdingTaxTdctPercnt":{"type":"number"},"ServicePassword":{"type":"string"},"UseProductionProfitAndLossAccount":{"$ref":"#/definitions/BoYesNoEnum"},"GTSOutboundFolder":{"type":"string"},"ExtendedAdminInfo":{"$ref":"#/definitions/ExtendedAdminInfo"},"RoundingMethod":{"$ref":"#/definitions/BoYesNoEnum"},"BoletoFolderPath":{"type":"string"},"DisplayInactivePriceListInDocuments":{"$ref":"#/definitions/BoYesNoEnum"},"Code":{"type":"integer"},"AllowBPWithNoOwner":{"$ref":"#/definitions/BoYesNoEnum"},"DefaultVendorPaymentTerms":{"type":"integer"},"PriceListforCostPrice":{"type":"integer"},"ChartofAccountsTemplate":{"type":"string"},"BlockSystemCurrencyEditing":{"$ref":"#/definitions/BoYesNoEnum"},"HolidaysName":{"type":"string"},"ISRType":{"type":"integer"},"PrintingHeader":{"type":"string"},"MultiCurrencyCheck":{"$ref":"#/definitions/BoCurrencyCheck"},"UniqueSerialNo":{"$ref":"#/definitions/BoUniqueSerialNumber"},"CloseCountedRowsWithZeroDifference":{"$ref":"#/definitions/BoYesNoEnum"},"DataOwnershipManageBy":{"$ref":"#/definitions/BoDataOwnershipManageMethodEnum"},"MaximumNumberOfDaysForDueDate":{"type":"integer"},"LocalCurrency":{"type":"string"},"ISRBillerID":{"type":"string"},"AltNameForGoodsReceipt":{"type":"string"},"SHandleWT":{"$ref":"#/definitions/BoYesNoEnum"},"InventoryCountingHighlightMaxVariance":{"type":"number"},"CustomerIdNumber":{"type":"string"},"ServiceCode":{"type":"string"},"BlockDelNotesforPurchase":{"$ref":"#/definitions/BoYesNoEnum"},"EnablePaymentDueDates":{"$ref":"#/definitions/BoYesNoEnum"},"WithholdingTaxVendorDdct":{"$ref":"#/definitions/BoYesNoEnum"},"ConsiderDelNotesinSalesR":{"$ref":"#/definitions/BoYesNoEnum"},"DocConfirmation":{"$ref":"#/definitions/BoYesNoEnum"},"ExcelFolderPath":{"type":"string"},"ApplyBaseInactiveStatusToSpecialPrices":{"$ref":"#/definitions/BoYesNoEnum"},"AddressinForeignLanguage":{"type":"string"},"ConsumptionMethod":{"$ref":"#/definitions/BoConsumptionMethod"},"DisplayPriceforPriceOnly":{"$ref":"#/definitions/BoYesNoEnum"},"QueryAccuracy":{"type":"integer"},"WeightUnitDefault":{"type":"integer"},"CompanyColor":{"type":"integer"},"WholdingTaxDedHierarchy":{"$ref":"#/definitions/BoYesNoEnum"},"ReuseNotaFiscalNum":{"$ref":"#/definitions/BoYesNoEnum"},"SetResourcesWarehouses":{"$ref":"#/definitions/BoYesNoEnum"},"InventoryCountingHighlightCountersDifference":{"type":"number"},"DefaultforBatchStatus":{"$ref":"#/definitions/BoDefaultBatchStatus"},"DeferredTax":{"$ref":"#/definitions/BoYesNoEnum"},"FaxNumberForeignLang":{"type":"string"},"PDefaultWTCode":{"type":"string"},"FederalTaxID":{"type":"string"},"AccuracyofQuantities":{"type":"integer"},"AdressFromWH":{"$ref":"#/definitions/BoYesNoEnum"},"DefaultTaxCode":{"type":"string"},"PBSNumber":{"type":"string"},"PBSGroupNumber":{"type":"string"},"GeneralManager":{"type":"string"},"UsePASystem":{"$ref":"#/definitions/BoYesNoEnum"},"IsPrinterConnected":{"$ref":"#/definitions/BoYesNoEnum"},"TotalsAccuracy":{"type":"integer"},"AllowClosedSalesQuotations":{"$ref":"#/definitions/BoYesNoEnum"},"CertificateNo":{"type":"string"},"MinimumAmountfor347Report":{"type":"number"},"State":{"type":"string"},"AltNameForPurchase":{"type":"string"},"EnableCentralizedIncomingPayments":{"$ref":"#/definitions/BoYesNoEnum"},"RateAccuracy":{"type":"integer"},"MaxHistory":{"type":"integer"},"WithholdingTaxDdctExpired":{"type":"string"},"PhoneNumber2ForeignLang":{"type":"string"},"CreditRestriction":{"$ref":"#/definitions/BoYesNoEnum"},"DateSeparator":{"type":"string"},"ContinuousStockManagement":{"$ref":"#/definitions/BoYesNoEnum"},"GTSInboundFolder":{"type":"string"},"EnableAdvancedGLAccountDetermination":{"$ref":"#/definitions/BoYesNoEnum"},"CustomersDeductionatSource":{"$ref":"#/definitions/BoYesNoEnum"},"GLMethod":{"$ref":"#/definitions/BoGLMethods"},"UserConversionCode":{"$ref":"#/definitions/BoYesNoEnum"},"AdditionalIdNumber":{"type":"string"},"RestrictDelNotesPO":{"$ref":"#/definitions/BoYesNoEnum"},"DaysBackward":{"type":"integer"},"AutoAddPackage":{"$ref":"#/definitions/BoYesNoEnum"},"ConsumeForecast":{"$ref":"#/definitions/BoYesNoEnum"},"EnableApprovalProcedureInDI":{"$ref":"#/definitions/BoYesNoEnum"},"TaxPercentage":{"type":"number"},"GTSDefaultPayee":{"type":"integer"},"DisplayInactivePriceListInSettings":{"$ref":"#/definitions/BoYesNoEnum"},"ReportAccordingTo":{"type":"integer"},"AllowFuturePostingDate":{"$ref":"#/definitions/BoYesNoEnum"},"IEMandatoryValidation":{"$ref":"#/definitions/BoYesNoEnum"},"UseParentWIPInComponents":{"$ref":"#/definitions/BoYesNoEnum"},"TaxDefinitionforVatitem":{"type":"string"},"GeneralManagerForeignLanguage":{"type":"string"},"GTSSeparateCode":{"type":"string"},"MultiLanguageSupportEnable":{"$ref":"#/definitions/BoYesNoEnum"},"CalculateRowDiscount":{"$ref":"#/definitions/BoYesNoEnum"},"TaxCollection":{"$ref":"#/definitions/BoYesNoEnum"},"OrganizationNumber":{"type":"string"},"AccountSegmentsSeparator":{"type":"string"},"Address":{"type":"string"},"DefaultBankNo":{"type":"string"},"InstitutionCode":{"type":"string"},"CreateAutoVATLineinJDT":{"$ref":"#/definitions/BoYesNoEnum"},"DefaultWarehouse":{"type":"string"},"RefreshInWhseQtyInDI":{"$ref":"#/definitions/BoYesNoEnum"},"TaxGroupforPurchaseItem":{"type":"string"},"PriceSystem":{"$ref":"#/definitions/BoYesNoEnum"},"ApplyBaseInactiveStatusToPriceLists":{"$ref":"#/definitions/BoYesNoEnum"},"BlockPurchaseOrders":{"$ref":"#/definitions/BoYesNoEnum"},"CopyOpenRowsToDelivery":{"$ref":"#/definitions/BoYesNoEnum"},"ParamFolderPath":{"type":"string"},"WithTax":{"type":"number"},"ThousandsSeparator":{"type":"string"},"AutoAddUoM":{"$ref":"#/definitions/BoYesNoEnum"},"IsRemoveUnpricedValue":{"$ref":"#/definitions/BoYesNoEnum"},"UseNegativeAmounts":{"$ref":"#/definitions/BoYesNoEnum"},"PurchaseOrderConfirmed":{"$ref":"#/definitions/BoYesNoEnum"},"RestrictSales":{"$ref":"#/definitions/BoYesNoEnum"},"CalculateGrossProfitperTra":{"$ref":"#/definitions/BoYesNoEnum"},"SetCommissionbySE":{"$ref":"#/definitions/BoYesNoEnum"},"Country":{"type":"string"},"StartingInFiscalYear":{"type":"integer"},"DefaultAccountCurrency":{"$ref":"#/definitions/BoYesNoEnum"},"BlockBudget":{"$ref":"#/definitions/BoBlockBudget"},"BaseField":{"$ref":"#/definitions/BoYesNoEnum"},"ReuseDocumentNum":{"$ref":"#/definitions/BoYesNoEnum"},"DisplayBookkeepingWindow":{"$ref":"#/definitions/BoYesNoEnum"},"UseTax":{"$ref":"#/definitions/BoYesNoEnum"},"BlockTaxDate":{"$ref":"#/definitions/BoYesNoEnum"},"TaxDefinitionforVatservice":{"type":"string"},"XMLFileFolderPath":{"type":"string"},"PriceAccuracy":{"type":"integer"},"SirenNo":{"type":"string"},"SalesOrderConfirmed":{"$ref":"#/definitions/BoYesNoEnum"},"CopySingleCounterToIndividualCounter":{"$ref":"#/definitions/BoYesNoEnum"},"DisplayRoundingRemark":{"$ref":"#/definitions/BoYesNoEnum"},"CreditDepositType":{"$ref":"#/definitions/BoYesNoEnum"},"DateTemplate":{"$ref":"#/definitions/BoDateTemplate"},"CloseCountedRowsWithoutConfirmation":{"$ref":"#/definitions/BoYesNoEnum"},"DecimalSeparator":{"type":"string"},"BPTypeCode":{"type":"string"},"ChangeDefReconAPAccounts":{"$ref":"#/definitions/BoYesNoEnum"},"DisplayCancelDocInReport":{"$ref":"#/definitions/BoYesNoEnum"},"PercentageAccuracy":{"type":"integer"},"GTSMaxAmount":{"type":"number"},"TaxOffice":{"type":"string"},"GrossProfitPercentForServiceDocuments":{"type":"number"},"ChangedExistingOrders":{"$ref":"#/definitions/BoYesNoEnum"},"ExpirationDate":{"type":"string"},"ManagingDirector":{"type":"string"},"CreditBalancewithMinusSign":{"$ref":"#/definitions/BoYesNoEnum"},"RestrictOrders":{"$ref":"#/definitions/BoYesNoEnum"},"PriceProceedMethod":{"$ref":"#/definitions/PriceProceedMethodEnum"},"AllowInBoundPostingWithZeroPrice":{"$ref":"#/definitions/BoYesNoEnum"},"MeasuringAccuracy":{"type":"integer"},"EnableCentralizedOutgoingPayments":{"$ref":"#/definitions/BoYesNoEnum"},"BlockMultipleBAOnSameARDocument":{"$ref":"#/definitions/BoYesNoEnum"},"DisplayCurrencyontheRight":{"$ref":"#/definitions/BoYesNoEnum"},"TaxGroupforServicePurchase":{"type":"string"},"GrossProfitAfterSale":{"$ref":"#/definitions/BoYesNoEnum"},"CompanyName":{"type":"string"},"RemoveUpdatePricesBasedOnNonStandardPriceLists":{"$ref":"#/definitions/BoYesNoEnum"},"FCCheckAccount":{"$ref":"#/definitions/BoCurrencyCheck"},"UniqueTaxPayerReference":{"type":"string"},"SetCommissionbyItem":{"$ref":"#/definitions/BoYesNoEnum"},"IssuePrimarilyBy":{"$ref":"#/definitions/IssuePrimarilyByEnum"},"SplitPO":{"$ref":"#/definitions/BoYesNoEnum"},"BudgetAlert":{"$ref":"#/definitions/BoBudgetAlert"},"DefaultBranch":{"type":"string"},"DaysForward":{"type":"integer"},"RoundTaxAmounts":{"$ref":"#/definitions/BoYesNoEnum"},"PhoneNumber2":{"type":"string"},"OrderingParty":{"type":"string"},"PhoneNumber1":{"type":"string"},"StandardUnitofLength":{"type":"integer"},"DefaultCustomerPaymentTerms":{"type":"integer"},"DirectIndirectRate":{"$ref":"#/definitions/BoYesNoEnum"},"PhoneNumber1ForeignLang":{"type":"string"},"SetCommissionbyCustomer":{"$ref":"#/definitions/BoYesNoEnum"},"NationalInsuranceNo":{"type":"string"},"OrderBlock":{"type":"string"},"BlockBookkeeping":{"$ref":"#/definitions/BoYesNoEnum"},"TaxRateDetermination":{"$ref":"#/definitions/TaxRateDeterminationEnum"},"PickList":{"$ref":"#/definitions/BoYesNoEnum"},"WithholdingTaxDdctOffice":{"type":"string"},"FederalTaxID3":{"type":"string"},"FederalTaxID2":{"type":"string"},"MaxDaysForCancel":{"type":"integer"},"WithholdingTaxPHandle":{"type":"string"},"DefaultDunningTerm":{"type":"string"},"InventoryPostingReleaseOnlySerialAndBatch":{"$ref":"#/definitions/BoYesNoEnum"},"EmployerReference":{"type":"string"},"SDfltITWT":{"type":"string"},"GTSDefaultChecker":{"type":"integer"},"LetterHeaderinForeignLangu":{"type":"string"},"EnableBranches":{"$ref":"#/definitions/BoYesNoEnum"},"SEPACreditorID":{"type":"string"},"ApplicationOfIFRS":{"$ref":"#/definitions/BoYesNoEnum"},"SDefaultWTCode":{"type":"string"},"AltNameForApInvoice":{"type":"string"},"CalculateBudget":{"$ref":"#/definitions/BoYesNoEnum"},"CreateOnlineQuotation":{"$ref":"#/definitions/BoYesNoEnum"},"AdvancesonCorpIncomeTax":{"type":"number"},"CalculateTaxinSalesQuotati":{"$ref":"#/definitions/BoYesNoEnum"},"ContinuousStockSystem":{"$ref":"#/definitions/BoInventorySystem"},"CommitmentRestriction":{"$ref":"#/definitions/BoYesNoEnum"},"TaxDefinition":{"$ref":"#/definitions/BoYesNoEnum"},"ChangeDefReconARAccounts":{"$ref":"#/definitions/BoYesNoEnum"},"PeriodStatusChangeDelay":{"type":"integer"},"WTLiableExpense":{"$ref":"#/definitions/BoYesNoEnum"},"AlertbyWarehouse":{"$ref":"#/definitions/BoYesNoEnum"},"GTSResponseToExceeding":{"$ref":"#/definitions/GTSResponseToExceedingEnum"},"BlockPostingDateEditing":{"$ref":"#/definitions/BoYesNoEnum"},"ManagingDirectorForeignLan":{"type":"string"},"DeductionFileNo":{"type":"string"},"DefaultBankAccount":{"type":"string"},"CopyExchangeRateInCopyTo":{"$ref":"#/definitions/BoYesNoEnum"},"TimeTemplate":{"$ref":"#/definitions/BoTimeTemplate"},"PDfltITWT":{"type":"string"},"AllowMultipleBAOnSamePeriod":{"$ref":"#/definitions/BoYesNoEnum"},"ApplyBaseInactiveStatusToPeriodVolumeDiscounts":{"$ref":"#/definitions/BoYesNoEnum"}}},"TaxRateDeterminationEnum":{"type":"string","enum":["trd_DocumentDate","trd_PostingDate"]},"PathAdmin":{"type":"object","properties":{"AttachmentsFolderPath":{"type":"string"},"ExtensionsFolderPath":{"type":"string"},"WordTemplateFolderPath":{"type":"string"},"PicturesFolderPath":{"type":"string"},"PrintId":{"type":"string"}}},"AdvancedGLAccountParams":{"type":"object","properties":{"FederalTaxID":{"type":"string"},"ItemCode":{"type":"string"},"Warehouse":{"type":"string"},"Usage":{"type":"integer"},"ShipToCountry":{"type":"string"},"ShipToState":{"type":"string"},"PostingDate":{"type":"string"},"VatGroup":{"type":"string"},"BPCode":{"type":"string"},"AccountType":{"$ref":"#/definitions/InventoryAccountTypeEnum"}}},"PeriodCategoryParams":{"type":"object","properties":{"AbsoluteEntry":{"type":"integer"}}},"WIPMapping":{"type":"object","properties":{"AccountTo":{"type":"string"},"AbsoluteEntry":{"type":"integer"},"AccountFrom":{"type":"string"},"LineNumber":{"type":"integer"}}},"BoInventorySystem":{"type":"string","enum":["bis_SNB","bis_MovingAverage","bis_Standard","bis_FIFO"]},"BoYesNoEnum":{"type":"string","enum":["tYES","tNO"]},"BoGLMethods":{"type":"string","enum":["glm_ItemClass","glm_WH","glm_ItemLevel"]},"DecimalData":{"type":"object","properties":{"Context":{"$ref":"#/definitions/RoundingContextEnum"},"Currency":{"type":"string"},"Value":{"type":"number"}}},"InventoryAccountTypeEnum":{"type":"string","enum":["iatExemptIncome","iatEUPurchaseCredit","iatGLDecrease","iatExpenseClearing","iatWHOutgoingCenvat","iatReturning","iatIncreasing","iatInventory","iatStockInTransit","iatForeignPurchaseCredit","iatExpenses","iatCostInflation","iatTransfer","iatShippedGoods","iatPurchaseCredit","iatWip","iatFreeOfChargePurchase","iatInventoryOffsetProfitAndLoss","iatExemptedCredits","iatForeignExpens","iatEURevenues","iatNegativeInventoryAdjustment","iatGoodsClearing","iatGLIncrease","iatRevenues","iatStockInflationOffset","iatExchangeRateDifferences","iatPurchase","iatPriceDifference","iatWHIncomingCenvat","iatPAReturn","iatSalesCredit","iatSalesCreditForeign","iatFreeOfChargeSales","iatDecreasing","iatStockInflationAdjust","iatWipVariance","iatCostInflationOffset","iatVarience","iatPurchaseBalance","iatEUExpenses","iatCost","iatExpenseOffsetting","iatSalesCreditEU","iatPurchaseOffset","iatForeignRevenue","iatWipOffsetProfitAndLoss","iatVATInRevenue"]},"FinancePeriodParams":{"type":"object","properties":{"AbsoluteEntry":{"type":"integer"},"PeriodIndicator":{"type":"string"}}},"BoUniqueSerialNumber":{"type":"string","enum":["usn_MfrSerialNumber","usn_LotNumber","usn_SerialNumber","usn_None"]},"IssuePrimarilyByEnum":{"type":"string","enum":["ipbSerialAndBatchNumbers","ipbBinLocations"]},"BoManageMethod":{"type":"string","enum":["bomm_OnReleaseOnly","bomm_OnEveryTransaction"]},"PriceProceedMethodEnum":{"type":"string","enum":["ppmRemove","ppmUpdate","ppmKeepAll","ppmKeepCorresponding"]},"BoTimeTemplate":{"type":"string","enum":["tt_12H","tt_24H"]},"BoConsumptionMethod":{"type":"string","enum":["cm_ForwardBackward","cm_BackwardForward"]},"BoBudgetAlert":{"type":"string","enum":["ba_AnnualAlert","ba_MonthlyAlert"]},"ItemPriceParams":{"type":"object","properties":{"UoMQuantity":{"type":"number"},"InventoryQuantity":{"type":"number"},"ItemCode":{"type":"string"},"UoMEntry":{"type":"integer"},"BlanketAgreementNumber":{"type":"integer"},"Currency":{"type":"string"},"CardCode":{"type":"string"},"BlanketAgreementLine":{"type":"integer"},"PriceList":{"type":"integer"},"Date":{"type":"string"}}},"BoCurrencyCheck":{"type":"string","enum":["cc_NoMessage","cc_Block"]},"BoDateTemplate":{"type":"string","enum":["dt_MMDDYY","dt_MMDDCCYY","dt_CCYYMMDD","dt_DDMMYY","dt_DDMMCCYY","dt_DDMonthYYYY"]},"PeriodCategory":{"type":"object","properties":{"UnderpaymentsARAccount":{"type":"string"},"VendorAssetsAccount":{"type":"string"},"UnderpaymentsAPAccount":{"type":"string"},"ExchangeRateDifferencesAcct":{"type":"string"},"StockRevaluationOffsetAcct":{"type":"string"},"FinancialYear":{"type":"integer"},"InventoryOffsetIncrease":{"type":"string"},"GLGainRealizedConversionDiff":{"type":"string"},"NumberOfPeriods":{"type":"integer"},"APLossRealizedConversionDiff":{"type":"string"},"RepomoAccount":{"type":"string"},"VarianceAcc":{"type":"string"},"SubPeriodType":{"$ref":"#/definitions/BoSubPeriodTypeEnum"},"ARCashDiscountAccount":{"type":"string"},"APExRateInterim":{"type":"string"},"ToDocumentDate":{"type":"string"},"ToDueDate":{"type":"string"},"NegativeInventoryAdjustmentAccount":{"type":"string"},"IncreaseGLAccount":{"type":"string"},"ARLossRealizedConversionDiff":{"type":"string"},"InvoicePaymentBP":{"type":"string"},"RateDifferencesDefaultAcc":{"type":"string"},"DownPaymentVATAcctSale":{"type":"string"},"AllocationAcc":{"type":"string"},"WIPMappingCollection":{"type":"array","items":{"$ref":"#/definitions/WIPMapping"}},"ARGainRealizedConversionDiff":{"type":"string"},"OutgoingTaxAccount":{"type":"string"},"AcountforOpeningWHBalance":{"type":"string"},"WIPMaterialVarianceAccount":{"type":"string"},"SalesDownPaymentInterimAccount":{"type":"string"},"SelfInvoiceExpenseAccount":{"type":"string"},"CustomerDoubtfulDebtsAcct":{"type":"string"},"StockRevaluationAccount":{"type":"string"},"OverpaymentsARAccount":{"type":"string"},"AbsoluteEntry":{"type":"integer"},"AccountforOutgoingChecks":{"type":"string"},"CustomerUnpaidBoE":{"type":"string"},"SelfInvoiceRevenueAccount":{"type":"string"},"BillofExchangeAccountsRece":{"type":"string"},"CostOfGoodsSold":{"type":"string"},"GoodsClearingAcc":{"type":"string"},"SalesCreditAcc":{"type":"string"},"DownPaymentVATAcctPurch":{"type":"string"},"InventoryOffsetDecrease":{"type":"string"},"DebitorsFollowUpAccount":{"type":"string"},"OpeningBalancesAccount":{"type":"string"},"SalesCreditForeignAcc":{"type":"string"},"PriceDifferenceAccount":{"type":"string"},"WIPMaterialAccount":{"type":"string"},"APGainRealizedConversionDiff":{"type":"string"},"AccountforCashReceipt":{"type":"string"},"DecreaseGLAcc":{"type":"string"},"CustomerBillofExchangePres":{"type":"string"},"SalesRevenueEU":{"type":"string"},"ForeignAccountsReceivables":{"type":"string"},"CustomerDownPaymentsAccount":{"type":"string"},"ToPostingDate":{"type":"string"},"APLossRealizedExchangeDif":{"type":"string"},"PurchaseCreditAcc":{"type":"string"},"PurchaseDownPaymentInterimAccount":{"type":"string"},"EUPurchaseCreditAcc":{"type":"string"},"BoEAccountsPayable2":{"type":"string"},"ExpensesAccountForeign":{"type":"string"},"EOYControlAccount":{"type":"string"},"APCashDiscountAccount":{"type":"string"},"PurchaseAccount":{"type":"string"},"SalesCreditEUAcc":{"type":"string"},"StockInTransitAccount":{"type":"string"},"EUAccountsPayable":{"type":"string"},"ExemptedCredits":{"type":"string"},"TaxExemptRevenuesDefault":{"type":"string"},"SalesReturns":{"type":"string"},"APCashDiscountInterim":{"type":"string"},"PeriodCategory":{"type":"string"},"RevenuesAccountForeign":{"type":"string"},"DownPaymentPClearingAcct":{"type":"string"},"DownPaymentSClearingAcct":{"type":"string"},"CustomerBillofExchngeDisc":{"type":"string"},"VendorDownPaymentsAccount":{"type":"string"},"ARExRateInterim":{"type":"string"},"WithholodingTax":{"type":"string"},"PurchaseOffsetAccount":{"type":"string"},"ExpenseOffsetAccount":{"type":"string"},"PeriodName":{"type":"string"},"ExpenseAccountDefault":{"type":"string"},"GLRevaluationOffsetAccount":{"type":"string"},"AccountforCreditMemoPayme":{"type":"string"},"CostofSaleRevaluationAcct":{"type":"string"},"ARGainRealizedExchngeDif":{"type":"string"},"CostofSaleRevOffsetAcct":{"type":"string"},"CustomersDeductionatSource":{"type":"string"},"CreditorsFollowUpAccount":{"type":"string"},"PurchaseReturnAccount":{"type":"string"},"FromDocumentDate":{"type":"string"},"DunningFeeAccount":{"type":"string"},"APGainRealizedExchngeDif":{"type":"string"},"EUAccountsReceivable":{"type":"string"},"OverpaymentsAPAccount":{"type":"string"},"ARCashDiscountInterim":{"type":"string"},"CustBillofExchangeonC":{"type":"string"},"WipOffsetProfitAndLossAccount":{"type":"string"},"FromPostingDate":{"type":"string"},"ARLossRealizedExchangeDi":{"type":"string"},"FromDueDate":{"type":"string"},"DefaultSaleAccount":{"type":"string"},"ForeignPurchaseCreditAcc":{"type":"string"},"PurchaseTax":{"type":"string"},"OutgoingChecksAccount":{"type":"string"},"TaxDefinition":{"type":"string"},"StockAccount":{"type":"string"},"BoEAccountsPayable":{"type":"string"},"InputTaxAccount":{"type":"string"},"BeginningofFinancialYear":{"type":"string"},"ExpenseVarianceAccount":{"type":"string"},"InventoryOffsetProfitAndLossAccount":{"type":"string"},"RoundingAccount":{"type":"string"},"ExpenseClearingAccount":{"type":"string"},"OutgoingCashAccount":{"type":"string"},"APLossCashDiscountAccount":{"type":"string"},"DunningInterestAccount":{"type":"string"},"GLLossRealizedConversionDiff":{"type":"string"},"CommissionAccountDefault":{"type":"string"},"EUExpenseAccount":{"type":"string"},"VendorDoubtfulDebtsAcct":{"type":"string"},"ReconciliationDifference":{"type":"string"}}},"RoundingContextEnum":{"type":"string","enum":["rcStockSumRoundUp","rcVatReportAmount","rcRealAmountInPayment","rcBudgetSum","rcExpenseTotal","rcTaxPerGroup","rcWTax","rcPriceListSum","rcDocHeaderTotal","rcLineGrossTotal","rcBASCode","rcQuantity","rcRate","rcPercent","rcMeasure","rcSum","rcTaxForPrice","rcTax","rcPrice"]},"TaxCalcSysEnum":{"type":"string","enum":["UserDefinedFormula","PreconfiguredFormulaWithJurisdictionSupport","PreconfiguredFormula"]},"ExtendedAdminInfo":{"type":"object","properties":{"CreditContributionOriginCode":{"type":"string"},"CompanyQualificationCode":{"type":"integer"},"STDCode":{"type":"integer"},"STDCodeForeign":{"type":"integer"},"GlobalLocationNumber":{"type":"string"},"CommercialRegister":{"type":"string"},"AuthorityPassword":{"type":"string"},"EconomicActivityTypeCode":{"type":"integer"},"ElectronicApprovalForInvoiceEnabled":{"$ref":"#/definitions/BoYesNoEnum"},"AuthorityUser":{"type":"string"},"StreetNo":{"type":"string"},"URLforGoodsTransportService":{"type":"string"},"ProfitTaxationCode":{"type":"integer"},"AllowInactiveItemsInInventoryOpeningBalance":{"$ref":"#/definitions/BoYesNoEnum"},"Opting4ICMS":{"$ref":"#/definitions/BoYesNoEnum"},"URLforInvoiceTypeService":{"type":"string"},"OKDPNumber":{"type":"string"},"IPITaxContributor":{"$ref":"#/definitions/BoYesNoEnum"},"AllowInactiveItemsInInventoryCountingAndPosting":{"$ref":"#/definitions/BoYesNoEnum"},"CooperativeAssociationTypeCode":{"type":"integer"},"SPEDProfile":{"type":"string"},"ElectronicApprovalForGoodsTransEnabled":{"$ref":"#/definitions/BoYesNoEnum"},"EnvironmentType":{"type":"integer"},"AutoAssignNewBranchToBP":{"$ref":"#/definitions/BoYesNoEnum"},"EnableIntrastat":{"$ref":"#/definitions/BoYesNoEnum"},"DeclarerTypeCode":{"type":"integer"},"NatureOfCompanyCode":{"type":"integer"},"IPIPeriodCode":{"type":"string"},"AddressType":{"type":"string"},"DateOfIncorporation":{"type":"string"}}},"GTSResponseToExceedingEnum":{"type":"string","enum":["Split","Block"]},"BoAlertTypeforWHStockEnum":{"type":"string","enum":["atfwhs_WarningOnly","atfwhs_NoMessage","atfwhs_Block"]},"FinancePeriod":{"type":"object","properties":{"TaxDateFrom":{"type":"string"},"ValueDateFrom":{"type":"string"},"ValueDateTo":{"type":"string"},"ActiveforFeed":{"$ref":"#/definitions/BoYesNoEnum"},"SubNum":{"type":"integer"},"PostingDateTo":{"type":"string"},"AdditionalSubPeriods":{"$ref":"#/definitions/BoYesNoEnum"},"PeriodIndicator":{"type":"string"},"PostingDateFrom":{"type":"string"},"Locked":{"$ref":"#/definitions/BoYesNoEnum"},"AbsoluteEntry":{"type":"integer"},"PeriodName":{"type":"string"},"PeriodStatus":{"$ref":"#/definitions/PeriodStatusEnum"},"PeriodCode":{"type":"string"},"TaxDateTo":{"type":"string"}}},"CommissionGroup":{"type":"object","properties":{}},"CompanyInfo":{"type":"object","properties":{"MinimumAmountForAnnualList":{"type":"number"},"PercentOfTotalAcquisition":{"type":"number"},"BlockStockNegativeQuantity":{"$ref":"#/definitions/BoYesNoEnum"},"BISRBankAccount":{"type":"string"},"GroupLinesInVATCalculation":{"$ref":"#/definitions/BoYesNoEnum"},"DisplayTransactionsByDflt":{"$ref":"#/definitions/BoYesNoEnum"},"EnableExpensesManagement":{"$ref":"#/definitions/BoYesNoEnum"},"TaxCalculationSystem":{"$ref":"#/definitions/TaxCalcSysEnum"},"SRIManagementSystem":{"$ref":"#/definitions/BoManageMethod"},"CompanyName":{"type":"string"},"EnableStockRelNoCostPrice":{"$ref":"#/definitions/BoYesNoEnum"},"MaxNumberOfDocumentsInPmt":{"type":"integer"},"Version":{"type":"integer"},"EnableCheckQuantityInRDR":{"$ref":"#/definitions/BoYesNoEnum"},"BaseDateForExchangeRate":{"$ref":"#/definitions/BoBaseDateRateEnum"},"MinimumAmountForAppndixOP":{"type":"number"},"BISRBankActKey":{"type":"integer"},"DataOwnershipIndication":{"$ref":"#/definitions/BoYesNoEnum"},"MinimumBaseAmountPerDoc":{"type":"number"},"BISRBankCountry":{"type":"string"},"MaxRecordsInChooseFromList":{"type":"integer"},"EnableAccountSegmentation":{"$ref":"#/definitions/BoYesNoEnum"},"IEPSPayer":{"$ref":"#/definitions/BoYesNoEnum"},"AutoSRICreationOnReceipt":{"$ref":"#/definitions/BoYesNoEnum"},"EnableSharingSeries":{"$ref":"#/definitions/BoYesNoEnum"},"EnableTransactionNotification":{"$ref":"#/definitions/BoYesNoEnum"},"BISRBranch":{"type":"string"},"AutoCreateCustomerEqCard":{"$ref":"#/definitions/BoYesNoEnum"},"EnableBillOfExchange":{"$ref":"#/definitions/BoYesNoEnum"},"DefaultStampTax":{"type":"string"},"EnableConversionDifferentAcct":{"$ref":"#/definitions/BoYesNoEnum"},"BISRBankNo":{"type":"string"},"DefaultDaysForOrdCanc":{"type":"integer"}}},"BoDataOwnershipManageMethodEnum":{"type":"string","enum":["doManageByBPOnly","doManageByDocOnly","doManageByBPnDoc"]},"BoBlockBudget":{"type":"string","enum":["bb_OnlyAnnualAlert","bb_Block","bb_MonthlyAlertOnly"]},"BoBaseDateRateEnum":{"type":"string","enum":["bdr_PostingDate","bdr_TaxDate"]}},"swagger":"3.0","info":{"description":"This is a sample server Petstore server.","title":"Swagger For Service Layer","version":"1.0.0"},"tags":[{"name":"CompanyService","description":"This API enables you to invoke the interfaces defined on 'CompanyService'."}]}