{"basePath":"/b1s/v1/","paths":{"/ContractTemplates":{"post":{"produces":["application/json","application/xml"],"description":"Create an instance of 'ContractTemplates' with the given payload of type 'ContractTemplate' in JSON format.","responses":{"200":{"description":"successful operation"}},"parameters":[{"schema":{"$ref":"#/definitions/ContractTemplate"},"in":"body","name":"body"}],"tags":["ContractTemplates"],"consumes":["application/json","application/xml"]},"get":{"produces":["application/json","application/xml"],"description":"Retrieve a collection of 'ContractTemplates' with all or some selected properties in the given order by specifying the given filter condition.","responses":{"200":{"description":"successful operation"}},"parameters":[{"name":"TemplateName","type":"string"},{"name":"TemplateIsDeleted","type":"string"},{"name":"TemplateIsRen","type":"string"}],"tags":["ContractTemplates"],"consumes":["application/json","application/xml"]}},"/ContractTemplates(id)":{"patch":{"produces":["application/json","application/xml"],"description":"Update an instance of 'ContractTemplates' with the given payload of type 'ContractTemplate' in JSON format and with the specified id.","responses":{"200":{"description":"successful operation"}},"parameters":[{"schema":{"$ref":"#/definitions/ContractTemplate"},"in":"body","name":"body"}],"tags":["ContractTemplates"],"consumes":["application/json","application/xml"]},"get":{"produces":["application/json","application/xml"],"description":"Retrieve all or some selected properties from an instance of 'ContractTemplates' with the given id.","responses":{"200":{"description":"successful operation"}},"parameters":[{"name":"TemplateName","type":"string"},{"name":"TemplateIsDeleted","type":"string"},{"name":"TemplateIsRenewal","type":"string"}],"tags":["ContractTemplates"],"consumes":["application/json","application/xml"]},"delete":{"produces":["application/json","application/xml"],"description":"Delete an instance of 'ContractTemplates' with the specified id.","responses":{"200":{"description":"successful operation"}},"parameters":[],"tags":["ContractTemplates"],"consumes":["application/json","application/xml"]}}},"host":"slcdemo.cfapps.sap.hana.ondemand.com","schemes":"https","definitions":{"BoResponseUnit":{"type":"string","enum":["boru_Day","boru_Hour"]},"ContractTemplate":{"type":"object","properties":{"ThursdayEnabled":{"description":"BoYesNoEnum","type":"string","enum":["tYES","tNO"]},"SaturdayEnabled":{"description":"BoYesNoEnum","type":"string","enum":["tYES","tNO"]},"SundayStart":{"type":"array","items":{}},"IncludeParts":{"description":"BoYesNoEnum","type":"string","enum":["tYES","tNO"]},"FridayEnd":{"type":"array","items":{}},"Description":{"type":"string"},"IncludeLabor":{"description":"BoYesNoEnum","type":"string","enum":["tYES","tNO"]},"ThursdayEnd":{"type":"array","items":{}},"TuesdayStart":{"type":"array","items":{}},"WednesdayEnabled":{"description":"BoYesNoEnum","type":"string","enum":["tYES","tNO"]},"ResponseUnit":{"description":"BoResponseUnit","type":"string","enum":["boru_Day","boru_Hour"]},"FridayEnabled":{"description":"BoYesNoEnum","type":"string","enum":["tYES","tNO"]},"MondayEnd":{"type":"array","items":{}},"Remarks":{"type":"string"},"IncludeHolidays":{"description":"BoYesNoEnum","type":"string","enum":["tYES","tNO"]},"TemplateName":{"type":"string"},"ResponseValue":{"type":"integer"},"TemplateIsRenewal":{"description":"BoYesNoEnum","type":"string","enum":["tYES","tNO"]},"TuesdayEnabled":{"description":"BoYesNoEnum","type":"string","enum":["tYES","tNO"]},"ThursdayStart":{"type":"array","items":{}},"SaturdayEnd":{"type":"array","items":{}},"FridayStart":{"type":"array","items":{}},"SaturdayStart":{"type":"array","items":{}},"DurationOfCoverage":{"type":"integer"},"TemplateIsDeleted":{"description":"BoYesNoEnum","type":"string","enum":["tYES","tNO"]},"WednesdayStart":{"type":"array","items":{}},"AttachmentEntry":{"type":"integer"},"WednesdayEnd":{"type":"array","items":{}},"MondayStart":{"type":"array","items":{}},"SundayEnd":{"type":"array","items":{}},"ResolutionTime":{"type":"integer"},"SundayEnabled":{"description":"BoYesNoEnum","type":"string","enum":["tYES","tNO"]},"MondayEnabled":{"description":"BoYesNoEnum","type":"string","enum":["tYES","tNO"]},"TuesdayEnd":{"type":"array","items":{}},"ContractType":{"description":"BoContractTypes","type":"string","enum":["ct_SerialNumber","ct_Customer","ct_ItemGroup"]},"IncludeTravel":{"description":"BoYesNoEnum","type":"string","enum":["tYES","tNO"]},"RemindUnit":{"description":"BoRemindUnits","type":"string","enum":["reu_Days","reu_Weeks","reu_Month"]},"RemindBeforeRenewal":{"type":"integer"},"ResolutionUnit":{"description":"BoResolutionUnits","type":"string","enum":["rsu_Days","rsu_Hours"]}}},"BoContractTypes":{"type":"string","enum":["ct_SerialNumber","ct_Customer","ct_ItemGroup"]},"BoRemindUnits":{"type":"string","enum":["reu_Days","reu_Weeks","reu_Month"]},"BoResolutionUnits":{"type":"string","enum":["rsu_Days","rsu_Hours"]},"BoYesNoEnum":{"type":"string","enum":["tYES","tNO"]}},"swagger":"3.0","info":{"description":"This is a sample server Petstore server.","title":"Swagger For Service Layer","version":"1.0.0"},"tags":[{"name":"ContractTemplates","description":"This entity enables you to manipulate 'ContractTemplates'."}]}