{"basePath":"/b1s/v1/","paths":{"/Contacts(id)":{"patch":{"produces":["application/json","application/xml"],"description":"Update an instance of 'Contacts' with the given payload of type 'Contact' in JSON format and with the specified id.","responses":{"200":{"description":"successful operation"}},"parameters":[{"schema":{"$ref":"#/definitions/Contact"},"in":"body","name":"body"}],"tags":["Contacts"],"consumes":["application/json","application/xml"]},"get":{"produces":["application/json","application/xml"],"description":"Retrieve all or some selected properties from an instance of 'Contacts' with the given id.","responses":{"200":{"description":"successful operation"}},"parameters":[{"name":"CardCode","type":"string"},{"name":"Notes","type":"string"},{"name":"ContactDate","type":"string"}],"tags":["Contacts"],"consumes":["application/json","application/xml"]},"delete":{"produces":["application/json","application/xml"],"description":"Delete an instance of 'Contacts' with the specified id.","responses":{"200":{"description":"successful operation"}},"parameters":[],"tags":["Contacts"],"consumes":["application/json","application/xml"]}},"/Contacts":{"post":{"produces":["application/json","application/xml"],"description":"Create an instance of 'Contacts' with the given payload of type 'Contact' in JSON format.","responses":{"200":{"description":"successful operation"}},"parameters":[{"schema":{"$ref":"#/definitions/Contact"},"in":"body","name":"body"}],"tags":["Contacts"],"consumes":["application/json","application/xml"]},"get":{"produces":["application/json","application/xml"],"description":"Retrieve a collection of 'Contacts' with all or some selected properties in the given order by specifying the given filter condition.","responses":{"200":{"description":"successful operation"}},"parameters":[{"name":"CardCode","type":"string"},{"name":"Notes","type":"string"},{"name":"Contact","type":"string"}],"tags":["Contacts"],"consumes":["application/json","application/xml"]}}},"host":"slcdemo.cfapps.sap.hana.ondemand.com","schemes":"https","definitions":{"BoDurations":{"type":"string","enum":["du_Hours","du_Days","du_Minuts"]},"BoActivities":{"type":"string","enum":["cn_Meeting","cn_Task","cn_Other","cn_Campaign","cn_Conversation","cn_Note"]},"BoMsgPriorities":{"type":"string","enum":["pr_High","pr_Normal","pr_Low"]},"BoYesNoEnum":{"type":"string","enum":["tYES","tNO"]},"Contact":{"type":"object","properties":{"SalesEmployee":{"type":"integer"},"EndTime":{"type":"array","items":{}},"ParentobjectId":{"type":"integer"},"DocTypeEx":{"type":"string"},"Activity":{"description":"BoActivities","type":"string","enum":["cn_Meeting","cn_Task","cn_Other","cn_Campaign","cn_Conversation","cn_Note"]},"Parentobjecttype":{"type":"string"},"CloseDate":{"type":"string"},"StartDate":{"type":"string"},"EndDuedate":{"type":"string"},"Recontact":{"type":"string"},"Phone":{"type":"string"},"HandledBy":{"type":"integer"},"Street":{"type":"string"},"Tentativeflag":{"description":"BoYesNoEnum","type":"string","enum":["tYES","tNO"]},"ContactDate":{"type":"string"},"ContactCode":{"type":"integer"},"ReminderType":{"description":"BoDurations","type":"string","enum":["du_Hours","du_Days","du_Minuts"]},"DocNum":{"type":"string"},"Room":{"type":"string"},"Notes":{"type":"string"},"DocType":{"type":"string"},"DurationType":{"description":"BoDurations","type":"string","enum":["du_Hours","du_Days","du_Minuts"]},"Status":{"type":"integer"},"Reminder":{"description":"BoYesNoEnum","type":"string","enum":["tYES","tNO"]},"Personalflag":{"description":"BoYesNoEnum","type":"string","enum":["tYES","tNO"]},"Priority":{"description":"BoMsgPriorities","type":"string","enum":["pr_High","pr_Normal","pr_Low"]},"ActivityType":{"type":"integer"},"StartTime":{"type":"array","items":{}},"CardCode":{"type":"string"},"DocEntry":{"type":"string"},"Duration":{"type":"number"},"City":{"type":"string"},"AttachmentEntry":{"type":"integer"},"PreviousActivity":{"type":"integer"},"Subject":{"type":"integer"},"ReminderPeriod":{"type":"number"},"ContactPersonCode":{"type":"integer"},"Details":{"type":"string"},"ContactTime":{"type":"array","items":{}},"Closed":{"description":"BoYesNoEnum","type":"string","enum":["tYES","tNO"]},"State":{"type":"string"},"Country":{"type":"string"},"Fax":{"type":"string"},"Inactiveflag":{"description":"BoYesNoEnum","type":"string","enum":["tYES","tNO"]},"Location":{"type":"integer"}}}},"swagger":"3.0","info":{"description":"This is a sample server Petstore server.","title":"Swagger For Service Layer","version":"1.0.0"},"tags":[{"name":"Contacts","description":"This entity enables you to manipulate 'Contacts'. It represents the activities carried out with customers and vendors."}]}