{"basePath":"/b1s/v1/","paths":{"/CorrectionPurchaseInvoice(id)/Reopen":{"post":{"produces":["application/json","application/xml"],"description":"Invoke the method 'Reopen' on this EntitySet with the specified id.","responses":{"200":{"description":"successful operation"}},"parameters":[{"schema":{"$ref":"#/definitions/Document"},"in":"body","name":"body"}],"tags":["CorrectionPurchaseInvoice"],"consumes":["application/json","application/xml"]}},"/CorrectionPurchaseInvoice(id)/Cancel":{"post":{"produces":["application/json","application/xml"],"description":"Invoke the method 'Cancel' on this EntitySet with the specified id.","responses":{"200":{"description":"successful operation"}},"parameters":[{"schema":{"$ref":"#/definitions/Document"},"in":"body","name":"body"}],"tags":["CorrectionPurchaseInvoice"],"consumes":["application/json","application/xml"]}},"/CorrectionPurchaseInvoice(id)":{"patch":{"produces":["application/json","application/xml"],"description":"Update an instance of 'CorrectionPurchaseInvoice' with the given payload of type 'Document' in JSON format and with the specified id.","responses":{"200":{"description":"successful operation"}},"parameters":[{"schema":{"$ref":"#/definitions/Document"},"in":"body","name":"body"}],"tags":["CorrectionPurchaseInvoice"],"consumes":["application/json","application/xml"]},"get":{"produces":["application/json","application/xml"],"description":"Retrieve all or some selected properties from an instance of 'CorrectionPurchaseInvoice' with the given id.","responses":{"200":{"description":"successful operation"}},"parameters":[{"name":"DocEntry","type":"string"},{"name":"DocNum","type":"string"},{"name":"DocType","type":"string"}],"tags":["CorrectionPurchaseInvoice"],"consumes":["application/json","application/xml"]}},"/CorrectionPurchaseInvoice(id)/Close":{"post":{"produces":["application/json","application/xml"],"description":"Invoke the method 'Close' on this EntitySet with the specified id.","responses":{"200":{"description":"successful operation"}},"parameters":[{"schema":{"$ref":"#/definitions/Document"},"in":"body","name":"body"}],"tags":["CorrectionPurchaseInvoice"],"consumes":["application/json","application/xml"]}},"/CorrectionPurchaseInvoice(id)/CreateCancellationDocument":{"post":{"produces":["application/json","application/xml"],"description":"Invoke the method 'CreateCancellationDocument' on this EntitySet with the specified id.","responses":{"200":{"description":"successful operation"}},"parameters":[{"schema":{"$ref":"#/definitions/Document"},"in":"body","name":"body"}],"tags":["CorrectionPurchaseInvoice"],"consumes":["application/json","application/xml"]}},"/CorrectionPurchaseInvoice":{"post":{"produces":["application/json","application/xml"],"description":"Create an instance of 'CorrectionPurchaseInvoice' with the given payload of type 'Document' in JSON format.","responses":{"200":{"description":"successful operation"}},"parameters":[{"schema":{"$ref":"#/definitions/Document"},"in":"body","name":"body"}],"tags":["CorrectionPurchaseInvoice"],"consumes":["application/json","application/xml"]},"get":{"produces":["application/json","application/xml"],"description":"Retrieve a collection of 'CorrectionPurchaseInvoice' with all or some selected properties in the given order by specifying the given filter condition.","responses":{"200":{"description":"successful operation"}},"parameters":[{"name":"DocEntry","type":"string"},{"name":"DocNum","type":"string"},{"name":"Doc","type":"string"}],"tags":["CorrectionPurchaseInvoice"],"consumes":["application/json","application/xml"]}}},"host":"slcdemo.cfapps.sap.hana.ondemand.com","schemes":"https","definitions":{"WithholdingTaxData":{"type":"object","properties":{"Category":{"type":"string"},"AppliedWTAmount":{"type":"number"},"Criteria":{"type":"string"},"LineNum":{"type":"integer"},"TargetDocumentType":{"type":"integer"},"TaxableAmountFC":{"type":"number"},"BaseDocumentReference":{"type":"integer"},"BaseDocLine":{"type":"integer"},"WTCode":{"type":"string"},"Status":{"$ref":"#/definitions/BoStatus"},"TaxableAmountinSys":{"type":"number"},"TargetAbsEntry":{"type":"integer"},"WTAmount":{"type":"number"},"TaxableAmount":{"type":"number"},"Rate":{"type":"number"},"AppliedWTAmountSys":{"type":"number"},"WTAmountSys":{"type":"number"},"GLAccount":{"type":"string"},"WithholdingType":{"type":"string"},"BaseDocType":{"type":"integer"},"BaseDocEntry":{"type":"integer"},"BaseType":{"type":"string"},"AppliedWTAmountFC":{"type":"number"},"WTAmountFC":{"type":"number"},"RoundingType":{"type":"string"}}},"EDocStatusEnum":{"type":"string","enum":["edoc_Pending","edoc_Error","edoc_Ok","edoc_New","edoc_Sent"]},"DocExpenseTaxJurisdiction":{"type":"object","properties":{"TaxAmount":{"type":"number"},"TaxAmountFC":{"type":"number"},"JurisdictionCode":{"type":"string"},"TaxAmountSC":{"type":"number"},"JurisdictionType":{"type":"integer"},"TaxRate":{"type":"number"},"RowSequence":{"type":"integer"},"DocEntry":{"type":"integer"},"LineNumber":{"type":"integer"}}},"BoDocWhsUpdateTypes":{"type":"string","enum":["dwh_Consignment","dwh_Stock","dwh_CustomerOrders","dwh_OrdersFromVendors","dwh_No"]},"Document":{"type":"object","properties":{"Reserve":{"description":"BoYesNoEnum","type":"string","enum":["tYES","tNO"]},"PointOfIssueCode":{"type":"string"},"POTargetNum":{"type":"integer"},"PaidToDateFC":{"type":"number"},"BuildingS":{"type":"string"},"CostingCode":{"type":"string"},"OrderNumber":{"type":"integer"},"TaxAmount":{"type":"number"},"BuildingB":{"type":"string"},"PickStatus":{"description":"BoYesNoEnum","type":"string","enum":["tYES","tNO"]},"Weight2":{"type":"number"},"Weight1":{"type":"number"},"SubSeriesString":{"type":"string"},"NetProcedure":{"description":"BoYesNoEnum","type":"string","enum":["tYES","tNO"]},"DiscountPercent":{"type":"number"},"LineTaxJurisdictions":{"type":"array","items":{"$ref":"#/definitions/LineTaxJurisdiction"}},"CSTforCOFINS":{"type":"string"},"Status":{"description":"BoStatus","type":"string","enum":["bost_Paid","bost_Delivered","bost_Open","bost_Close"]},"RelatedType":{"type":"integer"},"GrossWeight":{"type":"number"},"BatchNumber":{"type":"string"},"TotalDiscountFC":{"type":"number"},"Subtotal":{"type":"number"},"DocTime":{"type":"array","items":{}},"DocumentSubType":{"description":"BoDocumentSubType","type":"string","enum":["bod_PurchaseDebitMemo","bod_DebitMemo","bod_None","bod_Bill","bod_InvoiceExempt","bod_ExportInvoice","bod_ExemptBill"]},"Freight1FC":{"type":"number"},"ExtraDays":{"type":"integer"},"ElecCommStatus":{"description":"ElecCommStatusEnum","type":"string","enum":["ecsApproved","ecsRejected","ecsPendingApproval"]},"RetirementQuantity":{"type":"number"},"TransportMode":{"type":"integer"},"DocumentSpecialLines":{"type":"array","items":{"$ref":"#/definitions/DocumentSpecialLine"}},"DocDueDate":{"type":"string"},"DistributeExpense":{"description":"BoYesNoEnum","type":"string","enum":["tYES","tNO"]},"CSTCodeOutgoing":{"type":"string"},"BaseAmount":{"type":"number"},"EnableReturnCost":{"description":"BoYesNoEnum","type":"string","enum":["tYES","tNO"]},"ShipToStreetNo":{"type":"string"},"LineTotal":{"type":"number"},"BaseDocumentReference":{"type":"integer"},"CountyB":{"type":"string"},"DocType":{"description":"BoDocumentTypes","type":"string","enum":["dDocument_Items","dDocument_Service"]},"SequenceModel":{"type":"string"},"GrossTotalFC":{"type":"number"},"Pick":{"description":"BoYesNoEnum","type":"string","enum":["tYES","tNO"]},"RequesterBranch":{"type":"integer"},"Form1099":{"type":"integer"},"CountyS":{"type":"string"},"TaxAmountSC":{"type":"number"},"LastBuyDistributeSumSc":{"type":"number"},"PickListIdNumber":{"type":"integer"},"ExciseAmount":{"type":"number"},"DocTotal":{"type":"number"},"Rounding":{"description":"BoYesNoEnum","type":"string","enum":["tYES","tNO"]},"TaxPercent":{"type":"number"},"DocumentStatus":{"description":"BoStatus","type":"string","enum":["bost_Paid","bost_Delivered","bost_Open","bost_Close"]},"AnnualInvoiceDeclarationReference":{"type":"integer"},"UnitPrice":{"type":"number"},"AgentCode":{"type":"string"},"GeneratedAssets":{"type":"array","items":{"$ref":"#/definitions/GeneratedAsset"}},"BatchNumbers":{"type":"array","items":{"$ref":"#/definitions/BatchNumber"}},"TaxPerUnit":{"type":"number"},"GrossAmountToDrawFC":{"type":"number"},"DocCurrency":{"type":"string"},"UseShpdGoodsAct":{"description":"BoYesNoEnum","type":"string","enum":["tYES","tNO"]},"VisualOrder":{"type":"integer"},"FinancialPeriod":{"type":"integer"},"ShippingMethod":{"type":"integer"},"ATDocumentType":{"type":"string"},"DeductibleTaxSumSys":{"type":"number"},"ApprovalTemplatesID":{"type":"integer"},"ReceptionDate":{"type":"string"},"SequenceCode":{"type":"integer"},"CorrectionInvoiceItem":{"description":"BoCorInvItemStatus","type":"string","enum":["ciis_ShouldBe","ciis_Was"]},"CostingCode2":{"type":"string"},"CostingCode3":{"type":"string"},"CostingCode4":{"type":"string"},"POTargetRowNum":{"type":"integer"},"CostingCode5":{"type":"string"},"DeferredTax":{"description":"BoYesNoEnum","type":"string","enum":["tYES","tNO"]},"CorrInvAmountToDiffAcct":{"type":"number"},"Vehicle":{"type":"string"},"LanguageCode":{"type":"integer"},"VehiclePlate":{"type":"string"},"AccumBaseAmount":{"type":"number"},"ShipToState":{"type":"string"},"Remarks":{"type":"string"},"CommisionPercent":{"type":"number"},"BaseDocLine":{"type":"integer"},"EqualizationTaxFC":{"type":"number"},"SeriesString":{"type":"string"},"ServiceGrossProfitPercent":{"type":"number"},"ReqType":{"type":"integer"},"VatGroupCode":{"type":"string"},"RequiredDate":{"type":"string"},"BackOrder":{"description":"BoYesNoEnum","type":"string","enum":["tYES","tNO"]},"ShipToZipCode":{"type":"string"},"GlobalLocationNumberB":{"type":"string"},"PayToBankCountry":{"type":"string"},"CreditOriginCode":{"type":"string"},"MainUsage":{"type":"integer"},"Freight3FC":{"type":"number"},"AllowNegativeQuantity":{"description":"BoYesNoEnum","type":"string","enum":["tYES","tNO"]},"ReopenOriginalDocument":{"description":"BoYesNoEnum","type":"string","enum":["tYES","tNO"]},"ContactPersonCode":{"type":"integer"},"Brand":{"type":"string"},"MeasureUnit":{"type":"string"},"SerialNumber":{"type":"string"},"UnitsOfMeasurement":{"type":"number"},"Height2Unit":{"type":"integer"},"State":{"type":"string"},"GlobalLocationNumberS":{"type":"string"},"WTAmountFC":{"type":"number"},"LineGrossFC":{"type":"number"},"Confirmed":{"description":"BoYesNoEnum","type":"string","enum":["tYES","tNO"]},"AccumWTaxAmount":{"type":"number"},"UnitsOfMeasurment":{"type":"number"},"EDocErrorMessage":{"type":"string"},"ExLineNo":{"type":"string"},"BillToStreet":{"type":"string"},"TaxTotal":{"type":"number"},"TransactionType":{"description":"BoTransactionTypeEnum","type":"string","enum":["botrntReject","botrntComplete"]},"DocDate":{"type":"string"},"VehicleState":{"type":"string"},"TaxPercentagePerRow":{"type":"number"},"DownPaymentAmountSC":{"type":"number"},"GrossBase":{"type":"integer"},"StockDistributesumSystem":{"type":"number"},"GTSPayee":{"type":"integer"},"RequiredQuantity":{"type":"number"},"Number":{"type":"integer"},"PaymentBlock":{"description":"BoYesNoEnum","type":"string","enum":["tYES","tNO"]},"Height1":{"type":"number"},"TaxRate":{"type":"number"},"Height2":{"type":"number"},"EqualizationTaxPercent":{"type":"number"},"DocumentPackages":{"type":"array","items":{"$ref":"#/definitions/DocumentPackage"}},"TotalEqualizationTaxFC":{"type":"number"},"ShipToAddress2":{"type":"string"},"ThirdParty":{"description":"BoYesNoEnum","type":"string","enum":["tYES","tNO"]},"AgreementRowNumber":{"type":"integer"},"ShipToAddress3":{"type":"string"},"Submitted":{"description":"BoYesNoEnum","type":"string","enum":["tYES","tNO"]},"InventoryQuantity":{"type":"number"},"DocumentsOwner":{"type":"integer"},"WTExemptedAmountFC":{"type":"number"},"ConsiderQuantity":{"description":"BoYesNoEnum","type":"string","enum":["tYES","tNO"]},"Freight2FC":{"type":"number"},"Indicator":{"type":"string"},"BaseType":{"type":"string"},"ExpenseCode":{"type":"integer"},"RetirementAPC":{"type":"number"},"Incoterms":{"type":"string"},"PrivateKeyVersion":{"type":"integer"},"StartDeliveryDate":{"type":"string"},"POSManufacturerSerialNumber":{"type":"string"},"Address":{"type":"string"},"Freight1":{"type":"number"},"Freight2":{"type":"number"},"SignatureDigest":{"type":"string"},"WTAbsId":{"type":"string"},"Weight1Unit":{"type":"integer"},"PeriodIndicator":{"type":"string"},"AssetCode":{"type":"string"},"BPChannelContact":{"type":"integer"},"UpdateDate":{"type":"string"},"EndDeliveryDate":{"type":"string"},"PriceAfterVAT":{"type":"number"},"TaxableAmountFC":{"type":"number"},"BillToBlock":{"type":"string"},"LastPurchasePrice":{"description":"BoYesNoEnum","type":"string","enum":["tYES","tNO"]},"EqualizationTaxSum":{"type":"number"},"RequriedDate":{"type":"string"},"TaxSumSys":{"type":"number"},"Freight3":{"type":"number"},"LineGrossSys":{"type":"number"},"ShipUnitNo":{"type":"integer"},"DocNum":{"type":"integer"},"ConsumerSalesForecast":{"description":"BoYesNoEnum","type":"string","enum":["tYES","tNO"]},"Width2":{"type":"number"},"CSTforPIS":{"type":"string"},"WTLiable":{"description":"BoYesNoEnum","type":"string","enum":["tYES","tNO"]},"DefectAndBreakup":{"type":"number"},"Rate":{"type":"number"},"Width1":{"type":"number"},"LineExpenseTaxJurisdictions":{"type":"array","items":{"$ref":"#/definitions/LineExpenseTaxJurisdiction"}},"LocationCode":{"type":"integer"},"DownPaymentPercentage":{"type":"number"},"ShipDate":{"type":"string"},"PackageQuantity":{"type":"number"},"RowNum":{"type":"integer"},"FiscalDocNum":{"type":"string"},"TaxTotalSum":{"type":"number"},"PaymentGroupCode":{"type":"integer"},"UseBaseUnits":{"description":"BoYesNoEnum","type":"string","enum":["tYES","tNO"]},"BillToCity":{"type":"string"},"AquisitionTax":{"description":"BoYesNoEnum","type":"string","enum":["tYES","tNO"]},"POSReceiptNo":{"type":"integer"},"VatSumFc":{"type":"number"},"InterimType":{"description":"BoInterimDocTypes","type":"string","enum":["boidt_ExchangeRate","boidt_CashDiscount","boidt_None"]},"AppliedWTAmount":{"type":"number"},"Freight3SC":{"type":"number"},"TaxFC":{"type":"number"},"ShipToCity":{"type":"string"},"WithholdingTaxLines":{"type":"array","items":{"$ref":"#/definitions/WithholdingTaxLine"}},"EDocStatus":{"description":"EDocStatusEnum","type":"string","enum":["edoc_Pending","edoc_Error","edoc_Ok","edoc_New","edoc_Sent"]},"IsAlteration":{"description":"BoYesNoEnum","type":"string","enum":["tYES","tNO"]},"TaxPaidSys":{"type":"number"},"NTSApprovedNumber":{"type":"string"},"BaseNetAmountFC":{"type":"number"},"Supplier":{"type":"string"},"BPLName":{"type":"string"},"ShipToStreet":{"type":"string"},"AccumWTaxAmountFC":{"type":"number"},"PaymentBlockEntry":{"type":"integer"},"TaxBeforeDPMFC":{"type":"number"},"AccumBaseAmountFC":{"type":"number"},"Usage":{"type":"integer"},"AddmisionDate":{"type":"string"},"TotalFC":{"type":"number"},"Percentage":{"type":"number"},"BPChannelCode":{"type":"string"},"TaxableAmount":{"type":"number"},"TaxId13":{"type":"string"},"PayToBankBranch":{"type":"string"},"RequesterDepartment":{"type":"integer"},"TaxId12":{"type":"string"},"WithholdingType":{"type":"string"},"SalesPersonCode":{"type":"integer"},"Text":{"type":"string"},"PaidToDate":{"type":"number"},"NetWeight":{"type":"number"},"ClosingOption":{"description":"ClosingOptionEnum","type":"string","enum":["coBySpecifiedDate","coByCurrentSystemDate","coByOriginalDocumentDate"]},"TotalEqualizationTaxSC":{"type":"number"},"PackageNumber":{"type":"integer"},"AccumWTaxAmountSys":{"type":"number"},"AppliedWTAmountFC":{"type":"number"},"DownPaymentAmountFC":{"type":"number"},"DownPaymentStatus":{"description":"BoSoStatus","type":"string","enum":["so_Closed","so_Open"]},"SpecifiedClosingDate":{"type":"string"},"Freight2SC":{"type":"number"},"SignatureInputMessage":{"type":"string"},"TrackingNoteLine":{"type":"integer"},"ArchiveNonremovableSalesQuotation":{"description":"BoYesNoEnum","type":"string","enum":["tYES","tNO"]},"DeductibleTaxSum":{"type":"number"},"LineGross":{"type":"number"},"WTAppliedSC":{"type":"number"},"DistributionRule4":{"type":"string"},"ExpiryDate":{"type":"string"},"DistributionRule5":{"type":"string"},"RowTotalFC":{"type":"number"},"StockDistributesum":{"type":"number"},"DistributionRule2":{"type":"string"},"ChangeAssemlyBoMWarehouse":{"type":"string"},"LineVendor":{"type":"string"},"DistributionRule3":{"type":"string"},"BPL_IDAssignedToInvoice":{"type":"integer"},"TotalEqualizationTax":{"type":"number"},"AppliedTaxFC":{"type":"number"},"BaseNetAmount":{"type":"number"},"WTNonSubjectAmount":{"type":"number"},"BaseVatmountFC":{"type":"number"},"ParentLineNum":{"type":"integer"},"GrossTotalSC":{"type":"number"},"SerialNum":{"type":"string"},"Lengh2Unit":{"type":"integer"},"OriginalItem":{"type":"string"},"BaseAmountFC":{"type":"number"},"StockDistributesumForeign":{"type":"number"},"TaxLiable":{"description":"BoYesNoEnum","type":"string","enum":["tYES","tNO"]},"NetTaxAmount":{"type":"number"},"JurisdictionCode":{"type":"string"},"DownPayment":{"type":"number"},"VolumeUnit":{"type":"integer"},"PartialSupply":{"description":"BoYesNoEnum","type":"string","enum":["tYES","tNO"]},"StartDeliveryTime":{"type":"array","items":{}},"SeqNum":{"type":"integer"},"CountryOrg":{"type":"string"},"DocumentDelivery":{"description":"DocumentDeliveryTypeEnum","type":"string","enum":["ddtNoneSeleted","ddtCreateOnlineDocument","ddtPostToAribaNetwork"]},"Receiver":{"type":"integer"},"GrossProfitTotalBasePrice":{"type":"number"},"PayToCode":{"type":"string"},"TaxAdjust":{"description":"BoYesNoEnum","type":"string","enum":["tYES","tNO"]},"ShipToBuilding":{"type":"string"},"TotalDiscountSC":{"type":"number"},"ShowSCN":{"description":"BoYesNoEnum","type":"string","enum":["tYES","tNO"]},"WTExemptedAmount":{"type":"number"},"EDocExportFormat":{"type":"integer"},"OpenAmountSC":{"type":"number"},"Price":{"type":"number"},"AmountToDraw":{"type":"number"},"IsPayToBank":{"description":"BoYesNoEnum","type":"string","enum":["tYES","tNO"]},"BillOfExchangeReserved":{"description":"BoYesNoEnum","type":"string","enum":["tYES","tNO"]},"EDocErrorCode":{"type":"string"},"BaseEntry":{"type":"integer"},"HandWritten":{"description":"BoYesNoEnum","type":"string","enum":["tYES","tNO"]},"ShipToCode":{"type":"string"},"ItemCode":{"type":"string"},"StateB":{"type":"string"},"WarrantyEnd":{"type":"string"},"FolioPrefixString":{"type":"string"},"AgreementNo":{"type":"integer"},"County":{"type":"string"},"TaxSumFC":{"type":"number"},"TaxTotalSumFC":{"type":"number"},"LineText":{"type":"string"},"ManualNumber":{"type":"string"},"Document_ApprovalRequests":{"type":"array","items":{"$ref":"#/definitions/Document_ApprovalRequest"}},"BillToZipCode":{"type":"string"},"RequesterName":{"type":"string"},"CreateOnlineQuotation":{"description":"BoYesNoEnum","type":"string","enum":["tYES","tNO"]},"DueDate":{"type":"string"},"DistributionRule":{"type":"string"},"TargetAbsEntry":{"type":"integer"},"SubtotalSC":{"type":"number"},"ExemptionValidityDateTo":{"type":"string"},"Comments":{"type":"string"},"WTNonSubjectAmountSC":{"type":"number"},"Address2":{"type":"string"},"GrossAmountToDraw":{"type":"number"},"ETaxWebSite":{"type":"integer"},"BaseDocType":{"type":"integer"},"AmountToDrawSC":{"type":"number"},"DocumentAdditionalExpenses":{"type":"array","items":{"$ref":"#/definitions/DocumentAdditionalExpense"}},"AccumBaseAmountSys":{"type":"number"},"FreeText":{"type":"string"},"Series":{"type":"integer"},"PostingDate":{"type":"string"},"RoundingType":{"type":"string"},"Lengh1Unit":{"type":"integer"},"RelevantToGTS":{"description":"BoYesNoEnum","type":"string","enum":["tYES","tNO"]},"TotalDiscount":{"type":"number"},"Weight2Unit":{"type":"integer"},"EDocSeries":{"type":"integer"},"EDocGenerationType":{"description":"EDocGenerationTypeEnum","type":"string","enum":["edocGenerate","edocNotRelevant","edocGenerateLater"]},"DocumentPackageItems":{"type":"array","items":{"$ref":"#/definitions/DocumentPackageItem"}},"ExemptionValidityDateFrom":{"type":"string"},"TaxOnly":{"description":"BoYesNoEnum","type":"string","enum":["tYES","tNO"]},"VatGroup":{"type":"string"},"TaxId3":{"type":"string"},"TaxId2":{"type":"string"},"TaxId5":{"type":"string"},"InternalSerialNumber":{"type":"string"},"TaxId4":{"type":"string"},"BaseAmountSC":{"type":"number"},"ControlAccount":{"type":"string"},"WarehouseCode":{"type":"string"},"SequenceSerial":{"type":"integer"},"DeductibleTaxSumFC":{"type":"number"},"TaxId1":{"type":"string"},"TaxId0":{"type":"string"},"TotalInclTax":{"type":"number"},"AppliedTaxSC":{"type":"number"},"GrossBuyPrice":{"type":"number"},"LastBuyDistributeSumFc":{"type":"number"},"TaxId7":{"type":"string"},"TaxDate":{"type":"string"},"MaximumCashDiscount":{"description":"BoYesNoEnum","type":"string","enum":["tYES","tNO"]},"ExtraMonth":{"type":"integer"},"TaxId6":{"type":"string"},"TaxId9":{"type":"string"},"Currency":{"type":"string"},"TrackingNote":{"type":"integer"},"TaxId8":{"type":"string"},"DocExpenseTaxJurisdictions":{"type":"array","items":{"$ref":"#/definitions/DocExpenseTaxJurisdiction"}},"ExemptRate":{"type":"number"},"Surpluses":{"type":"number"},"BillToState":{"type":"string"},"DocTotalFc":{"type":"number"},"CountryB":{"type":"string"},"PickRemark":{"type":"string"},"TaxSum":{"type":"number"},"PackDescription":{"type":"string"},"Lengh1":{"type":"number"},"BillToGlobalLocationNumber":{"type":"string"},"CentralBankIndicator":{"type":"string"},"RoundingDiffAmountFC":{"type":"number"},"CashDiscountDateOffset":{"type":"integer"},"BinAbsEntry":{"type":"integer"},"Lengh2":{"type":"number"},"StateS":{"type":"string"},"CountryS":{"type":"string"},"Project":{"type":"string"},"OpenForLandedCosts":{"description":"BoYesNoEnum","type":"string","enum":["tYES","tNO"]},"DocRate":{"type":"number"},"EndDeliveryTime":{"type":"array","items":{}},"Details":{"type":"string"},"CancelDate":{"type":"string"},"ETaxNumber":{"type":"string"},"Volume":{"type":"number"},"DocumentLinesBinAllocations":{"type":"array","items":{"$ref":"#/definitions/DocumentLinesBinAllocation"}},"Stock":{"description":"BoYesNoEnum","type":"string","enum":["tYES","tNO"]},"COGSCostingCode":{"type":"string"},"PaymentReference":{"type":"string"},"WithholdingTaxDataCollection":{"type":"array","items":{"$ref":"#/definitions/WithholdingTaxData"}},"ActualDeliveryDate":{"type":"string"},"FolioNumberTo":{"type":"integer"},"VendorNum":{"type":"string"},"NumberOfInstallments":{"type":"integer"},"ImportFileNum":{"type":"integer"},"ShipToGlobalLocationNumber":{"type":"string"},"ManufacturingDate":{"type":"string"},"RemainingOpenQuantity":{"type":"number"},"DocTotalSys":{"type":"number"},"TreeType":{"description":"BoItemTreeTypes","type":"string","enum":["iNotATree","iTemplateTree","iIngredient","iProductionTree","iSalesTree","iAssemblyTree"]},"TaxBeforeDPM":{"type":"number"},"ShipToCountry":{"type":"string"},"ShipToAddressType":{"type":"string"},"RequesterEmail":{"type":"string"},"CardCode":{"type":"string"},"GroupSeries":{"type":"integer"},"ImportOrExport":{"description":"BoYesNoEnum","type":"string","enum":["tYES","tNO"]},"SWW":{"type":"string"},"InsuranceOperation347":{"description":"BoYesNoEnum","type":"string","enum":["tYES","tNO"]},"DownPaymentType":{"description":"DownPaymentTypeEnum","type":"string","enum":["dptRequest","dptInvoice"]},"PickQuantity":{"type":"number"},"GrossTotal":{"type":"number"},"CancelStatus":{"description":"CancelStatusEnum","type":"string","enum":["csCancellation","csNo","csYes"]},"ActualBaseEntry":{"type":"integer"},"ShipToDescription":{"type":"string"},"BaseNetAmountSys":{"type":"number"},"CertificationNumber":{"type":"string"},"ReuseNotaFiscalNum":{"description":"BoYesNoEnum","type":"string","enum":["tYES","tNO"]},"Factor2":{"type":"number"},"Factor1":{"type":"number"},"CardName":{"type":"string"},"ElecCommMessage":{"type":"string"},"LineTotalFC":{"type":"number"},"Factor4":{"type":"number"},"ManufactureDate":{"type":"string"},"Factor3":{"type":"number"},"NextCorrectingDocument":{"type":"integer"},"LineStatus":{"description":"BoStatus","type":"string","enum":["bost_Paid","bost_Delivered","bost_Open","bost_Close"]},"Name":{"type":"string"},"FederalTaxID":{"type":"string"},"DocInternalID":{"type":"integer"},"POSCashierNumber":{"type":"integer"},"WTExemptedAmountSC":{"type":"number"},"AccountCode":{"type":"string"},"EqualizationTaxSys":{"type":"number"},"Carrier":{"type":"string"},"FolioNumberFrom":{"type":"integer"},"CorrInvAmountToStock":{"type":"number"},"DocObjectCode":{"type":"string"},"RoundingDiffAmount":{"type":"number"},"TaxableAmountinSys":{"type":"number"},"GroupNumber":{"type":"integer"},"CSTforIPI":{"type":"string"},"RowSequence":{"type":"integer"},"DocEntry":{"type":"integer"},"RelatedEntry":{"type":"integer"},"PayToBankCode":{"type":"string"},"TaxType":{"description":"BoAdEpnsTaxTypes","type":"string","enum":["aext_UseTax","aext_NormalTax","aext_NoTax"]},"AddressExtension":{"type":"array","items":{"$ref":"#/definitions/AddressExtension"}},"StockInmPrice":{"type":"number"},"BillToAddress2":{"type":"string"},"BillToAddress3":{"type":"string"},"BillToCountry":{"type":"string"},"JurisdictionType":{"type":"integer"},"DownPaymentsToDrawDetails":{"type":"array","items":{"$ref":"#/definitions/DownPaymentToDrawDetails"}},"TaxExtension":{"type":"array","items":{"$ref":"#/definitions/TaxExtension"}},"Freight1SC":{"type":"number"},"TransportationCode":{"type":"integer"},"BlanketAgreementNumber":{"type":"integer"},"TrackingNumber":{"type":"string"},"BatchID":{"type":"string"},"Width1Unit":{"type":"integer"},"VatSum":{"type":"number"},"ChangeInventoryQuantityIndependently":{"description":"BoYesNoEnum","type":"string","enum":["tYES","tNO"]},"amountSC":{"type":"number"},"NumAtCard":{"type":"string"},"SystemSerialNumber":{"type":"integer"},"ExternalCorrectedDocNum":{"type":"string"},"VATRegNum":{"type":"string"},"NetTaxAmountFC":{"type":"number"},"Box1099":{"type":"string"},"ActualBaseLine":{"type":"integer"},"Notes":{"type":"string"},"AuthorizationCode":{"type":"string"},"ClosingRemarks":{"type":"string"},"DunningLevel":{"type":"integer"},"AppliedWTAmountSys":{"type":"number"},"Cancelled":{"description":"BoYesNoEnum","type":"string","enum":["tYES","tNO"]},"TaxBeforeDPMSC":{"type":"number"},"TaxAmountFC":{"type":"number"},"JournalMemo":{"type":"string"},"Location":{"type":"string"},"BillToStreetNo":{"type":"string"},"SupplierCatNum":{"type":"string"},"CreationDate":{"type":"string"},"WarrantyStart":{"type":"string"},"Hight1Unit":{"type":"integer"},"ItemType":{"description":"BoDocItemType","type":"string","enum":["dit_Resource","dit_Item"]},"SummeryType":{"description":"BoDocSummaryTypes","type":"string","enum":["dByItems","dNoSummary","dByDocuments"]},"VatSumSys":{"type":"number"},"WTAmountSC":{"type":"number"},"COGSCostingCode2":{"type":"string"},"LineNum":{"type":"integer"},"COGSCostingCode3":{"type":"string"},"COGSCostingCode4":{"type":"string"},"BaseOpenQuantity":{"type":"number"},"COGSCostingCode5":{"type":"string"},"FreeOfChargeBP":{"description":"BoYesNoEnum","type":"string","enum":["tYES","tNO"]},"TaxTotalSumSys":{"type":"number"},"TargetDocumentType":{"type":"integer"},"DocNumber":{"type":"integer"},"ReserveInvoice":{"description":"BoYesNoEnum","type":"string","enum":["tYES","tNO"]},"RowTotalSC":{"type":"number"},"LastDunningDate":{"type":"string"},"OpenAmountFC":{"type":"number"},"OpeningRemarks":{"type":"string"},"OpenAmount":{"type":"number"},"ZipCodeS":{"type":"string"},"BaseLineNumber":{"type":"integer"},"TaxPaid":{"type":"number"},"PayToBankAccountNo":{"type":"string"},"Shortages":{"type":"number"},"DownPaymentAmount":{"type":"number"},"WTAmountSys":{"type":"number"},"AppliedTax":{"type":"number"},"LastBuyDistributeSum":{"type":"number"},"BaseDocEntry":{"type":"integer"},"WTAppliedFC":{"type":"number"},"SendNotification":{"description":"BoYesNoEnum","type":"string","enum":["tYES","tNO"]},"Letter":{"description":"FolioLetterEnum","type":"string","enum":["fLetterR","fLetterE","fLetterB","fLetterC","fLetterA","fLetterM"]},"TotalWeight":{"type":"number"},"VatDate":{"type":"string"},"Reference1":{"type":"string"},"Reference2":{"type":"string"},"CSTCodeIncoming":{"type":"string"},"BillToCounty":{"type":"string"},"Width2Unit":{"type":"integer"},"ReuseDocumentNum":{"description":"BoYesNoEnum","type":"string","enum":["tYES","tNO"]},"ReturnCost":{"type":"number"},"BlockS":{"type":"string"},"TaxPaidFC":{"type":"number"},"Criteria":{"type":"string"},"NetTaxAmountSC":{"type":"number"},"LineNumber":{"type":"integer"},"CSTCode":{"type":"string"},"NTSApproved":{"description":"BoYesNoEnum","type":"string","enum":["tYES","tNO"]},"WithoutInventoryMovement":{"description":"BoYesNoEnum","type":"string","enum":["tYES","tNO"]},"LineTotalSys":{"type":"number"},"UoMCode":{"type":"string"},"TargetType":{"type":"integer"},"WTNonSubjectAmountFC":{"type":"number"},"PaymentOrdered":{"description":"BoYesNoEnum","type":"string","enum":["tYES","tNO"]},"WTCode":{"type":"string"},"PickStatusEx":{"description":"BoDocumentLinePickStatus","type":"string","enum":["dlps_PartiallyPicked","dlps_ReleasedForPicking","dlps_Picked","dlps_NotPicked"]},"BillToBuilding":{"type":"string"},"PartialRetirement":{"description":"BoYesNoEnum","type":"string","enum":["tYES","tNO"]},"SerialAndBatchNumbersBaseLine":{"type":"integer"},"UseCorrectionVATGroup":{"description":"BoYesNoEnum","type":"string","enum":["tYES","tNO"]},"GLAccount":{"type":"string"},"Type":{"type":"string"},"StreetB":{"type":"string"},"LastBuyInmPrice":{"type":"number"},"SubtotalFC":{"type":"number"},"InternalCorrectedDocNum":{"type":"integer"},"ClosingDate":{"type":"string"},"DownPaymentsToDraw":{"type":"array","items":{"$ref":"#/definitions/DownPaymentToDraw"}},"GTSChecker":{"type":"integer"},"RoundingDiffAmountSC":{"type":"number"},"RemainingOpenInventoryQuantity":{"type":"number"},"Tax":{"type":"number"},"PackQuantity":{"type":"integer"},"StartFrom":{"description":"BoPayTermDueTypes","type":"string","enum":["pdt_None","pdt_MonthEnd","pdt_HalfMonth","pdt_MonthStart"]},"AssetValueDate":{"type":"string"},"COGSAccountCode":{"type":"string"},"ShipToBlock":{"type":"string"},"AuthorizationStatus":{"description":"DocumentAuthorizationStatusEnum","type":"string","enum":["dasWithout","dasGenerated","dasPending","dasRejected","dasCancelled","dasApproved","dasGeneratedbyAuthorizer"]},"Requester":{"type":"string"},"DocumentLines":{"type":"array","items":{"$ref":"#/definitions/DocumentLine"}},"Releaser":{"type":"integer"},"POSEquipmentNumber":{"type":"string"},"Printed":{"description":"PrintStatusEnum","type":"string","enum":["psYes","psAmended","psNo"]},"StreetS":{"type":"string"},"FolioNumber":{"type":"integer"},"POTargetEntry":{"type":"string"},"VatPercent":{"type":"number"},"AmountToDrawFC":{"type":"number"},"RevisionPo":{"description":"BoYesNoEnum","type":"string","enum":["tYES","tNO"]},"UoMEntry":{"type":"integer"},"WTAmount":{"type":"number"},"CFOPCode":{"type":"string"},"PaidToDateSys":{"type":"number"},"AfterLineNumber":{"type":"integer"},"Units":{"type":"integer"},"BlockB":{"type":"string"},"EDocNum":{"type":"string"},"PaymentMethod":{"type":"string"},"BaseVatmountSys":{"type":"number"},"ApplyTaxOnFirstInstallment":{"description":"BoYesNoEnum","type":"string","enum":["tYES","tNO"]},"BaseLine":{"type":"integer"},"BlockDunning":{"description":"BoYesNoEnum","type":"string","enum":["tYES","tNO"]},"Category":{"type":"string"},"POSDailySummaryNo":{"type":"integer"},"BarCode":{"type":"string"},"ReopenManuallyClosedOrCanceledDocument":{"description":"BoYesNoEnum","type":"string","enum":["tYES","tNO"]},"GrossAmountToDrawSC":{"type":"number"},"CityS":{"type":"string"},"ItemDescription":{"type":"string"},"Segment":{"type":"integer"},"ShipToCounty":{"type":"string"},"WareHouseUpdateType":{"description":"BoDocWhsUpdateTypes","type":"string","enum":["dwh_Consignment","dwh_Stock","dwh_CustomerOrders","dwh_OrdersFromVendors","dwh_No"]},"IsGrossLine":{"description":"BoYesNoEnum","type":"string","enum":["tYES","tNO"]},"InstallmentId":{"type":"integer"},"TaxCode":{"type":"string"},"BaseGroup":{"type":"integer"},"ApplyCurrentVATRatesForDownPaymentsToDraw":{"description":"BoYesNoEnum","type":"string","enum":["tYES","tNO"]},"TaxSC":{"type":"number"},"NFRef":{"type":"string"},"BaseVatmount":{"type":"number"},"TaxExemptionLetterNum":{"type":"string"},"ProjectCode":{"type":"string"},"LineType":{"description":"LineTypeEnum","type":"string","enum":["ltVat","ltDocument ","ltRounding"]},"DistributionMethod":{"description":"BoAdEpnsDistribMethods","type":"string","enum":["aedm_Weight","aedm_Volume","aedm_RowTotal","aedm_Equally","aedm_Quantity","aedm_None"]},"ItemDetails":{"type":"string"},"amount":{"type":"number"},"SerialNumbers":{"type":"array","items":{"$ref":"#/definitions/SerialNumber"}},"WithholdingTaxDataWTXCollection":{"type":"array","items":{"$ref":"#/definitions/WithholdingTaxDataWTX"}},"DocumentInstallments":{"type":"array","items":{"$ref":"#/definitions/DocumentInstallment"}},"Quantity":{"type":"number"},"GroupCode":{"type":"integer"},"AttachmentEntry":{"type":"integer"},"TransNum":{"type":"integer"},"ZipCodeB":{"type":"string"},"BillToAddressType":{"type":"string"},"WTApplied":{"type":"number"},"CityB":{"type":"string"},"Total":{"type":"number"},"PrintSEPADirect":{"description":"BoYesNoEnum","type":"string","enum":["tYES","tNO"]},"DocumentLineAdditionalExpenses":{"type":"array","items":{"$ref":"#/definitions/DocumentLineAdditionalExpense"}},"GroupHandWritten":{"description":"BoYesNoEnum","type":"string","enum":["tYES","tNO"]},"ManufacturerSerialNumber":{"type":"string"}}},"ClosingOptionEnum":{"type":"string","enum":["coBySpecifiedDate","coByCurrentSystemDate","coByOriginalDocumentDate"]},"BoYesNoEnum":{"type":"string","enum":["tYES","tNO"]},"ElecCommStatusEnum":{"type":"string","enum":["ecsApproved","ecsRejected","ecsPendingApproval"]},"DownPaymentToDraw":{"type":"object","properties":{"TaxFC":{"type":"number"},"GrossAmountToDraw":{"type":"number"},"DocEntry":{"type":"integer"},"GrossAmountToDrawSC":{"type":"number"},"Tax":{"type":"number"},"AmountToDrawSC":{"type":"number"},"RowNum":{"type":"integer"},"Name":{"type":"string"},"DocInternalID":{"type":"integer"},"IsGrossLine":{"$ref":"#/definitions/BoYesNoEnum"},"Details":{"type":"string"},"PostingDate":{"type":"string"},"AmountToDraw":{"type":"number"},"TaxSC":{"type":"number"},"DownPaymentType":{"$ref":"#/definitions/DownPaymentTypeEnum"},"DocNumber":{"type":"integer"},"GrossAmountToDrawFC":{"type":"number"},"DownPaymentsToDrawDetails":{"type":"array","items":{"$ref":"#/definitions/DownPaymentToDrawDetails"}},"DueDate":{"type":"string"},"AmountToDrawFC":{"type":"number"}}},"LineTypeEnum":{"type":"string","enum":["ltVat","ltDocument ","ltRounding"]},"DocumentPackageItem":{"type":"object","properties":{"PackageNumber":{"type":"integer"},"ItemCode":{"type":"string"},"UoMEntry":{"type":"integer"},"MeasureUnit":{"type":"string"},"UnitsOfMeasurement":{"type":"number"},"Quantity":{"type":"number"}}},"PrintStatusEnum":{"type":"string","enum":["psYes","psAmended","psNo"]},"CancelStatusEnum":{"type":"string","enum":["csCancellation","csNo","csYes"]},"DocumentLineAdditionalExpense":{"type":"object","properties":{"PaidToDateFC":{"type":"number"},"DeductibleTaxSum":{"type":"number"},"AquisitionTax":{"$ref":"#/definitions/BoYesNoEnum"},"DeductibleTaxSumSys":{"type":"number"},"DistributionRule4":{"type":"string"},"DistributionRule5":{"type":"string"},"DistributionRule2":{"type":"string"},"LineTotalFC":{"type":"number"},"DistributionRule3":{"type":"string"},"VatGroup":{"type":"string"},"TaxPaidFC":{"type":"number"},"LineNumber":{"type":"integer"},"DeductibleTaxSumFC":{"type":"number"},"TaxSumFC":{"type":"number"},"TaxTotalSumFC":{"type":"number"},"TaxCode":{"type":"string"},"BaseGroup":{"type":"integer"},"TaxLiable":{"$ref":"#/definitions/BoYesNoEnum"},"TaxPaidSys":{"type":"number"},"TaxTotalSumSys":{"type":"number"},"LineTotal":{"type":"number"},"LineTotalSys":{"type":"number"},"EqualizationTaxSum":{"type":"number"},"TaxSumSys":{"type":"number"},"EqualizationTaxSys":{"type":"number"},"EqualizationTaxPercent":{"type":"number"},"EqualizationTaxFC":{"type":"number"},"DistributionRule":{"type":"string"},"WTLiable":{"$ref":"#/definitions/BoYesNoEnum"},"TaxSum":{"type":"number"},"TaxPaid":{"type":"number"},"LineExpenseTaxJurisdictions":{"type":"array","items":{"$ref":"#/definitions/LineExpenseTaxJurisdiction"}},"GroupCode":{"type":"integer"},"PaidToDate":{"type":"number"},"PaidToDateSys":{"type":"number"},"TaxPercent":{"type":"number"},"TaxType":{"$ref":"#/definitions/BoAdEpnsTaxTypes"},"Project":{"type":"string"},"TaxTotalSum":{"type":"number"},"ExpenseCode":{"type":"integer"}}},"BoAdEpnsDistribMethods":{"type":"string","enum":["aedm_Weight","aedm_Volume","aedm_RowTotal","aedm_Equally","aedm_Quantity","aedm_None"]},"BatchNumber":{"type":"object","properties":{"BaseLineNumber":{"type":"integer"},"ExpiryDate":{"type":"string"},"AddmisionDate":{"type":"string"},"BatchNumber":{"type":"string"},"ManufacturingDate":{"type":"string"},"TrackingNote":{"type":"integer"},"Quantity":{"type":"number"},"InternalSerialNumber":{"type":"string"},"TrackingNoteLine":{"type":"integer"},"Notes":{"type":"string"},"ManufacturerSerialNumber":{"type":"string"},"Location":{"type":"string"}}},"BoCorInvItemStatus":{"type":"string","enum":["ciis_ShouldBe","ciis_Was"]},"BoPayTermDueTypes":{"type":"string","enum":["pdt_None","pdt_MonthEnd","pdt_HalfMonth","pdt_MonthStart"]},"BoStatus":{"type":"string","enum":["bost_Paid","bost_Delivered","bost_Open","bost_Close"]},"BoDocumentSubType":{"type":"string","enum":["bod_PurchaseDebitMemo","bod_DebitMemo","bod_None","bod_Bill","bod_InvoiceExempt","bod_ExportInvoice","bod_ExemptBill"]},"Document_ApprovalRequest":{"type":"object","properties":{"ApprovalTemplatesID":{"type":"integer"},"Remarks":{"type":"string"}}},"WithholdingTaxDataWTX":{"type":"object","properties":{"Category":{"type":"string"},"AppliedWTAmount":{"type":"number"},"WTAbsId":{"type":"string"},"BaseNetAmount":{"type":"number"},"BaseVatmountFC":{"type":"number"},"LineNum":{"type":"integer"},"AccumBaseAmount":{"type":"number"},"TaxableAmountFC":{"type":"number"},"BaseNetAmountFC":{"type":"number"},"BaseVatmount":{"type":"number"},"ExemptRate":{"type":"number"},"BaseDocLine":{"type":"integer"},"AccumWTaxAmountFC":{"type":"number"},"AccumBaseAmountFC":{"type":"number"},"TaxableAmountinSys":{"type":"number"},"WTAmount":{"type":"number"},"TaxableAmount":{"type":"number"},"Rate":{"type":"number"},"AppliedWTAmountSys":{"type":"number"},"WTAmountSys":{"type":"number"},"GLAccount":{"type":"string"},"WithholdingType":{"type":"string"},"BaseDocType":{"type":"string"},"AccumBaseAmountSys":{"type":"number"},"BaseDocEntry":{"type":"integer"},"BaseType":{"type":"string"},"AccumWTaxAmountSys":{"type":"number"},"AppliedWTAmountFC":{"type":"number"},"WTAmountFC":{"type":"number"},"BaseVatmountSys":{"type":"number"},"BaseNetAmountSys":{"type":"number"},"AccumWTaxAmount":{"type":"number"}}},"AddressExtension":{"type":"object","properties":{"BillToStreet":{"type":"string"},"ShipToCity":{"type":"string"},"ShipToBlock":{"type":"string"},"ShipToCounty":{"type":"string"},"ShipToGlobalLocationNumber":{"type":"string"},"ShipToStreetNo":{"type":"string"},"ShipToState":{"type":"string"},"BillToBlock":{"type":"string"},"BillToZipCode":{"type":"string"},"ShipToStreet":{"type":"string"},"ShipToAddress2":{"type":"string"},"BillToState":{"type":"string"},"ShipToAddress3":{"type":"string"},"ShipToZipCode":{"type":"string"},"ShipToCountry":{"type":"string"},"BillToBuilding":{"type":"string"},"ShipToAddressType":{"type":"string"},"BillToGlobalLocationNumber":{"type":"string"},"ShipToBuilding":{"type":"string"},"BillToAddressType":{"type":"string"},"BillToAddress2":{"type":"string"},"BillToAddress3":{"type":"string"},"BillToCountry":{"type":"string"},"BillToCity":{"type":"string"},"BillToCounty":{"type":"string"},"BillToStreetNo":{"type":"string"}}},"BoDocSpecialLineType":{"type":"string","enum":["dslt_Text","dslt_Subtotal"]},"DocumentLinesBinAllocation":{"type":"object","properties":{"BaseLineNumber":{"type":"integer"},"SerialAndBatchNumbersBaseLine":{"type":"integer"},"Quantity":{"type":"number"},"AllowNegativeQuantity":{"$ref":"#/definitions/BoYesNoEnum"},"BinAbsEntry":{"type":"integer"}}},"GeneratedAssetStatusEnum":{"type":"string","enum":["gasOpen","gasClosed"]},"SerialNumber":{"type":"object","properties":{"BaseLineNumber":{"type":"integer"},"WarrantyStart":{"type":"string"},"ExpiryDate":{"type":"string"},"ReceptionDate":{"type":"string"},"ManufactureDate":{"type":"string"},"WarrantyEnd":{"type":"string"},"BatchID":{"type":"string"},"Quantity":{"type":"number"},"InternalSerialNumber":{"type":"string"},"SystemSerialNumber":{"type":"integer"},"TrackingNote":{"type":"integer"},"TrackingNoteLine":{"type":"integer"},"Notes":{"type":"string"},"ManufacturerSerialNumber":{"type":"string"},"Location":{"type":"string"}}},"DocumentLine":{"type":"object","properties":{"SupplierCatNum":{"type":"string"},"POTargetNum":{"type":"integer"},"Hight1Unit":{"type":"integer"},"Address":{"type":"string"},"TaxOnly":{"$ref":"#/definitions/BoYesNoEnum"},"VatGroup":{"type":"string"},"ItemType":{"$ref":"#/definitions/BoDocItemType"},"CostingCode":{"type":"string"},"Weight1Unit":{"type":"integer"},"WarehouseCode":{"type":"string"},"TotalInclTax":{"type":"number"},"COGSCostingCode2":{"type":"string"},"LineNum":{"type":"integer"},"COGSCostingCode3":{"type":"string"},"AppliedTaxSC":{"type":"number"},"GrossBuyPrice":{"type":"number"},"COGSCostingCode4":{"type":"string"},"BaseOpenQuantity":{"type":"number"},"COGSCostingCode5":{"type":"string"},"LastBuyDistributeSumFc":{"type":"number"},"Weight2":{"type":"number"},"PickStatus":{"$ref":"#/definitions/BoYesNoEnum"},"FreeOfChargeBP":{"$ref":"#/definitions/BoYesNoEnum"},"PriceAfterVAT":{"type":"number"},"Weight1":{"type":"number"},"Currency":{"type":"string"},"RowTotalSC":{"type":"number"},"OpenAmountFC":{"type":"number"},"DiscountPercent":{"type":"number"},"ConsumerSalesForecast":{"$ref":"#/definitions/BoYesNoEnum"},"LineTaxJurisdictions":{"type":"array","items":{"$ref":"#/definitions/LineTaxJurisdiction"}},"OpenAmount":{"type":"number"},"Surpluses":{"type":"number"},"Width2":{"type":"number"},"CSTforPIS":{"type":"string"},"CSTforCOFINS":{"type":"string"},"WTLiable":{"$ref":"#/definitions/BoYesNoEnum"},"DefectAndBreakup":{"type":"number"},"Rate":{"type":"number"},"Shortages":{"type":"number"},"Width1":{"type":"number"},"Lengh1":{"type":"number"},"LocationCode":{"type":"integer"},"ShipDate":{"type":"string"},"AppliedTax":{"type":"number"},"LastBuyDistributeSum":{"type":"number"},"PackageQuantity":{"type":"number"},"Lengh2":{"type":"number"},"Volume":{"type":"number"},"UseBaseUnits":{"$ref":"#/definitions/BoYesNoEnum"},"RetirementQuantity":{"type":"number"},"TransportMode":{"type":"integer"},"DocumentLinesBinAllocations":{"type":"array","items":{"$ref":"#/definitions/DocumentLinesBinAllocation"}},"COGSCostingCode":{"type":"string"},"Width2Unit":{"type":"integer"},"ReturnCost":{"type":"number"},"ActualDeliveryDate":{"type":"string"},"VendorNum":{"type":"string"},"DistributeExpense":{"$ref":"#/definitions/BoYesNoEnum"},"WithholdingTaxLines":{"type":"array","items":{"$ref":"#/definitions/WithholdingTaxLine"}},"NetTaxAmountSC":{"type":"number"},"CSTCode":{"type":"string"},"WithoutInventoryMovement":{"$ref":"#/definitions/BoYesNoEnum"},"EnableReturnCost":{"$ref":"#/definitions/BoYesNoEnum"},"LineTotal":{"type":"number"},"UoMCode":{"type":"string"},"TaxBeforeDPMFC":{"type":"number"},"PickStatusEx":{"$ref":"#/definitions/BoDocumentLinePickStatus"},"RemainingOpenQuantity":{"type":"number"},"TreeType":{"$ref":"#/definitions/BoItemTreeTypes"},"TaxBeforeDPM":{"type":"number"},"Usage":{"type":"integer"},"PartialRetirement":{"$ref":"#/definitions/BoYesNoEnum"},"LastBuyDistributeSumSc":{"type":"number"},"SalesPersonCode":{"type":"integer"},"PickListIdNumber":{"type":"integer"},"ExciseAmount":{"type":"number"},"Text":{"type":"string"},"TotalEqualizationTaxSC":{"type":"number"},"SWW":{"type":"string"},"UnitPrice":{"type":"number"},"GeneratedAssets":{"type":"array","items":{"$ref":"#/definitions/GeneratedAsset"}},"LastBuyInmPrice":{"type":"number"},"BatchNumbers":{"type":"array","items":{"$ref":"#/definitions/BatchNumber"}},"PickQuantity":{"type":"number"},"TaxPerUnit":{"type":"number"},"ActualBaseEntry":{"type":"integer"},"ShipToDescription":{"type":"string"},"VisualOrder":{"type":"integer"},"Factor2":{"type":"number"},"Factor1":{"type":"number"},"ShippingMethod":{"type":"integer"},"RowTotalFC":{"type":"number"},"StockDistributesum":{"type":"number"},"ChangeAssemlyBoMWarehouse":{"type":"string"},"LineVendor":{"type":"string"},"Factor4":{"type":"number"},"CorrectionInvoiceItem":{"$ref":"#/definitions/BoCorInvItemStatus"},"Factor3":{"type":"number"},"AppliedTaxFC":{"type":"number"},"TotalEqualizationTax":{"type":"number"},"RemainingOpenInventoryQuantity":{"type":"number"},"CostingCode2":{"type":"string"},"CostingCode3":{"type":"string"},"CostingCode4":{"type":"string"},"POTargetRowNum":{"type":"integer"},"CostingCode5":{"type":"string"},"DeferredTax":{"$ref":"#/definitions/BoYesNoEnum"},"CorrInvAmountToDiffAcct":{"type":"number"},"COGSAccountCode":{"type":"string"},"LineStatus":{"$ref":"#/definitions/BoStatus"},"ParentLineNum":{"type":"integer"},"SerialNum":{"type":"string"},"Lengh2Unit":{"type":"integer"},"OriginalItem":{"type":"string"},"StockDistributesumForeign":{"type":"number"},"TaxLiable":{"$ref":"#/definitions/BoYesNoEnum"},"NetTaxAmount":{"type":"number"},"AccountCode":{"type":"string"},"VolumeUnit":{"type":"integer"},"CommisionPercent":{"type":"number"},"POTargetEntry":{"type":"string"},"CorrInvAmountToStock":{"type":"number"},"CountryOrg":{"type":"string"},"RequiredDate":{"type":"string"},"BackOrder":{"$ref":"#/definitions/BoYesNoEnum"},"UoMEntry":{"type":"integer"},"CreditOriginCode":{"type":"string"},"CFOPCode":{"type":"string"},"CSTforIPI":{"type":"string"},"GrossProfitTotalBasePrice":{"type":"number"},"DocEntry":{"type":"integer"},"TaxType":{"$ref":"#/definitions/BoTaxTypes"},"OpenAmountSC":{"type":"number"},"MeasureUnit":{"type":"string"},"StockInmPrice":{"type":"number"},"Price":{"type":"number"},"Height2Unit":{"type":"integer"},"BaseEntry":{"type":"integer"},"UnitsOfMeasurment":{"type":"number"},"BaseLine":{"type":"integer"},"ExLineNo":{"type":"string"},"TaxTotal":{"type":"number"},"ShipToCode":{"type":"string"},"ItemCode":{"type":"string"},"TransactionType":{"$ref":"#/definitions/BoTransactionTypeEnum"},"BarCode":{"type":"string"},"TaxPercentagePerRow":{"type":"number"},"ItemDescription":{"type":"string"},"Width1Unit":{"type":"integer"},"AgreementNo":{"type":"integer"},"ChangeInventoryQuantityIndependently":{"$ref":"#/definitions/BoYesNoEnum"},"GrossBase":{"type":"integer"},"StockDistributesumSystem":{"type":"number"},"TaxCode":{"type":"string"},"RequiredQuantity":{"type":"number"},"Height1":{"type":"number"},"Height2":{"type":"number"},"ProjectCode":{"type":"string"},"EqualizationTaxPercent":{"type":"number"},"NetTaxAmountFC":{"type":"number"},"TotalEqualizationTaxFC":{"type":"number"},"LineType":{"$ref":"#/definitions/BoDocLineType"},"ActualBaseLine":{"type":"integer"},"ThirdParty":{"$ref":"#/definitions/BoYesNoEnum"},"AgreementRowNumber":{"type":"integer"},"ItemDetails":{"type":"string"},"InventoryQuantity":{"type":"number"},"ConsiderQuantity":{"$ref":"#/definitions/BoYesNoEnum"},"SerialNumbers":{"type":"array","items":{"$ref":"#/definitions/SerialNumber"}},"Quantity":{"type":"number"},"TaxBeforeDPMSC":{"type":"number"},"FreeText":{"type":"string"},"BaseType":{"type":"integer"},"RetirementAPC":{"type":"number"},"DocumentLineAdditionalExpenses":{"type":"array","items":{"$ref":"#/definitions/DocumentLineAdditionalExpense"}},"Lengh1Unit":{"type":"integer"},"Incoterms":{"type":"integer"},"Weight2Unit":{"type":"integer"}}},"TaxExtension":{"type":"object","properties":{"VehicleState":{"type":"string"},"BlockS":{"type":"string"},"StateB":{"type":"string"},"BuildingS":{"type":"string"},"TaxId3":{"type":"string"},"TaxId2":{"type":"string"},"CityS":{"type":"string"},"TaxId5":{"type":"string"},"TaxId4":{"type":"string"},"PackQuantity":{"type":"integer"},"County":{"type":"string"},"TaxId1":{"type":"string"},"TaxId0":{"type":"string"},"Vehicle":{"type":"string"},"TaxId7":{"type":"string"},"BuildingB":{"type":"string"},"TaxId6":{"type":"string"},"TaxId9":{"type":"string"},"TaxId8":{"type":"string"},"NFRef":{"type":"string"},"CountyB":{"type":"string"},"Carrier":{"type":"string"},"ShipUnitNo":{"type":"integer"},"StreetS":{"type":"string"},"ZipCodeS":{"type":"string"},"CountryB":{"type":"string"},"GrossWeight":{"type":"number"},"GlobalLocationNumberB":{"type":"string"},"PackDescription":{"type":"string"},"CountyS":{"type":"string"},"MainUsage":{"type":"integer"},"TaxId13":{"type":"string"},"TaxId12":{"type":"string"},"NetWeight":{"type":"number"},"ZipCodeB":{"type":"string"},"ImportOrExport":{"$ref":"#/definitions/BoYesNoEnum"},"Brand":{"type":"string"},"StateS":{"type":"string"},"CountryS":{"type":"string"},"BlockB":{"type":"string"},"StreetB":{"type":"string"},"State":{"type":"string"},"CityB":{"type":"string"},"GlobalLocationNumberS":{"type":"string"},"Incoterms":{"type":"string"}}},"DocumentPackage":{"type":"object","properties":{"Type":{"type":"string"},"TotalWeight":{"type":"number"},"DocumentPackageItems":{"type":"array","items":{"$ref":"#/definitions/DocumentPackageItem"}},"Number":{"type":"integer"},"Units":{"type":"integer"}}},"BoTaxTypes":{"type":"string","enum":["tt_UseTax","tt_No","tt_OffsetTax","tt_Yes"]},"BoDocSummaryTypes":{"type":"string","enum":["dByItems","dNoSummary","dByDocuments"]},"DocumentAdditionalExpense":{"type":"object","properties":{"PaidToDateFC":{"type":"number"},"DeductibleTaxSum":{"type":"number"},"LineGross":{"type":"number"},"DeductibleTaxSumSys":{"type":"number"},"DistributionRule4":{"type":"string"},"DistributionRule5":{"type":"string"},"DistributionRule2":{"type":"string"},"LineTotalFC":{"type":"number"},"DistributionRule3":{"type":"string"},"VatGroup":{"type":"string"},"DeductibleTaxSumFC":{"type":"number"},"LineNum":{"type":"integer"},"Remarks":{"type":"string"},"TaxLiable":{"$ref":"#/definitions/BoYesNoEnum"},"TaxTotalSumSys":{"type":"number"},"LastPurchasePrice":{"$ref":"#/definitions/BoYesNoEnum"},"EqualizationTaxSum":{"type":"number"},"DocExpenseTaxJurisdictions":{"type":"array","items":{"$ref":"#/definitions/DocExpenseTaxJurisdiction"}},"TaxSumSys":{"type":"number"},"EqualizationTaxSys":{"type":"number"},"LineGrossSys":{"type":"number"},"BaseDocLine":{"type":"integer"},"EqualizationTaxFC":{"type":"number"},"Status":{"$ref":"#/definitions/BoStatus"},"WTLiable":{"$ref":"#/definitions/BoYesNoEnum"},"TaxSum":{"type":"number"},"TaxPaid":{"type":"number"},"PaidToDateSys":{"type":"number"},"BaseDocEntry":{"type":"integer"},"TaxType":{"$ref":"#/definitions/BoAdEpnsTaxTypes"},"Project":{"type":"string"},"TaxTotalSum":{"type":"number"},"LineGrossFC":{"type":"number"},"Stock":{"$ref":"#/definitions/BoYesNoEnum"},"AquisitionTax":{"$ref":"#/definitions/BoYesNoEnum"},"TaxPaidFC":{"type":"number"},"TaxSumFC":{"type":"number"},"TaxTotalSumFC":{"type":"number"},"TaxCode":{"type":"string"},"TaxPaidSys":{"type":"number"},"LineTotal":{"type":"number"},"LineTotalSys":{"type":"number"},"BaseDocumentReference":{"type":"integer"},"TargetType":{"type":"integer"},"EqualizationTaxPercent":{"type":"number"},"DistributionMethod":{"$ref":"#/definitions/BoAdEpnsDistribMethods"},"DistributionRule":{"type":"string"},"TargetAbsEntry":{"type":"integer"},"PaidToDate":{"type":"number"},"BaseDocType":{"type":"integer"},"TaxPercent":{"type":"number"},"ExpenseCode":{"type":"integer"}}},"EDocGenerationTypeEnum":{"type":"string","enum":["edocGenerate","edocNotRelevant","edocGenerateLater"]},"FolioLetterEnum":{"type":"string","enum":["fLetterR","fLetterE","fLetterB","fLetterC","fLetterA","fLetterM"]},"DocumentAuthorizationStatusEnum":{"type":"string","enum":["dasWithout","dasGenerated","dasPending","dasRejected","dasCancelled","dasApproved","dasGeneratedbyAuthorizer"]},"BoDocumentLinePickStatus":{"type":"string","enum":["dlps_PartiallyPicked","dlps_ReleasedForPicking","dlps_Picked","dlps_NotPicked"]},"DocumentDeliveryTypeEnum":{"type":"string","enum":["ddtNoneSeleted","ddtCreateOnlineDocument","ddtPostToAribaNetwork"]},"BoAdEpnsTaxTypes":{"type":"string","enum":["aext_UseTax","aext_NormalTax","aext_NoTax"]},"BoSoStatus":{"type":"string","enum":["so_Closed","so_Open"]},"LineTaxJurisdiction":{"type":"object","properties":{"TaxAmount":{"type":"number"},"TaxAmountFC":{"type":"number"},"JurisdictionCode":{"type":"string"},"TaxAmountSC":{"type":"number"},"JurisdictionType":{"type":"integer"},"TaxRate":{"type":"number"},"RowSequence":{"type":"integer"},"DocEntry":{"type":"integer"},"LineNumber":{"type":"integer"}}},"BoItemTreeTypes":{"type":"string","enum":["iNotATree","iTemplateTree","iIngredient","iProductionTree","iSalesTree","iAssemblyTree"]},"BoDocLineType":{"type":"string","enum":["dlt_Regular","dlt_Alternative"]},"LineExpenseTaxJurisdiction":{"type":"object","properties":{"TaxAmount":{"type":"number"},"TaxAmountFC":{"type":"number"},"JurisdictionCode":{"type":"string"},"TaxAmountSC":{"type":"number"},"JurisdictionType":{"type":"integer"},"TaxRate":{"type":"number"},"RowSequence":{"type":"integer"},"DocEntry":{"type":"integer"},"LineNumber":{"type":"integer"}}},"DocumentSpecialLine":{"type":"object","properties":{"SubtotalSC":{"type":"number"},"GrossTotalFC":{"type":"number"},"Freight1":{"type":"number"},"Freight2":{"type":"number"},"Freight3SC":{"type":"number"},"TaxAmountSC":{"type":"number"},"Subtotal":{"type":"number"},"Freight3FC":{"type":"number"},"Freight2FC":{"type":"number"},"OrderNumber":{"type":"integer"},"AfterLineNumber":{"type":"integer"},"Freight1FC":{"type":"number"},"GrossTotalSC":{"type":"number"},"LineNum":{"type":"integer"},"LineText":{"type":"string"},"TaxAmount":{"type":"number"},"TaxAmountFC":{"type":"number"},"SubtotalFC":{"type":"number"},"GrossTotal":{"type":"number"},"Freight2SC":{"type":"number"},"Freight3":{"type":"number"},"Freight1SC":{"type":"number"},"LineType":{"$ref":"#/definitions/BoDocSpecialLineType"}}},"DownPaymentToDrawDetails":{"type":"object","properties":{"SeqNum":{"type":"integer"},"VatGroupCode":{"type":"string"},"TaxFC":{"type":"number"},"GrossAmountToDraw":{"type":"number"},"DocEntry":{"type":"integer"},"GrossAmountToDrawSC":{"type":"number"},"Tax":{"type":"number"},"TaxAdjust":{"$ref":"#/definitions/BoYesNoEnum"},"RowNum":{"type":"integer"},"AmountToDrawSC":{"type":"number"},"DocInternalID":{"type":"integer"},"IsGrossLine":{"$ref":"#/definitions/BoYesNoEnum"},"AmountToDraw":{"type":"number"},"TaxSC":{"type":"number"},"GrossAmountToDrawFC":{"type":"number"},"LineType":{"$ref":"#/definitions/LineTypeEnum"},"VatPercent":{"type":"number"},"AmountToDrawFC":{"type":"number"}}},"DocumentInstallment":{"type":"object","properties":{"InstallmentId":{"type":"integer"},"TotalFC":{"type":"number"},"Percentage":{"type":"number"},"DunningLevel":{"type":"integer"},"Total":{"type":"number"},"LastDunningDate":{"type":"string"},"DueDate":{"type":"string"},"PaymentOrdered":{"$ref":"#/definitions/BoYesNoEnum"}}},"GeneratedAsset":{"type":"object","properties":{"Status":{"$ref":"#/definitions/GeneratedAssetStatusEnum"},"amount":{"type":"number"},"SerialNumber":{"type":"string"},"Remarks":{"type":"string"},"DocEntry":{"type":"integer"},"AssetCode":{"type":"string"},"LineNumber":{"type":"integer"},"VisualOrder":{"type":"integer"},"amountSC":{"type":"number"}}},"BoTransactionTypeEnum":{"type":"string","enum":["botrntReject","botrntComplete"]},"BoDocumentTypes":{"type":"string","enum":["dDocument_Items","dDocument_Service"]},"BoInterimDocTypes":{"type":"string","enum":["boidt_ExchangeRate","boidt_CashDiscount","boidt_None"]},"BoDocItemType":{"type":"string","enum":["dit_Resource","dit_Item"]},"DownPaymentTypeEnum":{"type":"string","enum":["dptRequest","dptInvoice"]},"WithholdingTaxLine":{"type":"object","properties":{"Category":{"type":"string"},"AppliedWTAmount":{"type":"number"},"Criteria":{"type":"string"},"CSTCodeOutgoing":{"type":"string"},"LineNum":{"type":"integer"},"TargetDocumentType":{"type":"integer"},"TaxableAmountFC":{"type":"number"},"BaseDocumentReference":{"type":"integer"},"BaseDocLine":{"type":"integer"},"WTCode":{"type":"string"},"Status":{"$ref":"#/definitions/BoStatus"},"TaxableAmountinSys":{"type":"number"},"TargetAbsEntry":{"type":"integer"},"WTAmount":{"type":"number"},"TaxableAmount":{"type":"number"},"Rate":{"type":"number"},"AppliedWTAmountSys":{"type":"number"},"WTAmountSys":{"type":"number"},"GLAccount":{"type":"string"},"WithholdingType":{"type":"string"},"BaseDocType":{"type":"integer"},"BaseDocEntry":{"type":"integer"},"BaseType":{"type":"string"},"AppliedWTAmountFC":{"type":"number"},"WTAmountFC":{"type":"number"},"CSTCodeIncoming":{"type":"string"},"RoundingType":{"type":"string"}}}},"swagger":"3.0","info":{"description":"This is a sample server Petstore server.","title":"Swagger For Service Layer","version":"1.0.0"},"tags":[{"name":"CorrectionPurchaseInvoice","description":"This entity enables you to manipulate 'CorrectionPurchaseInvoice'. It is used to correct the purchase invoice."}]}