{"basePath":"/b1s/v1/","paths":{"/CostCenterTypes(id)":{"patch":{"produces":["application/json","application/xml"],"description":"Update an instance of 'CostCenterTypes' with the given payload of type 'CostCenterType' in JSON format and with the specified id.","responses":{"200":{"description":"successful operation"}},"parameters":[{"schema":{"$ref":"#/definitions/CostCenterType"},"in":"body","name":"body"}],"tags":["CostCenterTypes"],"consumes":["application/json","application/xml"]},"get":{"produces":["application/json","application/xml"],"description":"Retrieve all or some selected properties from an instance of 'CostCenterTypes' with the given id.","responses":{"200":{"description":"successful operation"}},"parameters":[{"name":"CostCenterTypeCode","type":"string"},{"name":"CostCenterTypeName","type":"string"}],"tags":["CostCenterTypes"],"consumes":["application/json","application/xml"]},"delete":{"produces":["application/json","application/xml"],"description":"Delete an instance of 'CostCenterTypes' with the specified id.","responses":{"200":{"description":"successful operation"}},"parameters":[],"tags":["CostCenterTypes"],"consumes":["application/json","application/xml"]}},"/CostCenterTypes":{"post":{"produces":["application/json","application/xml"],"description":"Create an instance of 'CostCenterTypes' with the given payload of type 'CostCenterType' in JSON format.","responses":{"200":{"description":"successful operation"}},"parameters":[{"schema":{"$ref":"#/definitions/CostCenterType"},"in":"body","name":"body"}],"tags":["CostCenterTypes"],"consumes":["application/json","application/xml"]},"get":{"produces":["application/json","application/xml"],"description":"Retrieve a collection of 'CostCenterTypes' with all or some selected properties in the given order by specifying the given filter condition.","responses":{"200":{"description":"successful operation"}},"parameters":[{"name":"CostCenterTypeCode","type":"string"},{"name":"CostCenterType","type":"string"}],"tags":["CostCenterTypes"],"consumes":["application/json","application/xml"]}}},"host":"slcdemo.cfapps.sap.hana.ondemand.com","schemes":"https","definitions":{"CostCenterType":{"type":"object","properties":{"CostCenterTypeName":{"type":"string"},"CostCenterTypeCode":{"type":"string"}}}},"swagger":"3.0","info":{"description":"This is a sample server Petstore server.","title":"Swagger For Service Layer","version":"1.0.0"},"tags":[{"name":"CostCenterTypes","description":"This entity enables you to manipulate 'CostCenterTypes'."}]}