{"basePath":"/b1s/v1/","paths":{"/Countries":{"post":{"produces":["application/json","application/xml"],"description":"Create an instance of 'Countries' with the given payload of type 'Country' in JSON format.","responses":{"200":{"description":"successful operation"}},"parameters":[{"schema":{"$ref":"#/definitions/Country"},"in":"body","name":"body"}],"tags":["Countries"],"consumes":["application/json","application/xml"]},"get":{"produces":["application/json","application/xml"],"description":"Retrieve a collection of 'Countries' with all or some selected properties in the given order by specifying the given filter condition.","responses":{"200":{"description":"successful operation"}},"parameters":[{"name":"Code","type":"string"},{"name":"Name","type":"string"},{"name":"CodeForRep","type":"string"}],"tags":["Countries"],"consumes":["application/json","application/xml"]}},"/Countries(id)":{"patch":{"produces":["application/json","application/xml"],"description":"Update an instance of 'Countries' with the given payload of type 'Country' in JSON format and with the specified id.","responses":{"200":{"description":"successful operation"}},"parameters":[{"schema":{"$ref":"#/definitions/Country"},"in":"body","name":"body"}],"tags":["Countries"],"consumes":["application/json","application/xml"]},"get":{"produces":["application/json","application/xml"],"description":"Retrieve all or some selected properties from an instance of 'Countries' with the given id.","responses":{"200":{"description":"successful operation"}},"parameters":[{"name":"Code","type":"string"},{"name":"Name","type":"string"},{"name":"CodeForReports","type":"string"}],"tags":["Countries"],"consumes":["application/json","application/xml"]},"delete":{"produces":["application/json","application/xml"],"description":"Delete an instance of 'Countries' with the specified id.","responses":{"200":{"description":"successful operation"}},"parameters":[],"tags":["Countries"],"consumes":["application/json","application/xml"]}}},"host":"slcdemo.cfapps.sap.hana.ondemand.com","schemes":"https","definitions":{"DomesticBankAccountValidationEnum":{"type":"string","enum":["dbavNone","dbavSpain","dbavFrance","dbavNetherlands","dbavPortugal","dbavBelgium","dbavItaly"]},"Country":{"type":"object","properties":{"AddressFormat":{"type":"integer"},"Blacklisted":{"description":"BoYesNoEnum","type":"string","enum":["tYES","tNO"]},"BankBranchDigits":{"type":"integer"},"UICCountryCode":{"type":"string"},"IbanValidation":{"description":"BoYesNoEnum","type":"string","enum":["tYES","tNO"]},"Code":{"type":"string"},"BankControlKeyDigits":{"type":"integer"},"Name":{"type":"string"},"EU":{"description":"BoYesNoEnum","type":"string","enum":["tYES","tNO"]},"DomesticAccountValidation":{"description":"DomesticBankAccountValidationEnum","type":"string","enum":["dbavNone","dbavSpain","dbavFrance","dbavNetherlands","dbavPortugal","dbavBelgium","dbavItaly"]},"NumberOfDigitsForTaxID":{"type":"integer"},"CodeForReports":{"type":"string"},"BankCodeDigits":{"type":"integer"},"BankAccountDigits":{"type":"integer"}}},"BoYesNoEnum":{"type":"string","enum":["tYES","tNO"]}},"swagger":"3.0","info":{"description":"This is a sample server Petstore server.","title":"Swagger For Service Layer","version":"1.0.0"},"tags":[{"name":"Countries","description":"This entity enables you to manipulate 'Countries'. It manages the settings of each country, such as country code, country name and address format."}]}