{"basePath":"/b1s/v1/","paths":{"/CreditLinesService_GetCreditLine":{"post":{"produces":["application/json","application/xml"],"description":"\n\t\t\t\t\tInvoke the method 'GetCreditLine' on this service by specifying the payload 'CreditLineParams' in the JSON format.\n\t\t\t\t","responses":{"200":{"description":"successful operation"}},"parameters":[{"schema":{"$ref":"#/definitions/CreditCard"},"in":"body","name":"body"}],"tags":["CreditLinesService"],"consumes":["application/json","application/xml"]}},"/CreditLinesService_GetValidCreditLineList":{"post":{"produces":["application/json","application/xml"],"description":"\n\t\t\t\t\tInvoke the method 'GetValidCreditLineList' on this service.\n\t\t\t\t","responses":{"200":{"description":"successful operation"}},"parameters":[{"schema":{"$ref":"#/definitions/CreditCard"},"in":"body","name":"body"}],"tags":["CreditLinesService"],"consumes":["application/json","application/xml"]}}},"host":"slcdemo.cfapps.sap.hana.ondemand.com","schemes":"https","definitions":{"CreditLineParams":{"type":"object","properties":{"AbsId":{"type":"integer"}}},"CreditCard":{"type":"object","properties":{}}},"swagger":"3.0","info":{"description":"This is a sample server Petstore server.","title":"Swagger For Service Layer","version":"1.0.0"},"tags":[{"name":"CreditLinesService","description":"\n\t\t\tThis API enables you to invoke the interfaces defined on 'CreditLinesService'.\n\t\t"}]}