{"basePath":"/b1s/v1/","paths":{"/CreditCardPayments":{"post":{"produces":["application/json","application/xml"],"description":"Create an instance of 'CreditCardPayments' with the given payload of type 'CreditCardPayment' in JSON format.","responses":{"200":{"description":"successful operation"}},"parameters":[{"schema":{"$ref":"#/definitions/CreditCardPayment"},"in":"body","name":"body"}],"tags":["CreditCardPayments"],"consumes":["application/json","application/xml"]},"get":{"produces":["application/json","application/xml"],"description":"Retrieve a collection of 'CreditCardPayments' with all or some selected properties in the given order by specifying the given filter condition.","responses":{"200":{"description":"successful operation"}},"parameters":[{"name":"DueDateCode","type":"string"},{"name":"DueDateName","type":"string"},{"name":"DueDates","type":"string"}],"tags":["CreditCardPayments"],"consumes":["application/json","application/xml"]}},"/CreditCardPayments(id)":{"patch":{"produces":["application/json","application/xml"],"description":"Update an instance of 'CreditCardPayments' with the given payload of type 'CreditCardPayment' in JSON format and with the specified id.","responses":{"200":{"description":"successful operation"}},"parameters":[{"schema":{"$ref":"#/definitions/CreditCardPayment"},"in":"body","name":"body"}],"tags":["CreditCardPayments"],"consumes":["application/json","application/xml"]},"get":{"produces":["application/json","application/xml"],"description":"Retrieve all or some selected properties from an instance of 'CreditCardPayments' with the given id.","responses":{"200":{"description":"successful operation"}},"parameters":[{"name":"DueDateCode","type":"string"},{"name":"DueDateName","type":"string"},{"name":"DueDatesType","type":"string"}],"tags":["CreditCardPayments"],"consumes":["application/json","application/xml"]},"delete":{"produces":["application/json","application/xml"],"description":"Delete an instance of 'CreditCardPayments' with the specified id.","responses":{"200":{"description":"successful operation"}},"parameters":[],"tags":["CreditCardPayments"],"consumes":["application/json","application/xml"]}}},"host":"slcdemo.cfapps.sap.hana.ondemand.com","schemes":"https","definitions":{"CreditCardPayment":{"type":"object","properties":{"FromDay4":{"type":"integer"},"ToDay4":{"type":"integer"},"ToDay3":{"type":"integer"},"FromDay2":{"type":"integer"},"ToDay2":{"type":"integer"},"NoOfMonths3":{"type":"integer"},"ToDay1":{"type":"integer"},"FromDay3":{"type":"integer"},"NoOfMonths4":{"type":"integer"},"PaymentAfterDays":{"type":"integer"},"PaymentDay1":{"type":"integer"},"NoOfMonths1":{"type":"integer"},"PaymentDay3":{"type":"integer"},"PaymentDay2":{"type":"integer"},"NoOfMonths2":{"type":"integer"},"PaymentAfterMonths":{"type":"integer"},"DueDateName":{"type":"string"},"PaymentDay4":{"type":"integer"},"DueDateCode":{"type":"string"},"DueDatesType":{"description":"DueDateTypesEnum","type":"string","enum":["ddtAfterTimePeriod","ddtByDates"]},"FromDay1":{"type":"integer"}}},"DueDateTypesEnum":{"type":"string","enum":["ddtAfterTimePeriod","ddtByDates"]}},"swagger":"3.0","info":{"description":"This is a sample server Petstore server.","title":"Swagger For Service Layer","version":"1.0.0"},"tags":[{"name":"CreditCardPayments","description":"This entity enables you to manipulate 'CreditCardPayments'. It defines dates on which the credit card company credits the cardholder."}]}