{"basePath":"/b1s/v1/","paths":{"/CreditCards(id)":{"patch":{"produces":["application/json","application/xml"],"description":"Update an instance of 'CreditCards' with the given payload of type 'CreditCard' in JSON format and with the specified id.","responses":{"200":{"description":"successful operation"}},"parameters":[{"schema":{"$ref":"#/definitions/CreditCard"},"in":"body","name":"body"}],"tags":["CreditCards"],"consumes":["application/json","application/xml"]},"get":{"produces":["application/json","application/xml"],"description":"Retrieve all or some selected properties from an instance of 'CreditCards' with the given id.","responses":{"200":{"description":"successful operation"}},"parameters":[{"name":"CreditCardCode","type":"string"},{"name":"CreditCardName","type":"string"},{"name":"GLAccount","type":"string"}],"tags":["CreditCards"],"consumes":["application/json","application/xml"]},"delete":{"produces":["application/json","application/xml"],"description":"Delete an instance of 'CreditCards' with the specified id.","responses":{"200":{"description":"successful operation"}},"parameters":[],"tags":["CreditCards"],"consumes":["application/json","application/xml"]}},"/CreditCards":{"post":{"produces":["application/json","application/xml"],"description":"Create an instance of 'CreditCards' with the given payload of type 'CreditCard' in JSON format.","responses":{"200":{"description":"successful operation"}},"parameters":[{"schema":{"$ref":"#/definitions/CreditCard"},"in":"body","name":"body"}],"tags":["CreditCards"],"consumes":["application/json","application/xml"]},"get":{"produces":["application/json","application/xml"],"description":"Retrieve a collection of 'CreditCards' with all or some selected properties in the given order by specifying the given filter condition.","responses":{"200":{"description":"successful operation"}},"parameters":[{"name":"CreditCardCode","type":"string"},{"name":"CreditCardName","type":"string"},{"name":"GLAcc","type":"string"}],"tags":["CreditCards"],"consumes":["application/json","application/xml"]}}},"host":"slcdemo.cfapps.sap.hana.ondemand.com","schemes":"https","definitions":{"CreditCard":{"type":"object","properties":{"CreditCardCode":{"type":"integer"},"Telephone":{"type":"string"},"CompanyID":{"type":"string"},"CreditCardName":{"type":"string"},"GLAccount":{"type":"string"},"CountryCode":{"type":"string"}}}},"swagger":"3.0","info":{"description":"This is a sample server Petstore server.","title":"Swagger For Service Layer","version":"1.0.0"},"tags":[{"name":"CreditCards","description":"This entity enables you to manipulate 'CreditCards'. It defines credit cards that the company can use for incoming and outgoing payments."}]}