{"basePath":"/b1s/v1/","paths":{"/CreditPaymentMethods(id)":{"patch":{"produces":["application/json","application/xml"],"description":"Update an instance of 'CreditPaymentMethods' with the given payload of type 'CreditPaymentMethod' in JSON format and with the specified id.","responses":{"200":{"description":"successful operation"}},"parameters":[{"schema":{"$ref":"#/definitions/CreditPaymentMethod"},"in":"body","name":"body"}],"tags":["CreditPaymentMethods"],"consumes":["application/json","application/xml"]},"get":{"produces":["application/json","application/xml"],"description":"Retrieve all or some selected properties from an instance of 'CreditPaymentMethods' with the given id.","responses":{"200":{"description":"successful operation"}},"parameters":[{"name":"PaymentMethodCode","type":"string"},{"name":"Name","type":"string"},{"name":"AssignedtoCreditCard","type":"string"}],"tags":["CreditPaymentMethods"],"consumes":["application/json","application/xml"]},"delete":{"produces":["application/json","application/xml"],"description":"Delete an instance of 'CreditPaymentMethods' with the specified id.","responses":{"200":{"description":"successful operation"}},"parameters":[],"tags":["CreditPaymentMethods"],"consumes":["application/json","application/xml"]}},"/CreditPaymentMethods":{"post":{"produces":["application/json","application/xml"],"description":"Create an instance of 'CreditPaymentMethods' with the given payload of type 'CreditPaymentMethod' in JSON format.","responses":{"200":{"description":"successful operation"}},"parameters":[{"schema":{"$ref":"#/definitions/CreditPaymentMethod"},"in":"body","name":"body"}],"tags":["CreditPaymentMethods"],"consumes":["application/json","application/xml"]},"get":{"produces":["application/json","application/xml"],"description":"Retrieve a collection of 'CreditPaymentMethods' with all or some selected properties in the given order by specifying the given filter condition.","responses":{"200":{"description":"successful operation"}},"parameters":[{"name":"PaymentMethodCode","type":"string"},{"name":"Name","type":"string"},{"name":"AssignedtoCredit","type":"string"}],"tags":["CreditPaymentMethods"],"consumes":["application/json","application/xml"]}}},"host":"slcdemo.cfapps.sap.hana.ondemand.com","schemes":"https","definitions":{"InstallmentPaymentsPossiblityEnum":{"type":"string","enum":["ippRd","ippYes","ippNo","ippCr"]},"CreditPaymentMethod":{"type":"object","properties":{"PaymentCode":{"type":"string"},"PaymentMethodCode":{"type":"integer"},"MinimumCreditAmount":{"type":"number"},"MaxQtyWithoutApproval":{"type":"number"},"AssignedtoCreditCard":{"type":"integer"},"Name":{"type":"string"},"MinimumPaymentAmount":{"type":"number"},"InstallmentPaymentsPossible":{"description":"InstallmentPaymentsPossiblityEnum","type":"string","enum":["ippRd","ippYes","ippNo","ippCr"]}}}},"swagger":"3.0","info":{"description":"This is a sample server Petstore server.","title":"Swagger For Service Layer","version":"1.0.0"},"tags":[{"name":"CreditPaymentMethods","description":"This entity enables you to manipulate 'CreditPaymentMethods'. It defines credit card payment methods."}]}