{"basePath":"/b1s/v1/","paths":{"/Currencies":{"post":{"produces":["application/json","application/xml"],"description":"Create an instance of 'Currencies' with the given payload of type 'Currency' in JSON format.","responses":{"200":{"description":"successful operation"}},"parameters":[{"schema":{"$ref":"#/definitions/Currency"},"in":"body","name":"body"}],"tags":["Currencies"],"consumes":["application/json","application/xml"]},"get":{"produces":["application/json","application/xml"],"description":"Retrieve a collection of 'Currencies' with all or some selected properties in the given order by specifying the given filter condition.","responses":{"200":{"description":"successful operation"}},"parameters":[{"name":"Code","type":"string"},{"name":"Name","type":"string"},{"name":"Documents","type":"string"}],"tags":["Currencies"],"consumes":["application/json","application/xml"]}},"/Currencies(id)":{"patch":{"produces":["application/json","application/xml"],"description":"Update an instance of 'Currencies' with the given payload of type 'Currency' in JSON format and with the specified id.","responses":{"200":{"description":"successful operation"}},"parameters":[{"schema":{"$ref":"#/definitions/Currency"},"in":"body","name":"body"}],"tags":["Currencies"],"consumes":["application/json","application/xml"]},"get":{"produces":["application/json","application/xml"],"description":"Retrieve all or some selected properties from an instance of 'Currencies' with the given id.","responses":{"200":{"description":"successful operation"}},"parameters":[{"name":"Code","type":"string"},{"name":"Name","type":"string"},{"name":"DocumentsCode","type":"string"}],"tags":["Currencies"],"consumes":["application/json","application/xml"]},"delete":{"produces":["application/json","application/xml"],"description":"Delete an instance of 'Currencies' with the specified id.","responses":{"200":{"description":"successful operation"}},"parameters":[],"tags":["Currencies"],"consumes":["application/json","application/xml"]}}},"host":"slcdemo.cfapps.sap.hana.ondemand.com","schemes":"https","definitions":{"Currency":{"type":"object","properties":{"DocumentsCode":{"type":"string"},"MaxIncomingAmtDiffPercent":{"type":"number"},"HundredthName":{"type":"string"},"EnglishHundredthName":{"type":"string"},"MaxIncomingAmtDiff":{"type":"number"},"PluralEnglishHundredthName":{"type":"string"},"PluralInternationalDescription":{"type":"string"},"Rounding":{"description":"RoundingSysEnum","type":"string","enum":["rsNoRounding","rsRoundToFiveHundredth","rsRoundToOne","rsRoundToTen","rsRoundToTenHundredth"]},"MaxOutgoingAmtDiffPercent":{"type":"number"},"Code":{"type":"string"},"PluralHundredthName":{"type":"string"},"Decimals":{"description":"CurrenciesDecimalsEnum","type":"string","enum":["cd6Digits","cd3Digits","cdWithoutDecimals","cd4Digits","cd2Digits","cdDefault","cd5Digits","cd1Digit"]},"Name":{"type":"string"},"PluralEnglishName":{"type":"string"},"MaxOutgoingAmtDiff":{"type":"number"},"InternationalDescription":{"type":"string"},"EnglishName":{"type":"string"},"RoundingInPayment":{"description":"BoYesNoEnum","type":"string","enum":["tYES","tNO"]}}},"CurrenciesDecimalsEnum":{"type":"string","enum":["cd6Digits","cd3Digits","cdWithoutDecimals","cd4Digits","cd2Digits","cdDefault","cd5Digits","cd1Digit"]},"RoundingSysEnum":{"type":"string","enum":["rsNoRounding","rsRoundToFiveHundredth","rsRoundToOne","rsRoundToTen","rsRoundToTenHundredth"]},"BoYesNoEnum":{"type":"string","enum":["tYES","tNO"]}},"swagger":"3.0","info":{"description":"This is a sample server Petstore server.","title":"Swagger For Service Layer","version":"1.0.0"},"tags":[{"name":"Currencies","description":"This entity enables you to manipulate 'Currencies'. It represents the currency codes in the Administration module."}]}