{"basePath":"/b1s/v1/","paths":{"/CustomsDeclaration(id)":{"patch":{"produces":["application/json","application/xml"],"description":"Update an instance of 'CustomsDeclaration' with the given payload of type 'CustomsDeclaration' in JSON format and with the specified id.","responses":{"200":{"description":"successful operation"}},"parameters":[{"schema":{"$ref":"#/definitions/CustomsDeclaration"},"in":"body","name":"body"}],"tags":["CustomsDeclaration"],"consumes":["application/json","application/xml"]},"get":{"produces":["application/json","application/xml"],"description":"Retrieve all or some selected properties from an instance of 'CustomsDeclaration' with the given id.","responses":{"200":{"description":"successful operation"}},"parameters":[{"name":"CCDNum","type":"string"},{"name":"Date","type":"string"},{"name":"CustomsBroker","type":"string"}],"tags":["CustomsDeclaration"],"consumes":["application/json","application/xml"]}},"/CustomsDeclaration":{"post":{"produces":["application/json","application/xml"],"description":"Create an instance of 'CustomsDeclaration' with the given payload of type 'CustomsDeclaration' in JSON format.","responses":{"200":{"description":"successful operation"}},"parameters":[{"schema":{"$ref":"#/definitions/CustomsDeclaration"},"in":"body","name":"body"}],"tags":["CustomsDeclaration"],"consumes":["application/json","application/xml"]},"get":{"produces":["application/json","application/xml"],"description":"Retrieve a collection of 'CustomsDeclaration' with all or some selected properties in the given order by specifying the given filter condition.","responses":{"200":{"description":"successful operation"}},"parameters":[{"name":"CCDNum","type":"string"},{"name":"Date","type":"string"},{"name":"CustomsBr","type":"string"}],"tags":["CustomsDeclaration"],"consumes":["application/json","application/xml"]}}},"host":"slcdemo.cfapps.sap.hana.ondemand.com","schemes":"https","definitions":{"CustomsDeclaration":{"type":"object","properties":{"DocDate":{"type":"string"},"SupplyDate":{"type":"string"},"CCDNum":{"type":"string"},"CustomsBroker":{"type":"string"},"SupplyNum":{"type":"string"},"DocNum":{"type":"string"},"CustomsTerminal":{"type":"string"},"PaymentKey":{"type":"string"},"Date":{"type":"string"}}}},"swagger":"3.0","info":{"description":"This is a sample server Petstore server.","title":"Swagger For Service Layer","version":"1.0.0"},"tags":[{"name":"CustomsDeclaration","description":"This entity enables you to manipulate 'CustomsDeclaration'."}]}