{"basePath":"/b1s/v1/","paths":{"/CustomerEquipmentCards":{"post":{"produces":["application/json","application/xml"],"description":"Create an instance of 'CustomerEquipmentCards' with the given payload of type 'CustomerEquipmentCard' in JSON format.","responses":{"200":{"description":"successful operation"}},"parameters":[{"schema":{"$ref":"#/definitions/CustomerEquipmentCard"},"in":"body","name":"body"}],"tags":["CustomerEquipmentCards"],"consumes":["application/json","application/xml"]},"get":{"produces":["application/json","application/xml"],"description":"Retrieve a collection of 'CustomerEquipmentCards' with all or some selected properties in the given order by specifying the given filter condition.","responses":{"200":{"description":"successful operation"}},"parameters":[{"name":"EquipmentCardNum","type":"string"},{"name":"CustomerCode","type":"string"},{"name":"Customer","type":"string"}],"tags":["CustomerEquipmentCards"],"consumes":["application/json","application/xml"]}},"/CustomerEquipmentCards(id)":{"patch":{"produces":["application/json","application/xml"],"description":"Update an instance of 'CustomerEquipmentCards' with the given payload of type 'CustomerEquipmentCard' in JSON format and with the specified id.","responses":{"200":{"description":"successful operation"}},"parameters":[{"schema":{"$ref":"#/definitions/CustomerEquipmentCard"},"in":"body","name":"body"}],"tags":["CustomerEquipmentCards"],"consumes":["application/json","application/xml"]},"get":{"produces":["application/json","application/xml"],"description":"Retrieve all or some selected properties from an instance of 'CustomerEquipmentCards' with the given id.","responses":{"200":{"description":"successful operation"}},"parameters":[{"name":"EquipmentCardNum","type":"string"},{"name":"CustomerCode","type":"string"},{"name":"CustomerName","type":"string"}],"tags":["CustomerEquipmentCards"],"consumes":["application/json","application/xml"]},"delete":{"produces":["application/json","application/xml"],"description":"Delete an instance of 'CustomerEquipmentCards' with the specified id.","responses":{"200":{"description":"successful operation"}},"parameters":[],"tags":["CustomerEquipmentCards"],"consumes":["application/json","application/xml"]}}},"host":"slcdemo.cfapps.sap.hana.ondemand.com","schemes":"https","definitions":{"BoSerialNumberStatus":{"type":"string","enum":["sns_InLab","sns_Active","sns_Returned","sns_Terminated","sns_Loaned"]},"CustomerEquipmentCard":{"type":"object","properties":{"ItemCode":{"type":"string"},"DeliveryCode":{"type":"integer"},"InternalSerialNum":{"type":"string"},"DeliveryDate":{"type":"string"},"EquipmentCardNum":{"type":"integer"},"ItemDescription":{"type":"string"},"County":{"type":"string"},"ContactPhone":{"type":"string"},"StatusOfSerialNumber":{"description":"BoSerialNumberStatus","type":"string","enum":["sns_InLab","sns_Active","sns_Returned","sns_Terminated","sns_Loaned"]},"BuildingFloorRoom":{"type":"string"},"DefaultTechnician":{"type":"integer"},"ReplacedBySN":{"type":"integer"},"DirectCustomerCode":{"type":"string"},"Street":{"type":"string"},"InvoiceCode":{"type":"integer"},"CustomerName":{"type":"string"},"InvoiceNumber":{"type":"integer"},"CountryCode":{"type":"string"},"ReplaceSN":{"type":"integer"},"CustomerCode":{"type":"string"},"ZipCode":{"type":"string"},"StateCode":{"type":"string"},"City":{"type":"string"},"AttachmentEntry":{"type":"integer"},"ContactEmployeeCode":{"type":"integer"},"ManufacturerSerialNum":{"type":"string"},"DeliveryNumber":{"type":"integer"},"InstallLocation":{"type":"string"},"Defaultterritory":{"type":"integer"},"Block":{"type":"string"},"DirectCustomerName":{"type":"string"}}}},"swagger":"3.0","info":{"description":"This is a sample server Petstore server.","title":"Swagger For Service Layer","version":"1.0.0"},"tags":[{"name":"CustomerEquipmentCards","description":"This entity enables you to manipulate 'CustomerEquipmentCards'. It represents the customer equipment cards. For each item sold and managed by a serial number, you can create a customer equipment card to track the after-sales services provided for this item."}]}