{"basePath":"/b1s/v1/","paths":{"/CustomsGroups":{"post":{"produces":["application/json","application/xml"],"description":"Create an instance of 'CustomsGroups' with the given payload of type 'CustomsGroup' in JSON format.","responses":{"200":{"description":"successful operation"}},"parameters":[{"schema":{"$ref":"#/definitions/CustomsGroup"},"in":"body","name":"body"}],"tags":["CustomsGroups"],"consumes":["application/json","application/xml"]},"get":{"produces":["application/json","application/xml"],"description":"Retrieve a collection of 'CustomsGroups' with all or some selected properties in the given order by specifying the given filter condition.","responses":{"200":{"description":"successful operation"}},"parameters":[{"name":"Code","type":"string"},{"name":"Name","type":"string"},{"name":"Nu","type":"string"}],"tags":["CustomsGroups"],"consumes":["application/json","application/xml"]}},"/CustomsGroups(id)":{"patch":{"produces":["application/json","application/xml"],"description":"Update an instance of 'CustomsGroups' with the given payload of type 'CustomsGroup' in JSON format and with the specified id.","responses":{"200":{"description":"successful operation"}},"parameters":[{"schema":{"$ref":"#/definitions/CustomsGroup"},"in":"body","name":"body"}],"tags":["CustomsGroups"],"consumes":["application/json","application/xml"]},"get":{"produces":["application/json","application/xml"],"description":"Retrieve all or some selected properties from an instance of 'CustomsGroups' with the given id.","responses":{"200":{"description":"successful operation"}},"parameters":[{"name":"Code","type":"string"},{"name":"Name","type":"string"},{"name":"Number","type":"string"}],"tags":["CustomsGroups"],"consumes":["application/json","application/xml"]},"delete":{"produces":["application/json","application/xml"],"description":"Delete an instance of 'CustomsGroups' with the specified id.","responses":{"200":{"description":"successful operation"}},"parameters":[],"tags":["CustomsGroups"],"consumes":["application/json","application/xml"]}}},"host":"slcdemo.cfapps.sap.hana.ondemand.com","schemes":"https","definitions":{"CustomsGroup":{"type":"object","properties":{"Customs":{"type":"number"},"Locked":{"description":"BoYesNoEnum","type":"string","enum":["tYES","tNO"]},"Purchase":{"type":"number"},"PortAddress":{"type":"string"},"Number":{"type":"string"},"PortState":{"type":"string"},"Total":{"type":"number"},"CustomsAllocationAccount":{"type":"string"},"CustomsExpenseAccount":{"type":"string"},"Code":{"type":"integer"},"Name":{"type":"string"},"Other":{"type":"number"}}},"BoYesNoEnum":{"type":"string","enum":["tYES","tNO"]}},"swagger":"3.0","info":{"description":"This is a sample server Petstore server.","title":"Swagger For Service Layer","version":"1.0.0"},"tags":[{"name":"CustomsGroups","description":"This entity enables you to manipulate 'CustomsGroups'. It defines custom groups, which specify the customs duty for items purchased abroad that are liable for customs."}]}