{"basePath":"/b1s/v1/","paths":{"/CycleCountDeterminations(id)":{"patch":{"produces":["application/json","application/xml"],"description":"Update an instance of 'CycleCountDeterminations' with the given payload of type 'CycleCountDetermination' in JSON format and with the specified id.","responses":{"200":{"description":"successful operation"}},"parameters":[{"schema":{"$ref":"#/definitions/CycleCountDetermination"},"in":"body","name":"body"}],"tags":["CycleCountDeterminations"],"consumes":["application/json","application/xml"]},"get":{"produces":["application/json","application/xml"],"description":"Retrieve all or some selected properties from an instance of 'CycleCountDeterminations' with the given warehouse code.","responses":{"200":{"description":"successful operation"}},"parameters":[{"name":"WarehouseCode","type":"string"},{"name":"CycleBy","type":"string"},{"name":"CycleCountDeterminationSetupCollection","type":"string"}],"tags":["CycleCountDeterminations"],"consumes":["application/json","application/xml"]}},"/CycleCountDeterminations":{"get":{"produces":["application/json","application/xml"],"description":"Retrieve a collection of 'CycleCountDeterminations' with all or some selected properties in the given order by specifying the given filter condition.","responses":{"200":{"description":"successful operation"}},"parameters":[{"name":"WarehouseCode","type":"string"},{"name":"CycleBy","type":"string"},{"name":"CycleCountDeterminationSetupCollec","type":"string"}],"tags":["CycleCountDeterminations"],"consumes":["application/json","application/xml"]}}},"host":"slcdemo.cfapps.sap.hana.ondemand.com","schemes":"https","definitions":{"CycleCountDeterminationSetup":{"type":"object","properties":{"ExcludeItemsWithZeroQuantity":{"$ref":"#/definitions/BoYesNoEnum"},"Entry":{"type":"integer"},"CycleCode":{"type":"integer"},"Alert":{"$ref":"#/definitions/BoYesNoEnum"},"Time":{"$ref":"#/definitions/Edm.Time"},"NextCountingDate":{"type":"string"},"WarehouseCode":{"type":"string"},"DestinationUser":{"type":"integer"},"ChangeExistingItems":{"$ref":"#/definitions/BoYesNoEnum"}}},"CycleCountDeterminationCycleByEnum":{"type":"string","enum":["ccdcbWarehouseSublevel1","ccdcbWarehouseSublevel3","ccdcbWarehouseSublevel2","ccdcbWarehouseSublevel4","ccdcbItemGroup"]},"BoYesNoEnum":{"type":"string","enum":["tYES","tNO"]},"CycleCountDetermination":{"type":"object","properties":{"ExcludeItemsWithZeroQuantity":{"description":"BoYesNoEnum","type":"string","enum":["tYES","tNO"]},"Entry":{"type":"integer"},"CycleCode":{"type":"integer"},"Alert":{"description":"BoYesNoEnum","type":"string","enum":["tYES","tNO"]},"Time":{},"NextCountingDate":{"type":"string"},"CycleBy":{"description":"CycleCountDeterminationCycleByEnum","type":"string","enum":["ccdcbWarehouseSublevel1","ccdcbWarehouseSublevel3","ccdcbWarehouseSublevel2","ccdcbWarehouseSublevel4","ccdcbItemGroup"]},"WarehouseCode":{"type":"string"},"DestinationUser":{"type":"integer"},"ChangeExistingItems":{"description":"BoYesNoEnum","type":"string","enum":["tYES","tNO"]},"CycleCountDeterminationSetupCollection":{"type":"array","items":{"$ref":"#/definitions/CycleCountDeterminationSetup"}}}}},"swagger":"3.0","info":{"description":"This is a sample server Petstore server.","title":"Swagger For Service Layer","version":"1.0.0"},"tags":[{"name":"CycleCountDeterminations","description":"This entity enables you to manipulate 'CycleCountDeterminations'."}]}