{"basePath":"/b1s/v1/","paths":{"/DashboardPackagesService_ImportDashboardPackage":{"post":{"produces":["application/json","application/xml"],"description":"Invoke the method 'ImportDashboardPackage' on this service by specifying the payload 'DashboardPackageImportParams' in the JSON format.","responses":{"200":{"description":"successful operation"}},"parameters":[{"schema":{"$ref":"#/definitions/CycleCountDetermination"},"in":"body","name":"body"}],"tags":["DashboardPackagesService"],"consumes":["application/json","application/xml"]}}},"host":"slcdemo.cfapps.sap.hana.ondemand.com","schemes":"https","definitions":{"DashboardPackageImportParams":{"type":"object","properties":{"ForceOverwriteQuery":{"$ref":"#/definitions/BoYesNoEnum"},"ForceOverwritePackage":{"$ref":"#/definitions/BoYesNoEnum"},"PackageFilePath":{"type":"string"},"ImportQueries":{"$ref":"#/definitions/BoYesNoEnum"}}},"BoYesNoEnum":{"type":"string","enum":["tYES","tNO"]},"CycleCountDetermination":{"type":"object","properties":{}}},"swagger":"3.0","info":{"description":"This is a sample server Petstore server.","title":"Swagger For Service Layer","version":"1.0.0"},"tags":[{"name":"DashboardPackagesService","description":"This API enables you to invoke the interfaces defined on 'DashboardPackagesService'."}]}