{"basePath":"/b1s/v1/","paths":{"/DeductionTaxGroups":{"post":{"produces":["application/json","application/xml"],"description":"Create an instance of 'DeductionTaxGroups' with the given payload of type 'DeductionTaxGroup' in JSON format.","responses":{"200":{"description":"successful operation"}},"parameters":[{"schema":{"$ref":"#/definitions/DeductionTaxGroup"},"in":"body","name":"body"}],"tags":["DeductionTaxGroups"],"consumes":["application/json","application/xml"]},"get":{"produces":["application/json","application/xml"],"description":"Retrieve a collection of 'DeductionTaxGroups' with all or some selected properties in the given order by specifying the given filter condition.","responses":{"200":{"description":"successful operation"}},"parameters":[{"name":"GroupKey","type":"string"},{"name":"GroupCode","type":"string"},{"name":"Group","type":"string"}],"tags":["DeductionTaxGroups"],"consumes":["application/json","application/xml"]}},"/DeductionTaxGroups(id)":{"patch":{"produces":["application/json","application/xml"],"description":"Update an instance of 'DeductionTaxGroups' with the given payload of type 'DeductionTaxGroup' in JSON format and with the specified id.","responses":{"200":{"description":"successful operation"}},"parameters":[{"schema":{"$ref":"#/definitions/DeductionTaxGroup"},"in":"body","name":"body"}],"tags":["DeductionTaxGroups"],"consumes":["application/json","application/xml"]},"get":{"produces":["application/json","application/xml"],"description":"Retrieve all or some selected properties from an instance of 'DeductionTaxGroups' with the given id.","responses":{"200":{"description":"successful operation"}},"parameters":[{"name":"GroupKey","type":"string"},{"name":"GroupCode","type":"string"},{"name":"GroupName","type":"string"}],"tags":["DeductionTaxGroups"],"consumes":["application/json","application/xml"]},"delete":{"produces":["application/json","application/xml"],"description":"Delete an instance of 'DeductionTaxGroups' with the specified id.","responses":{"200":{"description":"successful operation"}},"parameters":[],"tags":["DeductionTaxGroups"],"consumes":["application/json","application/xml"]}}},"host":"slcdemo.cfapps.sap.hana.ondemand.com","schemes":"https","definitions":{"DeductionTaxGroup":{"type":"object","properties":{"GroupName":{"type":"string"},"GroupKey":{"type":"integer"},"GroupCode":{"description":"BoDeductionTaxGroupCodeEnum","type":"string","enum":["dtgcEmployeeReceivingCommission","dtgcRentalPayments","dtgcPaymentsForCitizensInForeignCountries","dtgcRepaymentToEmployerFromCompensationFund","dtgcWritersPrice","dtgcDividendPayments","dtgcInvalidPaymentFromCompensationFund","dtgcPaidServices","dtgcPaymentsFromStudyFund","dtgcInterestReceivers","dtgcPaymentsToForeignCitizens"]},"GroupExtendedCode":{"type":"string"},"MaxRedin":{"type":"number"}}},"BoDeductionTaxGroupCodeEnum":{"type":"string","enum":["dtgcEmployeeReceivingCommission","dtgcRentalPayments","dtgcPaymentsForCitizensInForeignCountries","dtgcRepaymentToEmployerFromCompensationFund","dtgcWritersPrice","dtgcDividendPayments","dtgcInvalidPaymentFromCompensationFund","dtgcPaidServices","dtgcPaymentsFromStudyFund","dtgcInterestReceivers","dtgcPaymentsToForeignCitizens"]}},"swagger":"3.0","info":{"description":"This is a sample server Petstore server.","title":"Swagger For Service Layer","version":"1.0.0"},"tags":[{"name":"DeductionTaxGroups","description":"This entity enables you to manipulate 'DeductionTaxGroups'. It represents withholding tax deduction groups."}]}