{"basePath":"/b1s/v1/","paths":{"/DeductionTaxSubGroups":{"post":{"produces":["application/json","application/xml"],"description":"Create an instance of 'DeductionTaxSubGroups' with the given payload of type 'DeductionTaxSubGroup' in JSON format.","responses":{"200":{"description":"successful operation"}},"parameters":[{"schema":{"$ref":"#/definitions/DeductionTaxSubGroup"},"in":"body","name":"body"}],"tags":["DeductionTaxSubGroups"],"consumes":["application/json","application/xml"]},"get":{"produces":["application/json","application/xml"],"description":"Retrieve a collection of 'DeductionTaxSubGroups' with all or some selected properties in the given order by specifying the given filter condition.","responses":{"200":{"description":"successful operation"}},"parameters":[{"name":"GroupCode","type":"string"},{"name":"Group","type":"string"}],"tags":["DeductionTaxSubGroups"],"consumes":["application/json","application/xml"]}},"/DeductionTaxSubGroups(id)":{"patch":{"produces":["application/json","application/xml"],"description":"Update an instance of 'DeductionTaxSubGroups' with the given payload of type 'DeductionTaxSubGroup' in JSON format and with the specified id.","responses":{"200":{"description":"successful operation"}},"parameters":[{"schema":{"$ref":"#/definitions/DeductionTaxSubGroup"},"in":"body","name":"body"}],"tags":["DeductionTaxSubGroups"],"consumes":["application/json","application/xml"]},"get":{"produces":["application/json","application/xml"],"description":"Retrieve all or some selected properties from an instance of 'DeductionTaxSubGroups' with the given id.","responses":{"200":{"description":"successful operation"}},"parameters":[{"name":"GroupCode","type":"string"},{"name":"GroupName","type":"string"}],"tags":["DeductionTaxSubGroups"],"consumes":["application/json","application/xml"]}}},"host":"slcdemo.cfapps.sap.hana.ondemand.com","schemes":"https","definitions":{"DeductionTaxSubGroup":{"type":"object","properties":{"GroupName":{"type":"string"},"GroupCode":{"type":"string"}}}},"swagger":"3.0","info":{"description":"This is a sample server Petstore server.","title":"Swagger For Service Layer","version":"1.0.0"},"tags":[{"name":"DeductionTaxSubGroups","description":"This entity enables you to manipulate 'DeductionTaxSubGroups'."}]}