{"basePath":"/b1s/v1/","paths":{"/DeductionTaxHierarchies(id)":{"patch":{"produces":["application/json","application/xml"],"description":"Update an instance of 'DeductionTaxHierarchies' with the given payload of type 'DeductionTaxHierarchy' in JSON format and with the specified id.","responses":{"200":{"description":"successful operation"}},"parameters":[{"schema":{"$ref":"#/definitions/DeductionTaxHierarchy"},"in":"body","name":"body"}],"tags":["DeductionTaxHierarchies"],"consumes":["application/json","application/xml"]},"get":{"produces":["application/json","application/xml"],"description":"Retrieve all or some selected properties from an instance of 'DeductionTaxHierarchies' with the given id.","responses":{"200":{"description":"successful operation"}},"parameters":[{"name":"AbsEntry","type":"string"},{"name":"BPCode","type":"string"},{"name":"HierarchyCode","type":"string"}],"tags":["DeductionTaxHierarchies"],"consumes":["application/json","application/xml"]},"delete":{"produces":["application/json","application/xml"],"description":"Delete an instance of 'DeductionTaxHierarchies' with the specified id.","responses":{"200":{"description":"successful operation"}},"parameters":[],"tags":["DeductionTaxHierarchies"],"consumes":["application/json","application/xml"]}},"/DeductionTaxHierarchies":{"post":{"produces":["application/json","application/xml"],"description":"Create an instance of 'DeductionTaxHierarchies' with the given payload of type 'DeductionTaxHierarchy' in JSON format.","responses":{"200":{"description":"successful operation"}},"parameters":[{"schema":{"$ref":"#/definitions/DeductionTaxHierarchy"},"in":"body","name":"body"}],"tags":["DeductionTaxHierarchies"],"consumes":["application/json","application/xml"]},"get":{"produces":["application/json","application/xml"],"description":"Retrieve a collection of 'DeductionTaxHierarchies' with all or some selected properties in the given order by specifying the given filter condition.","responses":{"200":{"description":"successful operation"}},"parameters":[{"name":"AbsEntry","type":"string"},{"name":"BPCode","type":"string"},{"name":"Hierarchy","type":"string"}],"tags":["DeductionTaxHierarchies"],"consumes":["application/json","application/xml"]}}},"host":"slcdemo.cfapps.sap.hana.ondemand.com","schemes":"https","definitions":{"DeductionTaxHierarchy":{"type":"object","properties":{"HierarchyCode":{"type":"string"},"RowNumber":{"type":"integer"},"DeductionPercent":{"type":"number"},"MaximumTotal":{"type":"number"},"HierarchyName":{"type":"string"},"ValidFrom":{"type":"string"},"LastUpdated":{"type":"string"},"AbsEntry":{"type":"integer"},"BPCode":{"type":"string"},"ValidUntil":{"type":"string"},"DeductionTaxHierarchies_Lines":{"type":"array","items":{"$ref":"#/definitions/DeductionTaxHierarchies_Line"}}}},"DeductionTaxHierarchies_Line":{"type":"object","properties":{"RowNumber":{"type":"integer"},"DeductionPercent":{"type":"number"},"MaximumTotal":{"type":"number"}}}},"swagger":"3.0","info":{"description":"This is a sample server Petstore server.","title":"Swagger For Service Layer","version":"1.0.0"},"tags":[{"name":"DeductionTaxHierarchies","description":"This entity enables you to manipulate 'DeductionTaxHierarchies'. It defines taxation levels to withhold from payments to vendors."}]}