{"basePath":"/b1s/v1/","paths":{"/Departments":{"post":{"produces":["application/json","application/xml"],"description":"Create an instance of 'Departments' with the given payload of type 'Department' in JSON format.","responses":{"200":{"description":"successful operation"}},"parameters":[{"schema":{"$ref":"#/definitions/Department"},"in":"body","name":"body"}],"tags":["Departments"],"consumes":["application/json","application/xml"]},"get":{"produces":["application/json","application/xml"],"description":"Retrieve a collection of 'Departments' with all or some selected properties in the given order by specifying the given filter condition.","responses":{"200":{"description":"successful operation"}},"parameters":[{"name":"Code","type":"string"},{"name":"Name","type":"string"},{"name":"Descrip","type":"string"}],"tags":["Departments"],"consumes":["application/json","application/xml"]}},"/Departments(id)":{"patch":{"produces":["application/json","application/xml"],"description":"Update an instance of 'Departments' with the given payload of type 'Department' in JSON format and with the specified id.","responses":{"200":{"description":"successful operation"}},"parameters":[{"schema":{"$ref":"#/definitions/Department"},"in":"body","name":"body"}],"tags":["Departments"],"consumes":["application/json","application/xml"]},"get":{"produces":["application/json","application/xml"],"description":"Retrieve all or some selected properties from an instance of 'Departments' with the given id.","responses":{"200":{"description":"successful operation"}},"parameters":[{"name":"Code","type":"string"},{"name":"Name","type":"string"},{"name":"Description","type":"string"}],"tags":["Departments"],"consumes":["application/json","application/xml"]},"delete":{"produces":["application/json","application/xml"],"description":"Delete an instance of 'Departments' with the specified id.","responses":{"200":{"description":"successful operation"}},"parameters":[],"tags":["Departments"],"consumes":["application/json","application/xml"]}}},"host":"slcdemo.cfapps.sap.hana.ondemand.com","schemes":"https","definitions":{"Department":{"type":"object","properties":{"Description":{"type":"string"},"Code":{"type":"integer"},"Name":{"type":"string"}}}},"swagger":"3.0","info":{"description":"This is a sample server Petstore server.","title":"Swagger For Service Layer","version":"1.0.0"},"tags":[{"name":"Departments","description":"This entity enables you to manipulate 'Departments'."}]}