{"basePath":"/b1s/v1/","paths":{"/DepositsService_CancelCheckRow":{"post":{"produces":["application/json","application/xml"],"description":"\n\t\t\t\t\tInvoke the method 'CancelCheckRow' on this service by specifying the payload 'CancelCheckRowParams' in the JSON format.\n\t\t\t\t","responses":{"200":{"description":"successful operation"}},"parameters":[{"schema":{"$ref":"#/definitions/Deposit"},"in":"body","name":"body"}],"tags":["DepositsService"],"consumes":["application/json","application/xml"]}},"/DepositsService_GetDepositList":{"post":{"produces":["application/json","application/xml"],"description":"\n\t\t\t\t\tInvoke the method 'GetDepositList' on this service.\n\t\t\t\t","responses":{"200":{"description":"successful operation"}},"parameters":[{"schema":{"$ref":"#/definitions/Deposit"},"in":"body","name":"body"}],"tags":["DepositsService"],"consumes":["application/json","application/xml"]}},"/DepositsService_CancelCheckRowbyCurrentSystemDate":{"post":{"produces":["application/json","application/xml"],"description":"\n\t\t\t\t\tInvoke the method 'CancelCheckRowbyCurrentSystemDate' on this service by specifying the payload 'CancelCheckRowParams' in the JSON format.\n\t\t\t\t","responses":{"200":{"description":"successful operation"}},"parameters":[{"schema":{"$ref":"#/definitions/Deposit"},"in":"body","name":"body"}],"tags":["DepositsService"],"consumes":["application/json","application/xml"]}}},"host":"slcdemo.cfapps.sap.hana.ondemand.com","schemes":"https","definitions":{"Deposit":{"type":"object","properties":{}},"CancelCheckRowParams":{"type":"object","properties":{"CheckID":{"type":"integer"},"DepositID":{"type":"integer"}}}},"swagger":"3.0","info":{"description":"This is a sample server Petstore server.","title":"Swagger For Service Layer","version":"1.0.0"},"tags":[{"name":"DepositsService","description":"\n\t\t\tThis API enables you to invoke the interfaces defined on 'DepositsService'.\n\t\t"}]}