{"basePath":"/b1s/v1/","paths":{"/Deposits":{"post":{"produces":["application/json","application/xml"],"description":"\n\t\t\t\t\tCreate an instance of 'Deposits' with the given payload of type 'Deposit' in JSON format.\n\t\t\t\t","responses":{"200":{"description":"successful operation"}},"parameters":[{"schema":{"$ref":"#/definitions/Deposit"},"in":"body","name":"body"}],"tags":["Deposits"],"consumes":["application/json","application/xml"]},"get":{"produces":["application/json","application/xml"],"description":"\n\t\t\t\t\tRetrieve a collection of 'Deposits' with all or some selected properties in the given order by specifying the given filter condition.\n\t\t\t\t","responses":{"200":{"description":"successful operation"}},"parameters":[{"name":"DepositNumber","type":"string"},{"name":"AbsEntry","type":"string"},{"name":"Deposit","type":"string"}],"tags":["Deposits"],"consumes":["application/json","application/xml"]}},"/Deposits(id)/CancelDeposit":{"post":{"produces":["application/json","application/xml"],"description":"\n\t\t\t\t\tInvoke the method 'CancelDeposit' on this EntitySet with the specified id.\n\t\t\t\t","responses":{"200":{"description":"successful operation"}},"parameters":[{"schema":{"$ref":"#/definitions/Deposit"},"in":"body","name":"body"}],"tags":["Deposits"],"consumes":["application/json","application/xml"]}},"/Deposits(id)/CancelDepositbyCurrentSystemDate":{"post":{"produces":["application/json","application/xml"],"description":"\n\t\t\t\t\tInvoke the method 'CancelDepositbyCurrentSystemDate' on this EntitySet with the specified id.\n\t\t\t\t","responses":{"200":{"description":"successful operation"}},"parameters":[{"schema":{"$ref":"#/definitions/Deposit"},"in":"body","name":"body"}],"tags":["Deposits"],"consumes":["application/json","application/xml"]}},"/Deposits(id)":{"patch":{"produces":["application/json","application/xml"],"description":"\n\t\t\t\t\tUpdate an instance of 'Deposits' with the given payload of type 'Deposit' in JSON format and with the specified id.\n\t\t\t\t","responses":{"200":{"description":"successful operation"}},"parameters":[{"schema":{"$ref":"#/definitions/Deposit"},"in":"body","name":"body"}],"tags":["Deposits"],"consumes":["application/json","application/xml"]},"get":{"produces":["application/json","application/xml"],"description":"\n\t\t\t\t\tRetrieve all or some selected properties from an instance of 'Deposits' with the given id.\n\t\t\t\t","responses":{"200":{"description":"successful operation"}},"parameters":[{"name":"DepositNumber","type":"string"},{"name":"AbsEntry","type":"string"},{"name":"DepositType","type":"string"}],"tags":["Deposits"],"consumes":["application/json","application/xml"]}}},"host":"slcdemo.cfapps.sap.hana.ondemand.com","schemes":"https","definitions":{"BoBoeStatus":{"type":"string","enum":["boes_Failed","boes_Cancelled","boes_Deposited","boes_Closed","boes_Created","boes_Sent","boes_Paid"]},"Deposit":{"type":"object","properties":{"TaxAccount":{"type":"string"},"DistributionRule4":{"type":"string"},"DistributionRule5":{"type":"string"},"DistributionRule2":{"type":"string"},"DistributionRule3":{"type":"string"},"Customer":{"type":"string"},"NumOfPayments":{"type":"integer"},"DepositorName":{"type":"string"},"Commission":{"type":"number"},"DepositAccountType":{"description":"BoDepositAccountTypeEnum","type":"string","enum":["datBusinessPartner","datBankAccount"]},"Transferred":{"description":"BoYesNoEnum","type":"string","enum":["tYES","tNO"]},"DepositCurrency":{"type":"string"},"CommissionSC":{"type":"number"},"CommissionCurrency":{"type":"string"},"TaxAmount":{"type":"number"},"DepositNumber":{"type":"integer"},"BankReference":{"type":"string"},"PayDate":{"type":"string"},"AllocationAccount":{"type":"string"},"CommissionFC":{"type":"number"},"CheckDate":{"type":"string"},"TotalLC":{"type":"number"},"BPLID":{"type":"integer"},"CheckKey":{"type":"integer"},"CreditLines":{"type":"array","items":{"$ref":"#/definitions/CreditLine"}},"DepositDate":{"type":"string"},"VoucherAccount":{"type":"string"},"DepositType":{"description":"BoDepositTypeEnum","type":"string","enum":["dtCash","dtChecks","dtBOE","dtCredit"]},"VoucherNumber":{"type":"string"},"CheckLines":{"type":"array","items":{"$ref":"#/definitions/CheckLine"}},"PaymentMethodCode":{"type":"integer"},"Project":{"type":"string"},"DocRate":{"type":"number"},"CommissionDate":{"type":"string"},"Deposited":{"description":"BoYesNoEnum","type":"string","enum":["tYES","tNO"]},"BankAccountNum":{"type":"string"},"ReconcileAfterDeposit":{"description":"BoYesNoEnum","type":"string","enum":["tYES","tNO"]},"BOEKey":{"type":"integer"},"Bank":{"type":"string"},"BOEStatus":{"description":"BoBoeStatus","type":"string","enum":["boes_Failed","boes_Cancelled","boes_Deposited","boes_Closed","boes_Created","boes_Sent","boes_Paid"]},"AbsEntry":{"type":"integer"},"CommissionAccount":{"type":"string"},"CheckCurrency":{"type":"string"},"AbsId":{"type":"integer"},"CreditCurrency":{"type":"string"},"TaxCode":{"type":"string"},"Branch":{"type":"string"},"CheckDepositType":{"description":"BoCheckDepositTypeEnum","type":"string","enum":["cdtCashChecks","cdtPostdatedChecks"]},"DueDate":{"type":"string"},"DistributionRule":{"type":"string"},"TotalFC":{"type":"number"},"Reference":{"type":"string"},"TaxAmountSC":{"type":"number"},"Amount":{"type":"number"},"JournalRemarks":{"type":"string"},"CheckNumber":{"type":"integer"},"BOENumber":{"type":"integer"},"CreditCard":{"type":"integer"},"DepositAccount":{"type":"string"},"AccountNumber":{"type":"string"},"TotalSC":{"type":"number"},"Series":{"type":"integer"},"BankBranch":{"type":"string"},"TaxAmountFC":{"type":"number"},"CashCheck":{"type":"string"},"Total":{"type":"number"},"CheckAmount":{"type":"number"},"BOELines":{"type":"array","items":{"$ref":"#/definitions/BOELine"}}}},"BoDepositCheckEnum":{"type":"string","enum":["dtNo","dcAsCash","dtAsPostdated"]},"BoDepositTypeEnum":{"type":"string","enum":["dtCash","dtChecks","dtBOE","dtCredit"]},"BoCheckDepositTypeEnum":{"type":"string","enum":["cdtCashChecks","cdtPostdatedChecks"]},"BOELine":{"type":"object","properties":{"Bank":{"type":"string"},"Branch":{"type":"string"},"Amount":{"type":"number"},"BOEStatus":{"$ref":"#/definitions/BoBoeStatus"},"Transferred":{"$ref":"#/definitions/BoYesNoEnum"},"BOENumber":{"type":"integer"},"DueDate":{"type":"string"},"BOEKey":{"type":"integer"},"AccountNumber":{"type":"string"}}},"CreditLine":{"type":"object","properties":{"CreditCurrency":{"type":"string"},"Deposited":{"$ref":"#/definitions/BoYesNoEnum"},"PayDate":{"type":"string"},"NumOfPayments":{"type":"integer"},"Customer":{"type":"string"},"Reference":{"type":"string"},"Total":{"type":"number"},"VoucherNumber":{"type":"string"},"Transferred":{"$ref":"#/definitions/BoYesNoEnum"},"PaymentMethodCode":{"type":"integer"},"CreditCard":{"type":"integer"},"AbsId":{"type":"integer"}}},"CheckLine":{"type":"object","properties":{"CheckKey":{"type":"integer"},"Bank":{"type":"string"},"Deposited":{"$ref":"#/definitions/BoDepositCheckEnum"},"CashCheck":{"type":"string"},"Customer":{"type":"string"},"Branch":{"type":"string"},"Transferred":{"$ref":"#/definitions/BoYesNoEnum"},"CheckDate":{"type":"string"},"CheckNumber":{"type":"integer"},"CheckAmount":{"type":"number"},"CheckCurrency":{"type":"string"},"AccountNumber":{"type":"string"}}},"BoDepositAccountTypeEnum":{"type":"string","enum":["datBusinessPartner","datBankAccount"]},"BoYesNoEnum":{"type":"string","enum":["tYES","tNO"]}},"swagger":"3.0","info":{"description":"This is a sample server Petstore server.","title":"Swagger For Service Layer","version":"1.0.0"},"tags":[{"name":"Deposits","description":"\n\t\t\tThis entity enables you to manipulate 'Deposits'.\n\t\t"}]}