{"basePath":"/b1s/v1/","paths":{"/DepreciationTypes(id)":{"patch":{"produces":["application/json","application/xml"],"description":"Update an instance of 'DepreciationTypes' with the given payload of type 'DepreciationType' in JSON format and with the specified id.","responses":{"200":{"description":"successful operation"}},"parameters":[{"schema":{"$ref":"#/definitions/DepreciationType"},"in":"body","name":"body"}],"tags":["DepreciationTypes"],"consumes":["application/json","application/xml"]},"get":{"produces":["application/json","application/xml"],"description":"Retrieve all or some selected properties from an instance of 'DepreciationTypes' with the given id.","responses":{"200":{"description":"successful operation"}},"parameters":[{"name":"Code","type":"string"},{"name":"Description","type":"string"},{"name":"DepreciationMethod","type":"string"}],"tags":["DepreciationTypes"],"consumes":["application/json","application/xml"]},"delete":{"produces":["application/json","application/xml"],"description":"Delete an instance of 'DepreciationTypes' with the specified id.","responses":{"200":{"description":"successful operation"}},"parameters":[],"tags":["DepreciationTypes"],"consumes":["application/json","application/xml"]}},"/DepreciationTypes":{"post":{"produces":["application/json","application/xml"],"description":"Create an instance of 'DepreciationTypes' with the given payload of type 'DepreciationType' in JSON format.","responses":{"200":{"description":"successful operation"}},"parameters":[{"schema":{"$ref":"#/definitions/DepreciationType"},"in":"body","name":"body"}],"tags":["DepreciationTypes"],"consumes":["application/json","application/xml"]},"get":{"produces":["application/json","application/xml"],"description":"Retrieve a collection of 'DepreciationTypes' with all or some selected properties in the given order by specifying the given filter condition.","responses":{"200":{"description":"successful operation"}},"parameters":[{"name":"Code","type":"string"},{"name":"Description","type":"string"},{"name":"DepreciationMe","type":"string"}],"tags":["DepreciationTypes"],"consumes":["application/json","application/xml"]}}},"host":"slcdemo.cfapps.sap.hana.ondemand.com","schemes":"https","definitions":{"DepreciationCalculationBaseEnum":{"type":"string","enum":["dcbNetBookValue","dcbAcquisitionValue"]},"AcquisitionProRataTypeEnum":{"type":"string","enum":["aprtFirstDayOfNextPeriod","aprtExactlyDailyBase","aprtFirstDayOfCurrentPeriod"]},"TransferTargetPeriodControlEnum":{"type":"string","enum":["ttpcProRataTemporis"]},"TransferSourceProRataTypeEnum":{"type":"string","enum":["tsprtLastDayOfPriorPeriod","tsprtExactlyDailyBase","tsprtLastDayofCurrentPeriod"]},"CalculationBaseEnum":{"type":"string","enum":["cbYearly","cbMonthly"]},"AcquisitionPeriodControlEnum":{"type":"string","enum":["apcFirstYearConvention","apcHalfYear","apcFullYear","apcProRataTemporis"]},"RetirementPeriodControlEnum":{"type":"string","enum":["rpcHalfYearConvention","rpcOnlyAfterEndOfUsefulLife","rpcProRataTemporis"]},"SpecialDepreciationCalculationMethodEnum":{"type":"string","enum":["spcmAlternative","spcmAdditional"]},"DepreciationLevel":{"type":"object","properties":{"DepreciationCalculationBase":{"$ref":"#/definitions/DepreciationCalculationBaseEnum"},"Percentage":{"type":"number"},"Amount":{"type":"number"},"NumberOfYears":{"type":"integer"},"Level":{"type":"integer"}}},"BoYesNoEnum":{"type":"string","enum":["tYES","tNO"]},"SubsequentAcquisitionPeriodControlEnum":{"type":"string","enum":["sapcHalfYearConvention","sapcProRataTemporis","sapcFullYear"]},"DepreciationMethodEnum":{"type":"string","enum":["dmAccelerated","dmMultilevel","dmImmediateWriteOff","dmManualDepreciation","dmNoDepreciation","dmStraightLinePeriodControl","dmStraightLine","dmDecliningBalance","dmSpecialDepreciation"]},"TransferSourcePeriodControlEnum":{"type":"string","enum":["tspcProRataTemporis"]},"StraightLinePeriodControlDepreciationPeriodsEnum":{"type":"string","enum":["slpcdpIndividualUsage","slpcdpStandard","slpcdpIndividual"]},"SubsequentAcquisitionProRataTypeEnum":{"type":"string","enum":["saprtExactlyDailyBase","saprtFirstDayOfNextPeriod","saprtFirstDayOfCurrentPeriod"]},"RetirementProRataTypeEnum":{"type":"string","enum":["rprtExactlyDailyBase","rprtLastDayOfPriorPeriod","rprtLastDayOfCurrentPeriod"]},"StraightLineCalculationMethodEnum":{"type":"string","enum":["slcmPercentageOfAcquisitionValue","slcmAuquisitionValueDividedByTotalUsefulLife","slcmNetBookValueDividedByRemainingLife"]},"SpecialDepreciationMaximumFlagEnum":{"type":"string","enum":["spmfPercentage","spmfAmount"]},"TransferTargetProRataTypeEnum":{"type":"string","enum":["ttprtExactlyDailyBase","ttprtFirstDayOfNextPeriod","ttprtFirstDayOfCurrentPeriod"]},"DepreciationType":{"type":"object","properties":{"DecliningPercentage":{"type":"number"},"Description":{"type":"string"},"StraightLinePercentage":{"type":"number"},"DepreciationTypePool":{"type":"string"},"AcquisitionProRataType":{"description":"AcquisitionProRataTypeEnum","type":"string","enum":["aprtFirstDayOfNextPeriod","aprtExactlyDailyBase","aprtFirstDayOfCurrentPeriod"]},"SpecialDepreciationAlternativeDepreciation":{"type":"string"},"DepreciationEndAtLastFullYear":{"description":"BoYesNoEnum","type":"string","enum":["tYES","tNO"]},"PercentageOfDepreciationReversedInRetirementYear":{"type":"number"},"StraightLineCalculationMethod":{"description":"StraightLineCalculationMethodEnum","type":"string","enum":["slcmPercentageOfAcquisitionValue","slcmAuquisitionValueDividedByTotalUsefulLife","slcmNetBookValueDividedByRemainingLife"]},"TransferTargetProRataType":{"description":"TransferTargetProRataTypeEnum","type":"string","enum":["ttprtExactlyDailyBase","ttprtFirstDayOfNextPeriod","ttprtFirstDayOfCurrentPeriod"]},"IncludePreviousDepreciationInCapitalizationPeriod":{"description":"BoYesNoEnum","type":"string","enum":["tYES","tNO"]},"SpecialDepreciationMaximumPercentage":{"type":"number"},"RetirementProRataType":{"description":"RetirementProRataTypeEnum","type":"string","enum":["rprtExactlyDailyBase","rprtLastDayOfPriorPeriod","rprtLastDayOfCurrentPeriod"]},"ValidFrom":{"type":"string"},"NumberOfYears":{"type":"integer"},"SpecialDepreciationMaximumAmount":{"type":"number"},"SalvagePercentage":{"type":"number"},"DepreciationMethod":{"description":"DepreciationMethodEnum","type":"string","enum":["dmAccelerated","dmMultilevel","dmImmediateWriteOff","dmManualDepreciation","dmNoDepreciation","dmStraightLinePeriodControl","dmStraightLine","dmDecliningBalance","dmSpecialDepreciation"]},"TransferSourcePeriodControl":{"description":"TransferSourcePeriodControlEnum","type":"string","enum":["tspcProRataTemporis"]},"Percentage":{"type":"number"},"ManualDepreciationReduceDepreciationBase":{"description":"BoYesNoEnum","type":"string","enum":["tYES","tNO"]},"Amount":{"type":"number"},"DepreciationLevelCollection":{"type":"array","items":{"$ref":"#/definitions/DepreciationLevel"}},"SubsequentAcquisitionPeriodControl":{"description":"SubsequentAcquisitionPeriodControlEnum","type":"string","enum":["sapcHalfYearConvention","sapcProRataTemporis","sapcFullYear"]},"Code":{"type":"string"},"DecliningFactor":{"type":"number"},"TransferSourceProRataType":{"description":"TransferSourceProRataTypeEnum","type":"string","enum":["tsprtLastDayOfPriorPeriod","tsprtExactlyDailyBase","tsprtLastDayofCurrentPeriod"]},"SpecialDepreciationConcessionPeriodYears":{"type":"integer"},"DepreciationCalculationBase":{"description":"DepreciationCalculationBaseEnum","type":"string","enum":["dcbNetBookValue","dcbAcquisitionValue"]},"FactorOnlyRelevantToFirstFiscalYear":{"description":"BoYesNoEnum","type":"string","enum":["tYES","tNO"]},"RoundYearEndBookValue":{"description":"BoYesNoEnum","type":"string","enum":["tYES","tNO"]},"SubsequentAcquisitionProRataType":{"description":"SubsequentAcquisitionProRataTypeEnum","type":"string","enum":["saprtExactlyDailyBase","saprtFirstDayOfNextPeriod","saprtFirstDayOfCurrentPeriod"]},"ValidTo":{"type":"string"},"IncludeSalvageInDepreciation":{"description":"BoYesNoEnum","type":"string","enum":["tYES","tNO"]},"DecliningChangeTo":{"type":"string"},"CalculationBase":{"description":"CalculationBaseEnum","type":"string","enum":["cbYearly","cbMonthly"]},"RetirementPeriodControl":{"description":"RetirementPeriodControlEnum","type":"string","enum":["rpcHalfYearConvention","rpcOnlyAfterEndOfUsefulLife","rpcProRataTemporis"]},"SpecialDepreciationNormalDepreciation":{"type":"string"},"TransferTargetPeriodControl":{"description":"TransferTargetPeriodControlEnum","type":"string","enum":["ttpcProRataTemporis"]},"MinimumDepreciatedValue":{"type":"number"},"SpecialDepreciationMaximumFlag":{"description":"SpecialDepreciationMaximumFlagEnum","type":"string","enum":["spmfPercentage","spmfAmount"]},"StraightLinePeriodControlFactor":{"type":"number"},"Level":{"type":"integer"},"StraightLinePeriodControlDepreciationPeriods":{"description":"StraightLinePeriodControlDepreciationPeriodsEnum","type":"string","enum":["slpcdpIndividualUsage","slpcdpStandard","slpcdpIndividual"]},"DeltaCoefficient":{"type":"integer"},"MaximumDepreciableValue":{"type":"number"},"SpecialDepreciationCalculationMethod":{"description":"SpecialDepreciationCalculationMethodEnum","type":"string","enum":["spcmAlternative","spcmAdditional"]},"AcquisitionPeriodControl":{"description":"AcquisitionPeriodControlEnum","type":"string","enum":["apcFirstYearConvention","apcHalfYear","apcFullYear","apcProRataTemporis"]}}}},"swagger":"3.0","info":{"description":"This is a sample server Petstore server.","title":"Swagger For Service Layer","version":"1.0.0"},"tags":[{"name":"DepreciationTypes","description":"This entity enables you to manipulate 'DepreciationTypes'."}]}