{"basePath":"/b1s/v1/","paths":{"/DepreciationAreas":{"post":{"produces":["application/json","application/xml"],"description":"Create an instance of 'DepreciationAreas' with the given payload of type 'DepreciationArea' in JSON format.","responses":{"200":{"description":"successful operation"}},"parameters":[{"schema":{"$ref":"#/definitions/DepreciationArea"},"in":"body","name":"body"}],"tags":["DepreciationAreas"],"consumes":["application/json","application/xml"]},"get":{"produces":["application/json","application/xml"],"description":"Retrieve a collection of 'DepreciationAreas' with all or some selected properties in the given order by specifying the given filter condition.","responses":{"200":{"description":"successful operation"}},"parameters":[{"name":"Code","type":"string"},{"name":"Description","type":"string"},{"name":"PostingOfDeprecia","type":"string"}],"tags":["DepreciationAreas"],"consumes":["application/json","application/xml"]}},"/DepreciationAreas(id)":{"patch":{"produces":["application/json","application/xml"],"description":"Update an instance of 'DepreciationAreas' with the given payload of type 'DepreciationArea' in JSON format and with the specified id.","responses":{"200":{"description":"successful operation"}},"parameters":[{"schema":{"$ref":"#/definitions/DepreciationArea"},"in":"body","name":"body"}],"tags":["DepreciationAreas"],"consumes":["application/json","application/xml"]},"get":{"produces":["application/json","application/xml"],"description":"Retrieve all or some selected properties from an instance of 'DepreciationAreas' with the given id.","responses":{"200":{"description":"successful operation"}},"parameters":[{"name":"Code","type":"string"},{"name":"Description","type":"string"},{"name":"PostingOfDepreciation","type":"string"}],"tags":["DepreciationAreas"],"consumes":["application/json","application/xml"]},"delete":{"produces":["application/json","application/xml"],"description":"Delete an instance of 'DepreciationAreas' with the specified id.","responses":{"200":{"description":"successful operation"}},"parameters":[],"tags":["DepreciationAreas"],"consumes":["application/json","application/xml"]}}},"host":"slcdemo.cfapps.sap.hana.ondemand.com","schemes":"https","definitions":{"PostingOfDepreciationEnum":{"type":"string","enum":["podDirectPosting","podIndirectPosting"]},"AreaTypeEnum":{"type":"string","enum":["atDerivedArea","atPostingtoGL","atAdditionalArea"]},"DepreciationArea":{"type":"object","properties":{"UsageForTaxCorrection":{"type":"integer"},"Description":{"type":"string"},"PostingOfDepreciation":{"description":"PostingOfDepreciationEnum","type":"string","enum":["podDirectPosting","podIndirectPosting"]},"TaxCreditControl":{"description":"BoYesNoEnum","type":"string","enum":["tYES","tNO"]},"ItemForTaxCorrection":{"type":"string"},"AreaType":{"description":"AreaTypeEnum","type":"string","enum":["atDerivedArea","atPostingtoGL","atAdditionalArea"]},"MainBookingArea":{"description":"BoYesNoEnum","type":"string","enum":["tYES","tNO"]},"Code":{"type":"string"},"DerivedArea":{"type":"string"},"TaxType":{"type":"integer"},"DirectRevenuePosting":{"description":"BoYesNoEnum","type":"string","enum":["tYES","tNO"]},"RetirementMethod":{"description":"RetirementMethodEnum","type":"string","enum":["rmNet","rmGross"]},"BPForTaxCorrection":{"type":"string"}}},"RetirementMethodEnum":{"type":"string","enum":["rmNet","rmGross"]},"BoYesNoEnum":{"type":"string","enum":["tYES","tNO"]}},"swagger":"3.0","info":{"description":"This is a sample server Petstore server.","title":"Swagger For Service Layer","version":"1.0.0"},"tags":[{"name":"DepreciationAreas","description":"This entity enables you to manipulate 'DepreciationAreas'."}]}