{"basePath":"/b1s/v1/","paths":{"/DeterminationCriterias(id)":{"patch":{"produces":["application/json","application/xml"],"description":"\n\t\t\t\t\tUpdate an instance of 'DeterminationCriterias' with the given payload of type 'DeterminationCriteria' in JSON format and with the specified id.\n\t\t\t\t","responses":{"200":{"description":"successful operation"}},"parameters":[{"schema":{"$ref":"#/definitions/DeterminationCriteria"},"in":"body","name":"body"}],"tags":["DeterminationCriterias"],"consumes":["application/json","application/xml"]},"get":{"produces":["application/json","application/xml"],"description":"\n\t\t\t\t\tRetrieve all or some selected properties from an instance of 'DeterminationCriterias' with the given id.\n\t\t\t\t","responses":{"200":{"description":"successful operation"}},"parameters":[{"name":"DmcId","type":"string"},{"name":"DeterminationCriteria","type":"string"},{"name":"IsActive","type":"string"}],"tags":["DeterminationCriterias"],"consumes":["application/json","application/xml"]}},"/DeterminationCriterias":{"get":{"produces":["application/json","application/xml"],"description":"\n\t\t\t\t\tRetrieve a collection of 'DeterminationCriterias' with all or some selected properties in the given order by specifying the given filter condition.\n\t\t\t\t","responses":{"200":{"description":"successful operation"}},"parameters":[{"name":"DmcId","type":"string"},{"name":"DeterminationCriteria","type":"string"},{"name":"IsAc","type":"string"}],"tags":["DeterminationCriterias"],"consumes":["application/json","application/xml"]}}},"host":"slcdemo.cfapps.sap.hana.ondemand.com","schemes":"https","definitions":{"DeterminationCriteria":{"type":"object","properties":{"DmcId":{"type":"integer"},"IsActive":{"description":"BoYesNoEnum","type":"string","enum":["tYES","tNO"]},"Priority":{"type":"integer"},"DeterminationCriteria":{"type":"string"}}},"BoYesNoEnum":{"type":"string","enum":["tYES","tNO"]}},"swagger":"3.0","info":{"description":"This is a sample server Petstore server.","title":"Swagger For Service Layer","version":"1.0.0"},"tags":[{"name":"DeterminationCriterias","description":"\n\t\t\tThis entity enables you to manipulate 'DeterminationCriterias'.\n\t\t"}]}