{"basePath":"/b1s/v1/","paths":{"/Dimensions(id)":{"patch":{"produces":["application/json","application/xml"],"description":"Update an instance of 'Dimensions' with the given payload of type 'Dimension' in JSON format and with the specified id.","responses":{"200":{"description":"successful operation"}},"parameters":[{"schema":{"$ref":"#/definitions/Dimension"},"in":"body","name":"body"}],"tags":["Dimensions"],"consumes":["application/json","application/xml"]},"get":{"produces":["application/json","application/xml"],"description":"Retrieve all or some selected properties from an instance of 'Dimensions' with the given id.","responses":{"200":{"description":"successful operation"}},"parameters":[{"name":"DimensionCode","type":"string"},{"name":"DimensionName","type":"string"},{"name":"IsActive","type":"string"}],"tags":["Dimensions"],"consumes":["application/json","application/xml"]}},"/Dimensions":{"get":{"produces":["application/json","application/xml"],"description":"Retrieve a collection of 'Dimensions' with all or some selected properties in the given order by specifying the given filter condition.","responses":{"200":{"description":"successful operation"}},"parameters":[{"name":"DimensionCode","type":"string"},{"name":"DimensionName","type":"string"},{"name":"IsAc","type":"string"}],"tags":["Dimensions"],"consumes":["application/json","application/xml"]}}},"host":"slcdemo.cfapps.sap.hana.ondemand.com","schemes":"https","definitions":{"Dimension":{"type":"object","properties":{"IsActive":{"description":"BoYesNoEnum","type":"string","enum":["tYES","tNO"]},"DimensionCode":{"type":"integer"},"DimensionDescription":{"type":"string"},"DimensionName":{"type":"string"}}},"BoYesNoEnum":{"type":"string","enum":["tYES","tNO"]}},"swagger":"3.0","info":{"description":"This is a sample server Petstore server.","title":"Swagger For Service Layer","version":"1.0.0"},"tags":[{"name":"Dimensions","description":"This entity enables you to manipulate 'Dimensions'."}]}