{"basePath":"/b1s/v1/","paths":{"/DistributionRulesService_GetDistributionRuleList":{"post":{"produces":["application/json","application/xml"],"description":"Invoke the method 'GetDistributionRuleList' on this service.","responses":{"200":{"description":"successful operation"}},"parameters":[{"schema":{"$ref":"#/definitions/DistributionRule"},"in":"body","name":"body"}],"tags":["DistributionRulesService"],"consumes":["application/json","application/xml"]}}},"host":"slcdemo.cfapps.sap.hana.ondemand.com","schemes":"https","definitions":{"DistributionRule":{"type":"object","properties":{}}},"swagger":"3.0","info":{"description":"This is a sample server Petstore server.","title":"Swagger For Service Layer","version":"1.0.0"},"tags":[{"name":"DistributionRulesService","description":"This API enables you to invoke the interfaces defined on 'DistributionRulesService'."}]}