{"basePath":"/b1s/v1/","paths":{"/DistributionRules":{"post":{"produces":["application/json","application/xml"],"description":"Create an instance of 'DistributionRules' with the given payload of type 'DistributionRule' in JSON format.","responses":{"200":{"description":"successful operation"}},"parameters":[{"schema":{"$ref":"#/definitions/DistributionRule"},"in":"body","name":"body"}],"tags":["DistributionRules"],"consumes":["application/json","application/xml"]},"get":{"produces":["application/json","application/xml"],"description":"Retrieve a collection of 'DistributionRules' with all or some selected properties in the given order by specifying the given filter condition.","responses":{"200":{"description":"successful operation"}},"parameters":[{"name":"FactorCode","type":"string"},{"name":"FactorDescription","type":"string"},{"name":"TotalFa","type":"string"}],"tags":["DistributionRules"],"consumes":["application/json","application/xml"]}},"/DistributionRules(id)":{"patch":{"produces":["application/json","application/xml"],"description":"Update an instance of 'DistributionRules' with the given payload of type 'DistributionRule' in JSON format and with the specified id.","responses":{"200":{"description":"successful operation"}},"parameters":[{"schema":{"$ref":"#/definitions/DistributionRule"},"in":"body","name":"body"}],"tags":["DistributionRules"],"consumes":["application/json","application/xml"]},"get":{"produces":["application/json","application/xml"],"description":"Retrieve all or some selected properties from an instance of 'DistributionRules' with the given id.","responses":{"200":{"description":"successful operation"}},"parameters":[{"name":"FactorCode","type":"string"},{"name":"FactorDescription","type":"string"},{"name":"TotalFactor","type":"string"}],"tags":["DistributionRules"],"consumes":["application/json","application/xml"]},"delete":{"produces":["application/json","application/xml"],"description":"Delete an instance of 'DistributionRules' with the specified id.","responses":{"200":{"description":"successful operation"}},"parameters":[],"tags":["DistributionRules"],"consumes":["application/json","application/xml"]}}},"host":"slcdemo.cfapps.sap.hana.ondemand.com","schemes":"https","definitions":{"DistributionRule":{"type":"object","properties":{"DistributionRuleLines":{"type":"array","items":{"$ref":"#/definitions/DistributionRuleLine"}},"Active":{"description":"BoYesNoEnum","type":"string","enum":["tYES","tNO"]},"TotalFactor":{"type":"number"},"InWhichDimension":{"type":"integer"},"FactorCode":{"type":"string"},"FactorDescription":{"type":"string"},"EffectiveFrom":{"type":"string"},"TotalInCenter":{"type":"number"},"CenterCode":{"type":"string"},"EffectiveTo":{"type":"string"},"Direct":{"type":"string"}}},"DistributionRuleLine":{"type":"object","properties":{"EffectiveFrom":{"type":"string"},"TotalInCenter":{"type":"number"},"CenterCode":{"type":"string"},"EffectiveTo":{"type":"string"}}},"BoYesNoEnum":{"type":"string","enum":["tYES","tNO"]}},"swagger":"3.0","info":{"description":"This is a sample server Petstore server.","title":"Swagger For Service Layer","version":"1.0.0"},"tags":[{"name":"DistributionRules","description":"This entity enables you to manipulate 'DistributionRules'."}]}