{"basePath":"/b1s/v1/","paths":{"/DNFCodeSetup(id)":{"patch":{"produces":["application/json","application/xml"],"description":"Update an instance of 'DNFCodeSetup' with the given payload of type 'DNFCodeSetup' in JSON format and with the specified id.","responses":{"200":{"description":"successful operation"}},"parameters":[{"schema":{"$ref":"#/definitions/DNFCodeSetup"},"in":"body","name":"body"}],"tags":["DNFCodeSetup"],"consumes":["application/json","application/xml"]},"get":{"produces":["application/json","application/xml"],"description":"Retrieve all or some selected properties from an instance of 'DNFCodeSetup' with the given id.","responses":{"200":{"description":"successful operation"}},"parameters":[{"name":"AbsEntry","type":"string"},{"name":"NCMCode","type":"string"},{"name":"DNFCode","type":"string"}],"tags":["DNFCodeSetup"],"consumes":["application/json","application/xml"]},"delete":{"produces":["application/json","application/xml"],"description":"Delete an instance of 'DNFCodeSetup' with the specified id.","responses":{"200":{"description":"successful operation"}},"parameters":[],"tags":["DNFCodeSetup"],"consumes":["application/json","application/xml"]}},"/DNFCodeSetup":{"post":{"produces":["application/json","application/xml"],"description":"Create an instance of 'DNFCodeSetup' with the given payload of type 'DNFCodeSetup' in JSON format.","responses":{"200":{"description":"successful operation"}},"parameters":[{"schema":{"$ref":"#/definitions/DNFCodeSetup"},"in":"body","name":"body"}],"tags":["DNFCodeSetup"],"consumes":["application/json","application/xml"]},"get":{"produces":["application/json","application/xml"],"description":"Retrieve a collection of 'DNFCodeSetup' with all or some selected properties in the given order by specifying the given filter condition.","responses":{"200":{"description":"successful operation"}},"parameters":[{"name":"AbsEntry","type":"string"},{"name":"NCMCode","type":"string"},{"name":"DNF","type":"string"}],"tags":["DNFCodeSetup"],"consumes":["application/json","application/xml"]}}},"host":"slcdemo.cfapps.sap.hana.ondemand.com","schemes":"https","definitions":{"DNFCodeSetup":{"type":"object","properties":{"NCMCode":{"type":"integer"},"UoM":{"type":"string"},"DNFCode":{"type":"string"},"Factor":{"type":"number"},"AbsEntry":{"type":"integer"}}}},"swagger":"3.0","info":{"description":"This is a sample server Petstore server.","title":"Swagger For Service Layer","version":"1.0.0"},"tags":[{"name":"DNFCodeSetup","description":"This entity enables you to manipulate 'DNFCodeSetup'."}]}