{"basePath":"/b1s/v1/","paths":{"/DNFCodeSetupService_GetDNFCodeSetupList":{"post":{"produces":["application/json","application/xml"],"description":"Invoke the method 'GetDNFCodeSetupList' on this service.","responses":{"200":{"description":"successful operation"}},"parameters":[{"schema":{"$ref":"#/definitions/DNFCodeSetup"},"in":"body","name":"body"}],"tags":["DNFCodeSetupService"],"consumes":["application/json","application/xml"]}}},"host":"slcdemo.cfapps.sap.hana.ondemand.com","schemes":"https","definitions":{"DNFCodeSetup":{"type":"object","properties":{}}},"swagger":"3.0","info":{"description":"This is a sample server Petstore server.","title":"Swagger For Service Layer","version":"1.0.0"},"tags":[{"name":"DNFCodeSetupService","description":"This API enables you to invoke the interfaces defined on 'DNFCodeSetupService'."}]}