{"basePath":"/b1s/v1/","paths":{"/DunningTerms":{"post":{"produces":["application/json","application/xml"],"description":"\n\t\t\t\t\tCreate an instance of 'DunningTerms' with the given payload of type 'DunningTerm' in JSON format.\n\t\t\t\t","responses":{"200":{"description":"successful operation"}},"parameters":[{"schema":{"$ref":"#/definitions/DunningTerm"},"in":"body","name":"body"}],"tags":["DunningTerms"],"consumes":["application/json","application/xml"]},"get":{"produces":["application/json","application/xml"],"description":"\n\t\t\t\t\tRetrieve a collection of 'DunningTerms' with all or some selected properties in the given order by specifying the given filter condition.\n\t\t\t\t","responses":{"200":{"description":"successful operation"}},"parameters":[{"name":"Code","type":"string"},{"name":"Name","type":"string"},{"name":"GroupingMe","type":"string"}],"tags":["DunningTerms"],"consumes":["application/json","application/xml"]}},"/DunningTerms(id)":{"patch":{"produces":["application/json","application/xml"],"description":"\n\t\t\t\t\tUpdate an instance of 'DunningTerms' with the given payload of type 'DunningTerm' in JSON format and with the specified id.\n\t\t\t\t","responses":{"200":{"description":"successful operation"}},"parameters":[{"schema":{"$ref":"#/definitions/DunningTerm"},"in":"body","name":"body"}],"tags":["DunningTerms"],"consumes":["application/json","application/xml"]},"get":{"produces":["application/json","application/xml"],"description":"\n\t\t\t\t\tRetrieve all or some selected properties from an instance of 'DunningTerms' with the given id.\n\t\t\t\t","responses":{"200":{"description":"successful operation"}},"parameters":[{"name":"Code","type":"string"},{"name":"Name","type":"string"},{"name":"GroupingMethod","type":"string"}],"tags":["DunningTerms"],"consumes":["application/json","application/xml"]},"delete":{"produces":["application/json","application/xml"],"description":"\n\t\t\t\t\tDelete an instance of 'DunningTerms' with the specified id.\n\t\t\t\t","responses":{"200":{"description":"successful operation"}},"parameters":[],"tags":["DunningTerms"],"consumes":["application/json","application/xml"]}}},"host":"slcdemo.cfapps.sap.hana.ondemand.com","schemes":"https","definitions":{"DunningTermLine":{"type":"object","properties":{"LetterFee":{"type":"number"},"MininumBalance":{"type":"number"},"Effectiveafter":{"type":"string"},"LetterFeeCurrency":{"type":"string"},"CalculateInterest":{"$ref":"#/definitions/BoYesNoEnum"},"LevelNum":{"type":"integer"},"LetterFormat":{"$ref":"#/definitions/DunningLetterTypeEnum"},"MininumBalanceCurrency":{"type":"string"}}},"ExchangeRateSelectEnum":{"type":"string","enum":["ierCurrentRate","ierFromInovice"]},"DunningTerm":{"type":"object","properties":{"CalculateInterestMethod":{"description":"CalculateInterestMethodEnum","type":"string","enum":["cimOnOriginalSum","cimOnRemainingAmount"]},"DaysInMonth":{"type":"integer"},"AutomaticPosting":{"description":"AutomaticPostingEnum","type":"string","enum":["apInterestAndFee","apFeeOnly","apInterestOnly","apNo"]},"LetterFeeCurrency":{"type":"string"},"MinimumBalance":{"type":"number"},"GroupingMethod":{"description":"GroupingMethodEnum","type":"string","enum":["gmPerBP","gmPerDunningLevel","gmPerInvoice"]},"DaysInYear":{"type":"integer"},"LevelNum":{"type":"integer"},"Name":{"type":"string"},"MininumBalanceCurrency":{"type":"string"},"LetterFee":{"type":"number"},"FeeAccount":{"type":"string"},"ApplyHighestLetterTemplate":{"description":"BoYesNoEnum","type":"string","enum":["tYES","tNO"]},"BaseDateSelect":{"description":"BaseDateSelectEnum","type":"string","enum":["bdsFromLastDunningRun","bdsFromDueDate"]},"IncludeInterest":{"description":"BoYesNoEnum","type":"string","enum":["tYES","tNO"]},"ExchangeRateSelect":{"description":"ExchangeRateSelectEnum","type":"string","enum":["ierCurrentRate","ierFromInovice"]},"MininumBalance":{"type":"number"},"DunningTermLines":{"type":"array","items":{"$ref":"#/definitions/DunningTermLine"}},"Code":{"type":"string"},"InterestAccount":{"type":"string"},"Effectiveafter":{"type":"string"},"CalculateInterest":{"description":"BoYesNoEnum","type":"string","enum":["tYES","tNO"]},"LetterFormat":{"description":"DunningLetterTypeEnum","type":"string","enum":["dltDunningALL","dltDunningLetter8","dltDunningLetter9","dltDunningLetter10","dltDunningLetter1","dltDunningLetter2","dltDunningLetter3","dltDunningLetter4","dltDunningLetter5","dltDunningLetter6","dltDunningLetter7"]},"YearlyInterestRate":{"type":"number"},"MinimumBalanceCurrency":{"type":"string"}}},"AutomaticPostingEnum":{"type":"string","enum":["apInterestAndFee","apFeeOnly","apInterestOnly","apNo"]},"GroupingMethodEnum":{"type":"string","enum":["gmPerBP","gmPerDunningLevel","gmPerInvoice"]},"CalculateInterestMethodEnum":{"type":"string","enum":["cimOnOriginalSum","cimOnRemainingAmount"]},"DunningLetterTypeEnum":{"type":"string","enum":["dltDunningALL","dltDunningLetter8","dltDunningLetter9","dltDunningLetter10","dltDunningLetter1","dltDunningLetter2","dltDunningLetter3","dltDunningLetter4","dltDunningLetter5","dltDunningLetter6","dltDunningLetter7"]},"BaseDateSelectEnum":{"type":"string","enum":["bdsFromLastDunningRun","bdsFromDueDate"]},"BoYesNoEnum":{"type":"string","enum":["tYES","tNO"]}},"swagger":"3.0","info":{"description":"This is a sample server Petstore server.","title":"Swagger For Service Layer","version":"1.0.0"},"tags":[{"name":"DunningTerms","description":"\n\t\t\tThis entity enables you to manipulate 'DunningTerms'.\n\t\t"}]}