{"basePath":"/b1s/v1/","paths":{"/DunningLetters":{"post":{"produces":["application/json","application/xml"],"description":"Create an instance of 'DunningLetters' with the given payload of type 'DunningLetter' in JSON format.","responses":{"200":{"description":"successful operation"}},"parameters":[{"schema":{"$ref":"#/definitions/DunningLetter"},"in":"body","name":"body"}],"tags":["DunningLetters"],"consumes":["application/json","application/xml"]},"get":{"produces":["application/json","application/xml"],"description":"Retrieve a collection of 'DunningLetters' with all or some selected properties in the given order by specifying the given filter condition.","responses":{"200":{"description":"successful operation"}},"parameters":[{"name":"FeeCurrency","type":"string"},{"name":"RowNumber","type":"string"},{"name":"LetterFo","type":"string"}],"tags":["DunningLetters"],"consumes":["application/json","application/xml"]}},"/DunningLetters(id)":{"patch":{"produces":["application/json","application/xml"],"description":"Update an instance of 'DunningLetters' with the given payload of type 'DunningLetter' in JSON format and with the specified id.","responses":{"200":{"description":"successful operation"}},"parameters":[{"schema":{"$ref":"#/definitions/DunningLetter"},"in":"body","name":"body"}],"tags":["DunningLetters"],"consumes":["application/json","application/xml"]},"get":{"produces":["application/json","application/xml"],"description":"Retrieve all or some selected properties from an instance of 'DunningLetters' with the given id.","responses":{"200":{"description":"successful operation"}},"parameters":[{"name":"FeeCurrency","type":"string"},{"name":"RowNumber","type":"string"},{"name":"LetterFormat","type":"string"}],"tags":["DunningLetters"],"consumes":["application/json","application/xml"]},"delete":{"produces":["application/json","application/xml"],"description":"Delete an instance of 'DunningLetters' with the specified id.","responses":{"200":{"description":"successful operation"}},"parameters":[],"tags":["DunningLetters"],"consumes":["application/json","application/xml"]}}},"host":"slcdemo.cfapps.sap.hana.ondemand.com","schemes":"https","definitions":{"DunningLetter":{"type":"object","properties":{"RowNumber":{"type":"integer"},"Effectiveafter":{"type":"string"},"Feeperletter":{"type":"number"},"MinimumBalance":{"type":"number"},"CalcInterest":{"description":"BoYesNoEnum","type":"string","enum":["tYES","tNO"]},"LetterFormat":{"type":"string"},"FeeCurrency":{"type":"string"},"MinimumBalanceCurrency":{"type":"string"}}},"BoYesNoEnum":{"type":"string","enum":["tYES","tNO"]}},"swagger":"3.0","info":{"description":"This is a sample server Petstore server.","title":"Swagger For Service Layer","version":"1.0.0"},"tags":[{"name":"DunningLetters","description":"This entity enables you to manipulate 'DunningLetters'. It represents a list of dunning levels that is used as a template when creating a new dunning term."}]}