{"basePath":"/b1s/v1/","paths":{"/DynamicSystemStrings(id)":{"patch":{"produces":["application/json","application/xml"],"description":"Update an instance of 'DynamicSystemStrings' with the given payload of type 'DynamicSystemString' in JSON format and with the specified id.","responses":{"200":{"description":"successful operation"}},"parameters":[{"schema":{"$ref":"#/definitions/DynamicSystemString"},"in":"body","name":"body"}],"tags":["DynamicSystemStrings"],"consumes":["application/json","application/xml"]},"get":{"produces":["application/json","application/xml"],"description":"Retrieve all or some selected properties from an instance of 'DynamicSystemStrings' with the given id.","responses":{"200":{"description":"successful operation"}},"parameters":[{"name":"FormID","type":"string"},{"name":"ItemID","type":"string"},{"name":"ColumnID","type":"string"}],"tags":["DynamicSystemStrings"],"consumes":["application/json","application/xml"]},"delete":{"produces":["application/json","application/xml"],"description":"Delete an instance of 'DynamicSystemStrings' with the specified id.","responses":{"200":{"description":"successful operation"}},"parameters":[],"tags":["DynamicSystemStrings"],"consumes":["application/json","application/xml"]}},"/DynamicSystemStrings":{"post":{"produces":["application/json","application/xml"],"description":"Create an instance of 'DynamicSystemStrings' with the given payload of type 'DynamicSystemString' in JSON format.","responses":{"200":{"description":"successful operation"}},"parameters":[{"schema":{"$ref":"#/definitions/DynamicSystemString"},"in":"body","name":"body"}],"tags":["DynamicSystemStrings"],"consumes":["application/json","application/xml"]},"get":{"produces":["application/json","application/xml"],"description":"Retrieve a collection of 'DynamicSystemStrings' with all or some selected properties in the given order by specifying the given filter condition.","responses":{"200":{"description":"successful operation"}},"parameters":[{"name":"FormID","type":"string"},{"name":"ItemID","type":"string"},{"name":"Colu","type":"string"}],"tags":["DynamicSystemStrings"],"consumes":["application/json","application/xml"]}}},"host":"slcdemo.cfapps.sap.hana.ondemand.com","schemes":"https","definitions":{"DynamicSystemString":{"type":"object","properties":{"ColumnID":{"type":"string"},"IsItalics":{"description":"BoYesNoEnum","type":"string","enum":["tYES","tNO"]},"IsBold":{"description":"BoYesNoEnum","type":"string","enum":["tYES","tNO"]},"FormID":{"type":"string"},"ItemID":{"type":"string"},"ItemString":{"type":"string"}}},"BoYesNoEnum":{"type":"string","enum":["tYES","tNO"]}},"swagger":"3.0","info":{"description":"This is a sample server Petstore server.","title":"Swagger For Service Layer","version":"1.0.0"},"tags":[{"name":"DynamicSystemStrings","description":"This entity enables you to manipulate 'DynamicSystemStrings' and enables modifying a field name and format in the interface to match the terms used in your company."}]}