{"basePath":"/b1s/v1/","paths":{"/ElectronicFileFormats":{"post":{"produces":["application/json","application/xml"],"description":"Create an instance of 'ElectronicFileFormats' with the given payload of type 'ElectronicFileFormat' in JSON format.","responses":{"200":{"description":"successful operation"}},"parameters":[{"schema":{"$ref":"#/definitions/ElectronicFileFormat"},"in":"body","name":"body"}],"tags":["ElectronicFileFormats"],"consumes":["application/json","application/xml"]},"get":{"produces":["application/json","application/xml"],"description":"Retrieve a collection of 'ElectronicFileFormats' with all or some selected properties in the given order by specifying the given filter condition.","responses":{"200":{"description":"successful operation"}},"parameters":[{"name":"FormatID","type":"string"},{"name":"Name","type":"string"},{"name":"Descrip","type":"string"}],"tags":["ElectronicFileFormats"],"consumes":["application/json","application/xml"]}},"/ElectronicFileFormats(id)":{"patch":{"produces":["application/json","application/xml"],"description":"Update an instance of 'ElectronicFileFormats' with the given payload of type 'ElectronicFileFormat' in JSON format and with the specified id.","responses":{"200":{"description":"successful operation"}},"parameters":[{"schema":{"$ref":"#/definitions/ElectronicFileFormat"},"in":"body","name":"body"}],"tags":["ElectronicFileFormats"],"consumes":["application/json","application/xml"]},"get":{"produces":["application/json","application/xml"],"description":"Retrieve all or some selected properties from an instance of 'ElectronicFileFormats' with the given id.","responses":{"200":{"description":"successful operation"}},"parameters":[{"name":"FormatID","type":"string"},{"name":"Name","type":"string"},{"name":"Description","type":"string"}],"tags":["ElectronicFileFormats"],"consumes":["application/json","application/xml"]},"delete":{"produces":["application/json","application/xml"],"description":"Delete an instance of 'ElectronicFileFormats' with the specified id.","responses":{"200":{"description":"successful operation"}},"parameters":[],"tags":["ElectronicFileFormats"],"consumes":["application/json","application/xml"]}}},"host":"slcdemo.cfapps.sap.hana.ondemand.com","schemes":"https","definitions":{"ElectronicFileFormat":{"type":"object","properties":{"MenuName":{"type":"string"},"Description":{"type":"string"},"SchemaVersion":{"type":"string"},"Version":{"type":"string"},"OutputFilePath":{"type":"string"},"FormatID":{"type":"integer"},"Name":{"type":"string"},"MenuPath":{"type":"string"}}}},"swagger":"3.0","info":{"description":"This is a sample server Petstore server.","title":"Swagger For Service Layer","version":"1.0.0"},"tags":[{"name":"ElectronicFileFormats","description":"This entity enables you to manipulate 'ElectronicFileFormats'. It depends on EFM runtime."}]}