{"basePath":"/b1s/v1/","paths":{"/ElectronicCommunicationActionsService_DeleteEcmAction":{"post":{"produces":["application/json","application/xml"],"description":"Invoke the method 'DeleteEcmAction' on this service by specifying the payload 'EcmAction' in the JSON format.","responses":{"200":{"description":"successful operation"}},"parameters":[{"schema":{"$ref":"#/definitions/DynamicSystemString"},"in":"body","name":"body"}],"tags":["ElectronicCommunicationActionsService"],"consumes":["application/json","application/xml"]}},"/ElectronicCommunicationActionsService_GetEcmActionLogList":{"post":{"produces":["application/json","application/xml"],"description":"Invoke the method 'GetEcmActionLogList' on this service by specifying the payload 'EcmAction' in the JSON format.","responses":{"200":{"description":"successful operation"}},"parameters":[{"schema":{"$ref":"#/definitions/DynamicSystemString"},"in":"body","name":"body"}],"tags":["ElectronicCommunicationActionsService"],"consumes":["application/json","application/xml"]}},"/ElectronicCommunicationActionsService_GetEcmActionLog":{"post":{"produces":["application/json","application/xml"],"description":"Invoke the method 'GetEcmActionLog' on this service by specifying the payload 'EcmActionLogParams' in the JSON format.","responses":{"200":{"description":"successful operation"}},"parameters":[{"schema":{"$ref":"#/definitions/DynamicSystemString"},"in":"body","name":"body"}],"tags":["ElectronicCommunicationActionsService"],"consumes":["application/json","application/xml"]}},"/ElectronicCommunicationActionsService_GetEcmAction":{"post":{"produces":["application/json","application/xml"],"description":"Invoke the method 'GetEcmAction' on this service by specifying the payload 'EcmActionParams' in the JSON format.","responses":{"200":{"description":"successful operation"}},"parameters":[{"schema":{"$ref":"#/definitions/DynamicSystemString"},"in":"body","name":"body"}],"tags":["ElectronicCommunicationActionsService"],"consumes":["application/json","application/xml"]}},"/ElectronicCommunicationActionsService_UpdateEcmAction":{"post":{"produces":["application/json","application/xml"],"description":"Invoke the method 'UpdateEcmAction' on this service by specifying the payload 'EcmAction' in the JSON format.","responses":{"200":{"description":"successful operation"}},"parameters":[{"schema":{"$ref":"#/definitions/DynamicSystemString"},"in":"body","name":"body"}],"tags":["ElectronicCommunicationActionsService"],"consumes":["application/json","application/xml"]}},"/ElectronicCommunicationActionsService_GetEcmActionByDoc":{"post":{"produces":["application/json","application/xml"],"description":"Invoke the method 'GetEcmActionByDoc' on this service by specifying the payload 'EcmActionDocParams' in the JSON format.","responses":{"200":{"description":"successful operation"}},"parameters":[{"schema":{"$ref":"#/definitions/DynamicSystemString"},"in":"body","name":"body"}],"tags":["ElectronicCommunicationActionsService"],"consumes":["application/json","application/xml"]}},"/ElectronicCommunicationActionsService_AddEcmAction":{"post":{"produces":["application/json","application/xml"],"description":"Invoke the method 'AddEcmAction' on this service by specifying the payload 'EcmAction' in the JSON format.","responses":{"200":{"description":"successful operation"}},"parameters":[{"schema":{"$ref":"#/definitions/DynamicSystemString"},"in":"body","name":"body"}],"tags":["ElectronicCommunicationActionsService"],"consumes":["application/json","application/xml"]}},"/ElectronicCommunicationActionsService_AddEcmActionLog":{"post":{"produces":["application/json","application/xml"],"description":"Invoke the method 'AddEcmActionLog' on this service by specifying the payload 'EcmActionLog' in the JSON format.","responses":{"200":{"description":"successful operation"}},"parameters":[{"schema":{"$ref":"#/definitions/DynamicSystemString"},"in":"body","name":"body"}],"tags":["ElectronicCommunicationActionsService"],"consumes":["application/json","application/xml"]}}},"host":"slcdemo.cfapps.sap.hana.ondemand.com","schemes":"https","definitions":{"EcmActionStatusEnum":{"type":"string","enum":["lasWaiting","lasNone","lasQueued","lasSent","lasInProcess","lasError","lasDocError","lasNew","lasRejected","lasDenied","lasAborted","lasAuthorized","lasCanceled","lasPending","lasOK"]},"EcmAction":{"type":"object","properties":{"Status":{"$ref":"#/definitions/EcmActionStatusEnum"},"DocumentBatch":{"type":"string"},"SourceObject":{"type":"integer"},"PeriodType":{"$ref":"#/definitions/EcmActionPeriodTypeEnum"},"IsRemoved":{"$ref":"#/definitions/BoYesNoEnum"},"PeriodYear":{"type":"integer"},"Description":{"type":"string"},"Message":{"type":"string"},"ObjectID":{"type":"string"},"PeriodDateTo":{"type":"string"},"SourceType":{"type":"string"},"ReportID":{"type":"string"},"DocumentBatchLine":{"type":"integer"},"AssignedID":{"type":"string"},"BusinessPlace":{"type":"integer"},"IsCanceled":{"$ref":"#/definitions/BoYesNoEnum"},"ActionID":{"type":"integer"},"Type":{"$ref":"#/definitions/EcmActionTypeEnum"},"PeriodDateFrom":{"type":"string"},"Environment":{"type":"integer"},"PeriodNumber":{"type":"integer"},"Protocol":{"type":"string"},"Submits":{"type":"integer"}}},"EcmActionLog":{"type":"object","properties":{"ActionID":{"type":"integer"},"Type":{"$ref":"#/definitions/EcmActionLogTypeEnum"},"Message":{"type":"string"},"LogTime":{"type":"integer"},"Data":{"type":"string"},"LogID":{"type":"integer"},"LogDate":{"type":"string"}}},"EcmActionLogTypeEnum":{"type":"string","enum":["altReceive","altWarning","altImport","altSend","altError","altNote"]},"EcmActionLogParams":{"type":"object","properties":{"ActionID":{"type":"integer"},"LogID":{"type":"integer"}}},"EcmActionTypeEnum":{"type":"string","enum":["latDraft","latBpCheck","latNone","latOther","latDocumentAR","latContingency","latDocumentAP","latReport","latSkip","latSetup"]},"EcmActionParams":{"type":"object","properties":{"ActionID":{"type":"integer"}}},"EcmActionDocParams":{"type":"object","properties":{"SourceObject":{"type":"integer"},"SourceType":{"type":"string"},"Protocol":{"type":"string"}}},"EcmActionPeriodTypeEnum":{"type":"string","enum":["aptYear","aptDateRange","aptQuarter","aptMonth"]},"DynamicSystemString":{"type":"object","properties":{}},"BoYesNoEnum":{"type":"string","enum":["tYES","tNO"]}},"swagger":"3.0","info":{"description":"This is a sample server Petstore server.","title":"Swagger For Service Layer","version":"1.0.0"},"tags":[{"name":"ElectronicCommunicationActionsService","description":"This API enables you to invoke the interfaces defined on 'ElectronicCommunicationActionsService'. This API depends on EFM runtime."}]}