{"basePath":"/b1s/v1/","paths":{"/ElectronicCommunicationActionService_UpdateAction":{"post":{"produces":["application/json","application/xml"],"description":"Invoke the method 'UpdateAction' on this service by specifying the payload 'ECMActionStatusData' in the JSON format.","responses":{"200":{"description":"successful operation"}},"parameters":[{"schema":{"$ref":"#/definitions/DynamicSystemString"},"in":"body","name":"body"}],"tags":["ElectronicCommunicationActionService"],"consumes":["application/json","application/xml"]}},"/ElectronicCommunicationActionService_ReportErrorAndContinue":{"post":{"produces":["application/json","application/xml"],"description":"Invoke the method 'ReportErrorAndContinue' on this service by specifying the payload 'ECMCodeParams' in the JSON format.","responses":{"200":{"description":"successful operation"}},"parameters":[{"schema":{"$ref":"#/definitions/DynamicSystemString"},"in":"body","name":"body"}],"tags":["ElectronicCommunicationActionService"],"consumes":["application/json","application/xml"]}},"/ElectronicCommunicationActionService_ReportErrorAndStop":{"post":{"produces":["application/json","application/xml"],"description":"Invoke the method 'ReportErrorAndStop' on this service by specifying the payload 'ECMCodeParams' in the JSON format.","responses":{"200":{"description":"successful operation"}},"parameters":[{"schema":{"$ref":"#/definitions/DynamicSystemString"},"in":"body","name":"body"}],"tags":["ElectronicCommunicationActionService"],"consumes":["application/json","application/xml"]}},"/ElectronicCommunicationActionService_GetAction":{"post":{"produces":["application/json","application/xml"],"description":"Invoke the method 'GetAction' on this service by specifying the payload 'ECMCodeParams' in the JSON format.","responses":{"200":{"description":"successful operation"}},"parameters":[{"schema":{"$ref":"#/definitions/DynamicSystemString"},"in":"body","name":"body"}],"tags":["ElectronicCommunicationActionService"],"consumes":["application/json","application/xml"]}},"/ElectronicCommunicationActionService_ConfirmSuccessOfCommunication":{"post":{"produces":["application/json","application/xml"],"description":"Invoke the method 'ConfirmSuccessOfCommunication' on this service by specifying the payload 'ECMCodeParams' in the JSON format.","responses":{"200":{"description":"successful operation"}},"parameters":[{"schema":{"$ref":"#/definitions/DynamicSystemString"},"in":"body","name":"body"}],"tags":["ElectronicCommunicationActionService"],"consumes":["application/json","application/xml"]}}},"host":"slcdemo.cfapps.sap.hana.ondemand.com","schemes":"https","definitions":{"ECMActionStatusData":{"type":"object","properties":{"ReportID":{"type":"string"},"ReceivDate":{"type":"string"},"AbsEntry":{"type":"integer"},"ActMessage":{"type":"string"},"ActStatus":{"$ref":"#/definitions/EcmActionStatusEnum"}}},"EcmActionStatusEnum":{"type":"string","enum":["lasWaiting","lasNone","lasQueued","lasSent","lasInProcess","lasError","lasDocError","lasNew","lasRejected","lasDenied","lasAborted","lasAuthorized","lasCanceled","lasPending","lasOK"]},"ECMCodeParams":{"type":"object","properties":{"AbsEntry":{"type":"integer"}}},"DynamicSystemString":{"type":"object","properties":{}}},"swagger":"3.0","info":{"description":"This is a sample server Petstore server.","title":"Swagger For Service Layer","version":"1.0.0"},"tags":[{"name":"ElectronicCommunicationActionService","description":"This API enables you to invoke the interfaces defined on 'ElectronicCommunicationActionService'. This API is deprecated while 'ElectronicCommunicationActionsService' is recommeded. "}]}