{"basePath":"/b1s/v1/","paths":{"/EmailGroups":{"post":{"produces":["application/json","application/xml"],"description":"Create an instance of 'EmailGroups' with the given payload of type 'EmailGroup' in JSON format.","responses":{"200":{"description":"successful operation"}},"parameters":[{"schema":{"$ref":"#/definitions/EmailGroup"},"in":"body","name":"body"}],"tags":["EmailGroups"],"consumes":["application/json","application/xml"]},"get":{"produces":["application/json","application/xml"],"description":"Retrieve a collection of 'EmailGroups' with all or some selected properties in the given order by specifying the given filter condition.","responses":{"200":{"description":"successful operation"}},"parameters":[{"name":"EmailGroupCode","type":"string"},{"name":"EmailGroup","type":"string"}],"tags":["EmailGroups"],"consumes":["application/json","application/xml"]}},"/EmailGroups(id)":{"patch":{"produces":["application/json","application/xml"],"description":"Update an instance of 'EmailGroups' with the given payload of type 'EmailGroup' in JSON format and with the specified id.","responses":{"200":{"description":"successful operation"}},"parameters":[{"schema":{"$ref":"#/definitions/EmailGroup"},"in":"body","name":"body"}],"tags":["EmailGroups"],"consumes":["application/json","application/xml"]},"get":{"produces":["application/json","application/xml"],"description":"Retrieve all or some selected properties from an instance of 'EmailGroups' with the given id.","responses":{"200":{"description":"successful operation"}},"parameters":[{"name":"EmailGroupCode","type":"string"},{"name":"EmailGroupName","type":"string"}],"tags":["EmailGroups"],"consumes":["application/json","application/xml"]},"delete":{"produces":["application/json","application/xml"],"description":"Delete an instance of 'EmailGroups' with the specified id.","responses":{"200":{"description":"successful operation"}},"parameters":[],"tags":["EmailGroups"],"consumes":["application/json","application/xml"]}}},"host":"slcdemo.cfapps.sap.hana.ondemand.com","schemes":"https","definitions":{"EmailGroup":{"type":"object","properties":{"EmailGroupName":{"type":"string"},"EmailGroupCode":{"type":"string"}}}},"swagger":"3.0","info":{"description":"This is a sample server Petstore server.","title":"Swagger For Service Layer","version":"1.0.0"},"tags":[{"name":"EmailGroups","description":"This entity enables you to manipulate 'EmailGroups'."}]}