{"basePath":"/b1s/v1/","paths":{"/EmployeeTransfersService_GetEmployeeTransferList":{"post":{"produces":["application/json","application/xml"],"description":"Invoke the method 'GetEmployeeTransferList' on this service.","responses":{"200":{"description":"successful operation"}},"parameters":[{"schema":{"$ref":"#/definitions/EmployeeTransfer"},"in":"body","name":"body"}],"tags":["EmployeeTransfersService"],"consumes":["application/json","application/xml"]}}},"host":"slcdemo.cfapps.sap.hana.ondemand.com","schemes":"https","definitions":{"EmployeeTransfer":{"type":"object","properties":{}}},"swagger":"3.0","info":{"description":"This is a sample server Petstore server.","title":"Swagger For Service Layer","version":"1.0.0"},"tags":[{"name":"EmployeeTransfersService","description":"This API enables you to invoke the interfaces defined on 'EmployeeTransfersService'."}]}