{"basePath":"/b1s/v1/","paths":{"/EmployeesInfo(id)/Close":{"post":{"produces":["application/json","application/xml"],"description":"Invoke the method 'Close' on this EntitySet with the specified id.","responses":{"200":{"description":"successful operation"}},"parameters":[{"schema":{"$ref":"#/definitions/EmployeeInfo"},"in":"body","name":"body"}],"tags":["EmployeesInfo"],"consumes":["application/json","application/xml"]}},"/EmployeesInfo":{"post":{"produces":["application/json","application/xml"],"description":"Create an instance of 'EmployeesInfo' with the given payload of type 'EmployeeInfo' in JSON format.","responses":{"200":{"description":"successful operation"}},"parameters":[{"schema":{"$ref":"#/definitions/EmployeeInfo"},"in":"body","name":"body"}],"tags":["EmployeesInfo"],"consumes":["application/json","application/xml"]},"get":{"produces":["application/json","application/xml"],"description":"Retrieve a collection of 'EmployeesInfo' with all or some selected properties in the given order by specifying the given filter condition.","responses":{"200":{"description":"successful operation"}},"parameters":[{"name":"EmployeeID","type":"string"},{"name":"LastName","type":"string"},{"name":"First","type":"string"}],"tags":["EmployeesInfo"],"consumes":["application/json","application/xml"]}},"/EmployeesInfo(id)":{"patch":{"produces":["application/json","application/xml"],"description":"Update an instance of 'EmployeesInfo' with the given payload of type 'EmployeeInfo' in JSON format and with the specified id.","responses":{"200":{"description":"successful operation"}},"parameters":[{"schema":{"$ref":"#/definitions/EmployeeInfo"},"in":"body","name":"body"}],"tags":["EmployeesInfo"],"consumes":["application/json","application/xml"]},"get":{"produces":["application/json","application/xml"],"description":"Retrieve all or some selected properties from an instance of 'EmployeesInfo' with the given id.","responses":{"200":{"description":"successful operation"}},"parameters":[{"name":"EmployeeID","type":"string"},{"name":"LastName","type":"string"},{"name":"FirstName","type":"string"}],"tags":["EmployeesInfo"],"consumes":["application/json","application/xml"]},"delete":{"produces":["application/json","application/xml"],"description":"Delete an instance of 'EmployeesInfo' with the specified id.","responses":{"200":{"description":"successful operation"}},"parameters":[],"tags":["EmployeesInfo"],"consumes":["application/json","application/xml"]}},"/EmployeesInfo(id)/Cancel":{"post":{"produces":["application/json","application/xml"],"description":"Invoke the method 'Cancel' on this EntitySet with the specified id.","responses":{"200":{"description":"successful operation"}},"parameters":[{"schema":{"$ref":"#/definitions/EmployeeInfo"},"in":"body","name":"body"}],"tags":["EmployeesInfo"],"consumes":["application/json","application/xml"]}}},"host":"slcdemo.cfapps.sap.hana.ondemand.com","schemes":"https","definitions":{"BoGenderTypes":{"type":"string","enum":["gt_Undefined","gt_Male","gt_Female"]},"EmployeePreviousEmpoymentInfo":{"type":"object","properties":{"LineNum":{"type":"integer"},"Position":{"type":"string"},"Remarks":{"type":"string"},"Employer":{"type":"string"},"EmployeeNo":{"type":"integer"},"ToDate":{"type":"string"},"FromDtae":{"type":"string"}}},"BoMeritalStatuses":{"type":"string","enum":["mts_Married","mts_Widowed","mts_Single","mts_Divorced"]},"EmployeePaymentMethodEnum":{"type":"string","enum":["epm_None","epm_BankTransfer"]},"EmployeeSavingsPaymentInfo":{"type":"object","properties":{"BankName":{"type":"string"},"LineNum":{"type":"integer"},"PaymentNotes":{"type":"string"},"ANcurrency":{"type":"string"},"AG":{"type":"number"},"BankCode":{"type":"string"},"BankAccount":{"type":"string"},"AGcurrency":{"type":"string"},"Sequence":{"$ref":"#/definitions/ContractSequenceEnum"},"EmployeeID":{"type":"integer"},"AN":{"type":"number"},"ContractName":{"type":"string"}}},"EmployeeAbsenceInfo":{"type":"object","properties":{"LineNum":{"type":"integer"},"ApprovedBy":{"type":"string"},"FromDate":{"type":"string"},"ToDate":{"type":"string"},"EmployeeID":{"type":"integer"},"ConfirmerNumber":{"type":"integer"},"Reason":{"type":"string"}}},"EmployeeEducationInfo":{"type":"object","properties":{"LineNum":{"type":"integer"},"Major":{"type":"string"},"Diploma":{"type":"string"},"EducationType":{"type":"integer"},"Institute":{"type":"string"},"EmployeeNo":{"type":"integer"},"FromDate":{"type":"string"},"ToDate":{"type":"string"}}},"BoSalaryCostUnits":{"type":"string","enum":["scu_Year","scu_Biweekly","scu_Hour","scu_Semimonthly","scu_Week","scu_Month","scu_Day"]},"EmployeeBranchAssignmentItem":{"type":"object","properties":{"EmployeeID":{"type":"integer"},"BPLID":{"type":"integer"}}},"EmployeeExemptionUnitEnum":{"type":"string","enum":["eeu_None","eeu_Yearly","eeu_Daily","eeu_Monthly","eeu_Weekly"]},"BoYesNoEnum":{"type":"string","enum":["tYES","tNO"]},"EmployeeRolesInfo":{"type":"object","properties":{"LineNum":{"type":"integer"},"EmployeeID":{"type":"integer"},"RoleID":{"type":"integer"}}},"EmployeeReviewsInfo":{"type":"object","properties":{"ReviewDescription":{"type":"string"},"LineNum":{"type":"integer"},"Remarks":{"type":"string"},"EmployeeNo":{"type":"integer"},"Grade":{"type":"string"},"Manager":{"type":"integer"},"Date":{"type":"string"}}},"SPEDContabilQualificationCodeEnum":{"type":"string","enum":["spedAdministradorJudicialPessoaJuridicaProfissionalResponsavel","spedGestorJudicial","spedAdministradorJudicialGestor","spedLiquidante","spedAdministrador","spedDiretor","spedInterventor","spedEmpresario","spedAdministradorDeSociedadeFiliada","spedAdministradorDoGrupo","spedAdministradorJudicialPessoaFisica","spedOutros","spedConselheiroDeAdministracao","spedContador","spedNA","spedInventariante","spedProcurador"]},"ContractSequenceEnum":{"type":"string","enum":["cs_Monthly","cs_SemiAnnually","cs_Quarterly","cs_Yearly"]},"EmployeeInfo":{"type":"object","properties":{"BankName":{"type":"string"},"WorkCountryCode":{"type":"string"},"BirthPlace":{"type":"string"},"BankBranchNum":{"type":"string"},"VacationPreviousYear":{"type":"integer"},"WorkBlock":{"type":"string"},"Gender":{"description":"BoGenderTypes","type":"string","enum":["gt_Undefined","gt_Male","gt_Female"]},"RoleID":{"type":"integer"},"LegalRepresentative":{"description":"BoYesNoEnum","type":"string","enum":["tYES","tNO"]},"eMail":{"type":"string"},"WorkCounty":{"type":"string"},"LineNum":{"type":"integer"},"Department":{"type":"integer"},"CompanyNumber":{"type":"string"},"CRCNumber":{"type":"string"},"Picture":{"type":"string"},"ExternalEmployeeNumber":{"type":"string"},"SpouseFirstName":{"type":"string"},"DeviatingBankAccountOwner":{"description":"BoYesNoEnum","type":"string","enum":["tYES","tNO"]},"DateOfBirth":{"type":"string"},"DIRFResponsible":{"description":"BoYesNoEnum","type":"string","enum":["tYES","tNO"]},"HomeZipCode":{"type":"string"},"Position":{"type":"string"},"Employer":{"type":"string"},"AG":{"type":"number"},"HealthInsuranceName":{"type":"string"},"AN":{"type":"number"},"SpouseSurname":{"type":"string"},"TaxOfficeNumber":{"type":"string"},"EmployeeCosts":{"type":"number"},"PRWebAccess":{"description":"BoYesNoEnum","type":"string","enum":["tYES","tNO"]},"ApprovedBy":{"type":"string"},"Pager":{"type":"string"},"BankCodeForDATEV":{"type":"string"},"FromDate":{"type":"string"},"EmployeeSavingsPaymentInfoLines":{"type":"array","items":{"$ref":"#/definitions/EmployeeSavingsPaymentInfo"}},"FromDtae":{"type":"string"},"SalaryCurrency":{"type":"string"},"PaymentNotes":{"type":"string"},"AdditionalAmount":{"type":"number"},"EducationType":{"type":"integer"},"STDCode":{"type":"integer"},"JobTitle":{"type":"string"},"EmployeeReviewsInfoLines":{"type":"array","items":{"$ref":"#/definitions/EmployeeReviewsInfo"}},"AdditionalUnit":{"description":"EmployeeExemptionUnitEnum","type":"string","enum":["eeu_None","eeu_Yearly","eeu_Daily","eeu_Monthly","eeu_Weekly"]},"Institute":{"type":"string"},"EmployeeCostsCurrency":{"type":"string"},"VacationCurrentYear":{"type":"integer"},"HealthInsuranceType":{"type":"string"},"ProfessionStatus":{"type":"string"},"MunicipalityKey":{"type":"string"},"ApplicationUserID":{"type":"integer"},"FirstName":{"type":"string"},"TerminationDate":{"type":"string"},"PassportIssueDate":{"type":"string"},"Religion":{"type":"string"},"SalesPersonCode":{"type":"integer"},"BankCode":{"type":"string"},"BankAccount":{"type":"string"},"TaxClass":{"type":"string"},"TaxOfficeName":{"type":"string"},"PreviousPRWebAccess":{"description":"BoYesNoEnum","type":"string","enum":["tYES","tNO"]},"EmployeeCostUnit":{"description":"BoSalaryCostUnits","type":"string","enum":["scu_Year","scu_Biweekly","scu_Hour","scu_Semimonthly","scu_Week","scu_Month","scu_Day"]},"EmployeeRolesInfoLines":{"type":"array","items":{"$ref":"#/definitions/EmployeeRolesInfo"}},"AccountantResponsible":{"description":"BoYesNoEnum","type":"string","enum":["tYES","tNO"]},"HomePhone":{"type":"string"},"CPF":{"type":"string"},"ToDate":{"type":"string"},"SocialInsuranceNumber":{"type":"string"},"OfficePhone":{"type":"string"},"EducationStatus":{"type":"string"},"EmployeeEducationInfoLines":{"type":"array","items":{"$ref":"#/definitions/EmployeeEducationInfo"}},"IdNumber":{"type":"string"},"QualificationCode":{"description":"SPEDContabilQualificationCodeEnum","type":"string","enum":["spedAdministradorJudicialPessoaJuridicaProfissionalResponsavel","spedGestorJudicial","spedAdministradorJudicialGestor","spedLiquidante","spedAdministrador","spedDiretor","spedInterventor","spedEmpresario","spedAdministradorDeSociedadeFiliada","spedAdministradorDoGrupo","spedAdministradorJudicialPessoaFisica","spedOutros","spedConselheiroDeAdministracao","spedContador","spedNA","spedInventariante","spedProcurador"]},"PassportIssuer":{"type":"string"},"Manager":{"type":"integer"},"StatusCode":{"type":"integer"},"IDType":{"type":"string"},"MobilePhone":{"type":"string"},"PassportExpirationDate":{"type":"string"},"EmployeePreviousEmpoymentInfoLines":{"type":"array","items":{"$ref":"#/definitions/EmployeePreviousEmpoymentInfo"}},"StartDate":{"type":"string"},"ReviewDescription":{"type":"string"},"Remarks":{"type":"string"},"HomeCounty":{"type":"string"},"PartnerReligion":{"type":"string"},"ConfirmerNumber":{"type":"integer"},"EmployeeAbsenceInfoLines":{"type":"array","items":{"$ref":"#/definitions/EmployeeAbsenceInfo"}},"BPLID":{"type":"integer"},"HomeStreet":{"type":"string"},"Grade":{"type":"string"},"Sequence":{"description":"ContractSequenceEnum","type":"string","enum":["cs_Monthly","cs_SemiAnnually","cs_Quarterly","cs_Yearly"]},"WorkZipCode":{"type":"string"},"TreminationReason":{"type":"integer"},"PersonGroup":{"type":"string"},"Active":{"description":"BoYesNoEnum","type":"string","enum":["tYES","tNO"]},"PassportNumber":{"type":"string"},"PaymentMethod":{"description":"EmployeePaymentMethodEnum","type":"string","enum":["epm_None","epm_BankTransfer"]},"LastName":{"type":"string"},"EmployeeID":{"type":"integer"},"OfficeExtension":{"type":"string"},"MartialStatus":{"description":"BoMeritalStatuses","type":"string","enum":["mts_Married","mts_Widowed","mts_Single","mts_Divorced"]},"CountryOfBirth":{"type":"string"},"WorkBuildingFloorRoom":{"type":"string"},"Salary":{"type":"number"},"WorkStateCode":{"type":"string"},"AdditionalCurrency":{"type":"string"},"WorkStreet":{"type":"string"},"IncomeTaxLiability":{"type":"string"},"Reason":{"type":"string"},"ExemptionUnit":{"description":"EmployeeExemptionUnitEnum","type":"string","enum":["eeu_None","eeu_Yearly","eeu_Daily","eeu_Monthly","eeu_Weekly"]},"NumOfChildren":{"type":"integer"},"CitizenshipCountryCode":{"type":"string"},"HomeStreetNumber":{"type":"string"},"Branch":{"type":"integer"},"HomeState":{"type":"string"},"HomeBlock":{"type":"string"},"WorkCity":{"type":"string"},"AGcurrency":{"type":"string"},"SalaryUnit":{"description":"BoSalaryCostUnits","type":"string","enum":["scu_Year","scu_Biweekly","scu_Hour","scu_Semimonthly","scu_Week","scu_Month","scu_Day"]},"HomeCity":{"type":"string"},"HomeCountry":{"type":"string"},"ExemptionAmount":{"type":"number"},"EmployeeBranchAssignment":{"type":"array","items":{"$ref":"#/definitions/EmployeeBranchAssignmentItem"}},"AttachmentEntry":{"type":"integer"},"MiddleName":{"type":"string"},"Date":{"type":"string"},"EmployeeType":{"type":"integer"},"WorkStreetNumber":{"type":"string"},"ContractName":{"type":"string"},"BankBranch":{"type":"string"},"Major":{"type":"string"},"Diploma":{"type":"string"},"ANcurrency":{"type":"string"},"HealthInsuranceCode":{"type":"string"},"JobTitleCode":{"type":"string"},"ExemptionCurrency":{"type":"string"},"CRCState":{"type":"string"},"HomeBuildingFloorRoom":{"type":"string"},"CostCenterCode":{"type":"string"},"EmployeeNo":{"type":"integer"},"Fax":{"type":"string"}}}},"swagger":"3.0","info":{"description":"This is a sample server Petstore server.","title":"Swagger For Service Layer","version":"1.0.0"},"tags":[{"name":"EmployeesInfo","description":"This entity enables you to manipulate 'EmployeesInfo'."}]}