{"basePath":"/b1s/v1/","paths":{"/EmployeeTransfers":{"post":{"produces":["application/json","application/xml"],"description":"Create an instance of 'EmployeeTransfers' with the given payload of type 'EmployeeTransfer' in JSON format.","responses":{"200":{"description":"successful operation"}},"parameters":[{"schema":{"$ref":"#/definitions/EmployeeTransfer"},"in":"body","name":"body"}],"tags":["EmployeeTransfers"],"consumes":["application/json","application/xml"]},"get":{"produces":["application/json","application/xml"],"description":"Retrieve a collection of 'EmployeeTransfers' with all or some selected properties in the given order by specifying the given filter condition.","responses":{"200":{"description":"successful operation"}},"parameters":[{"name":"TransferID","type":"string"},{"name":"TransStartDate","type":"string"},{"name":"TransStart","type":"string"}],"tags":["EmployeeTransfers"],"consumes":["application/json","application/xml"]}},"/EmployeeTransfers(id)":{"patch":{"produces":["application/json","application/xml"],"description":"Update an instance of 'EmployeeTransfers' with the given payload of type 'EmployeeTransfer' in JSON format and with the specified id.","responses":{"200":{"description":"successful operation"}},"parameters":[{"schema":{"$ref":"#/definitions/EmployeeTransfer"},"in":"body","name":"body"}],"tags":["EmployeeTransfers"],"consumes":["application/json","application/xml"]},"get":{"produces":["application/json","application/xml"],"description":"Retrieve all or some selected properties from an instance of 'EmployeeTransfers' with the given id.","responses":{"200":{"description":"successful operation"}},"parameters":[{"name":"TransferID","type":"string"},{"name":"TransStartDate","type":"string"},{"name":"TransStartTime","type":"string"}],"tags":["EmployeeTransfers"],"consumes":["application/json","application/xml"]},"delete":{"produces":["application/json","application/xml"],"description":"Delete an instance of 'EmployeeTransfers' with the specified id.","responses":{"200":{"description":"successful operation"}},"parameters":[],"tags":["EmployeeTransfers"],"consumes":["application/json","application/xml"]}}},"host":"slcdemo.cfapps.sap.hana.ondemand.com","schemes":"https","definitions":{"EmployeeTransferStatusEnum":{"type":"string","enum":["ets_Processing","ets_Sent","ets_New","ets_Received","ets_Accepted","ets_Error"]},"EmployeeTransferDetail":{"type":"object","properties":{"Status":{"$ref":"#/definitions/EmployeeTransferProcessingStatusEnum"},"Comment":{"type":"string"},"TransferedTime":{"$ref":"#/definitions/Edm.Time"},"TransferedDate":{"type":"string"},"TransferID":{"type":"integer"},"EmployeeID":{"type":"integer"}}},"EmployeeTransferProcessingStatusEnum":{"type":"string","enum":["etps_Error","etps_New","etps_Sent","etps_Accepted"]},"EmployeeTransfer":{"type":"object","properties":{"TransEndTime":{"type":"array","items":{}},"Status":{"description":"EmployeeTransferProcessingStatusEnum","type":"string","enum":["etps_Error","etps_New","etps_Sent","etps_Accepted"]},"EmployeeTransferDetails":{"type":"array","items":{"$ref":"#/definitions/EmployeeTransferDetail"}},"Comment":{"type":"string"},"TransferedTime":{},"TransferedDate":{"type":"string"},"TransEndDate":{"type":"string"},"TransStartDate":{"type":"string"},"TransferID":{"type":"integer"},"EmployeeID":{"type":"integer"},"TransStartTime":{"type":"array","items":{}}}}},"swagger":"3.0","info":{"description":"This is a sample server Petstore server.","title":"Swagger For Service Layer","version":"1.0.0"},"tags":[{"name":"EmployeeTransfers","description":"This entity enables you to manipulate 'EmployeeTransfers'."}]}