{"basePath":"/b1s/v1/","paths":{"/EmployeeIDType":{"post":{"produces":["application/json","application/xml"],"description":"Create an instance of 'EmployeeIDType' with the given payload of type 'EmployeeIDType' in JSON format.","responses":{"200":{"description":"successful operation"}},"parameters":[{"schema":{"$ref":"#/definitions/EmployeeIDType"},"in":"body","name":"body"}],"tags":["EmployeeIDType"],"consumes":["application/json","application/xml"]},"get":{"produces":["application/json","application/xml"],"description":"Retrieve a collection of 'EmployeeIDType' with all or some selected properties in the given order by specifying the given filter condition.","responses":{"200":{"description":"successful operation"}},"parameters":[{"name":"ID","type":"string"}],"tags":["EmployeeIDType"],"consumes":["application/json","application/xml"]}},"/EmployeeIDType(id)":{"patch":{"produces":["application/json","application/xml"],"description":"Update an instance of 'EmployeeIDType' with the given payload of type 'EmployeeIDType' in JSON format and with the specified id.","responses":{"200":{"description":"successful operation"}},"parameters":[{"schema":{"$ref":"#/definitions/EmployeeIDType"},"in":"body","name":"body"}],"tags":["EmployeeIDType"],"consumes":["application/json","application/xml"]},"get":{"produces":["application/json","application/xml"],"description":"Retrieve all or some selected properties from an instance of 'EmployeeIDType' with the given id.","responses":{"200":{"description":"successful operation"}},"parameters":[{"name":"IDType","type":"string"}],"tags":["EmployeeIDType"],"consumes":["application/json","application/xml"]},"delete":{"produces":["application/json","application/xml"],"description":"Delete an instance of 'EmployeeIDType' with the specified id.","responses":{"200":{"description":"successful operation"}},"parameters":[],"tags":["EmployeeIDType"],"consumes":["application/json","application/xml"]}}},"host":"slcdemo.cfapps.sap.hana.ondemand.com","schemes":"https","definitions":{"EmployeeIDType":{"type":"object","properties":{"IDType":{"type":"string"}}}},"swagger":"3.0","info":{"description":"This is a sample server Petstore server.","title":"Swagger For Service Layer","version":"1.0.0"},"tags":[{"name":"EmployeeIDType","description":"This entity enables you to manipulate 'EmployeeIDType'."}]}