{"basePath":"/b1s/v1/","paths":{"/EmployeeRolesSetup":{"post":{"produces":["application/json","application/xml"],"description":"Create an instance of 'EmployeeRolesSetup' with the given payload of type 'EmployeeRoleSetup' in JSON format.","responses":{"200":{"description":"successful operation"}},"parameters":[{"schema":{"$ref":"#/definitions/EmployeeRoleSetup"},"in":"body","name":"body"}],"tags":["EmployeeRolesSetup"],"consumes":["application/json","application/xml"]},"get":{"produces":["application/json","application/xml"],"description":"Retrieve a collection of 'EmployeeRolesSetup' with all or some selected properties in the given order by specifying the given filter condition.","responses":{"200":{"description":"successful operation"}},"parameters":[{"name":"TypeID","type":"string"},{"name":"Name","type":"string"},{"name":"Descrip","type":"string"}],"tags":["EmployeeRolesSetup"],"consumes":["application/json","application/xml"]}},"/EmployeeRolesSetup(id)":{"patch":{"produces":["application/json","application/xml"],"description":"Update an instance of 'EmployeeRolesSetup' with the given payload of type 'EmployeeRoleSetup' in JSON format and with the specified id.","responses":{"200":{"description":"successful operation"}},"parameters":[{"schema":{"$ref":"#/definitions/EmployeeRoleSetup"},"in":"body","name":"body"}],"tags":["EmployeeRolesSetup"],"consumes":["application/json","application/xml"]},"get":{"produces":["application/json","application/xml"],"description":"Retrieve all or some selected properties from an instance of 'EmployeeRolesSetup' with the given id.","responses":{"200":{"description":"successful operation"}},"parameters":[{"name":"TypeID","type":"string"},{"name":"Name","type":"string"},{"name":"Description","type":"string"}],"tags":["EmployeeRolesSetup"],"consumes":["application/json","application/xml"]},"delete":{"produces":["application/json","application/xml"],"description":"Delete an instance of 'EmployeeRolesSetup' with the specified id.","responses":{"200":{"description":"successful operation"}},"parameters":[],"tags":["EmployeeRolesSetup"],"consumes":["application/json","application/xml"]}}},"host":"slcdemo.cfapps.sap.hana.ondemand.com","schemes":"https","definitions":{"EmployeeRoleSetup":{"type":"object","properties":{"TypeID":{"type":"integer"},"Description":{"type":"string"},"Name":{"type":"string"}}}},"swagger":"3.0","info":{"description":"This is a sample server Petstore server.","title":"Swagger For Service Layer","version":"1.0.0"},"tags":[{"name":"EmployeeRolesSetup","description":"This entity enables you to manipulate 'EmployeeRolesSetup'."}]}