{"basePath":"/b1s/v1/","paths":{"/EmployeePosition":{"post":{"produces":["application/json","application/xml"],"description":"Create an instance of 'EmployeePosition' with the given payload of type 'EmployeePosition' in JSON format.","responses":{"200":{"description":"successful operation"}},"parameters":[{"schema":{"$ref":"#/definitions/EmployeePosition"},"in":"body","name":"body"}],"tags":["EmployeePosition"],"consumes":["application/json","application/xml"]},"get":{"produces":["application/json","application/xml"],"description":"Retrieve a collection of 'EmployeePosition' with all or some selected properties in the given order by specifying the given filter condition.","responses":{"200":{"description":"successful operation"}},"parameters":[{"name":"PositionID","type":"string"},{"name":"Name","type":"string"},{"name":"Descrip","type":"string"}],"tags":["EmployeePosition"],"consumes":["application/json","application/xml"]}},"/EmployeePosition(id)":{"patch":{"produces":["application/json","application/xml"],"description":"Update an instance of 'EmployeePosition' with the given payload of type 'EmployeePosition' in JSON format and with the specified id.","responses":{"200":{"description":"successful operation"}},"parameters":[{"schema":{"$ref":"#/definitions/EmployeePosition"},"in":"body","name":"body"}],"tags":["EmployeePosition"],"consumes":["application/json","application/xml"]},"get":{"produces":["application/json","application/xml"],"description":"Retrieve all or some selected properties from an instance of 'EmployeePosition' with the given id.","responses":{"200":{"description":"successful operation"}},"parameters":[{"name":"PositionID","type":"string"},{"name":"Name","type":"string"},{"name":"Description","type":"string"}],"tags":["EmployeePosition"],"consumes":["application/json","application/xml"]},"delete":{"produces":["application/json","application/xml"],"description":"Delete an instance of 'EmployeePosition' with the specified id.","responses":{"200":{"description":"successful operation"}},"parameters":[],"tags":["EmployeePosition"],"consumes":["application/json","application/xml"]}}},"host":"slcdemo.cfapps.sap.hana.ondemand.com","schemes":"https","definitions":{"EmployeePosition":{"type":"object","properties":{"Description":{"type":"string"},"PositionID":{"type":"integer"},"Name":{"type":"string"}}}},"swagger":"3.0","info":{"description":"This is a sample server Petstore server.","title":"Swagger For Service Layer","version":"1.0.0"},"tags":[{"name":"EmployeePosition","description":"This entity enables you to manipulate 'EmployeePosition'."}]}