{"basePath":"/b1s/v1/","paths":{"/EnhancedDiscountGroups":{"post":{"produces":["application/json","application/xml"],"description":"Create an instance of 'EnhancedDiscountGroups' with the given payload of type 'EnhancedDiscountGroup' in JSON format.","responses":{"200":{"description":"successful operation"}},"parameters":[{"schema":{"$ref":"#/definitions/EnhancedDiscountGroup"},"in":"body","name":"body"}],"tags":["EnhancedDiscountGroups"],"consumes":["application/json","application/xml"]},"get":{"produces":["application/json","application/xml"],"description":"Retrieve a collection of 'EnhancedDiscountGroups' with all or some selected properties in the given order by specifying the given filter condition.","responses":{"200":{"description":"successful operation"}},"parameters":[{"name":"AbsEntry","type":"string"},{"name":"Type","type":"string"},{"name":"Object","type":"string"}],"tags":["EnhancedDiscountGroups"],"consumes":["application/json","application/xml"]}},"/EnhancedDiscountGroups(id)":{"patch":{"produces":["application/json","application/xml"],"description":"Update an instance of 'EnhancedDiscountGroups' with the given payload of type 'EnhancedDiscountGroup' in JSON format and with the specified id.","responses":{"200":{"description":"successful operation"}},"parameters":[{"schema":{"$ref":"#/definitions/EnhancedDiscountGroup"},"in":"body","name":"body"}],"tags":["EnhancedDiscountGroups"],"consumes":["application/json","application/xml"]},"get":{"produces":["application/json","application/xml"],"description":"Retrieve all or some selected properties from an instance of 'EnhancedDiscountGroups' with the given id.","responses":{"200":{"description":"successful operation"}},"parameters":[{"name":"AbsEntry","type":"string"},{"name":"Type","type":"string"},{"name":"ObjectCode","type":"string"}],"tags":["EnhancedDiscountGroups"],"consumes":["application/json","application/xml"]},"delete":{"produces":["application/json","application/xml"],"description":"Delete an instance of 'EnhancedDiscountGroups' with the specified id.","responses":{"200":{"description":"successful operation"}},"parameters":[],"tags":["EnhancedDiscountGroups"],"consumes":["application/json","application/xml"]}}},"host":"slcdemo.cfapps.sap.hana.ondemand.com","schemes":"https","definitions":{"DiscountGroupBaseObjectEnum":{"type":"string","enum":["dgboNone","dgboItemProperties","dgboItems","dgboItemGroups","dgboManufacturer"]},"EnhancedDiscountGroup":{"type":"object","properties":{"Discount":{"type":"number"},"MaximumFreeQuantity":{"type":"number"},"DiscountRelations":{"description":"DiscountGroupRelationsEnum","type":"string","enum":["dgrLowestDiscount","dgrMultipliedDiscount","dgrDiscountTotals","dgrHighestDiscount","dgrAverageDiscount"]},"DiscountGroupLineCollection":{"type":"array","items":{"$ref":"#/definitions/DiscountGroupLine"}},"AbsEntry":{"type":"integer"},"ObjectCode":{"type":"string"},"FreeQuantity":{"type":"number"},"ObjectType":{"description":"DiscountGroupBaseObjectEnum","type":"string","enum":["dgboNone","dgboItemProperties","dgboItems","dgboItemGroups","dgboManufacturer"]},"Type":{"description":"DiscountGroupTypeEnum","type":"string","enum":["dgt_AllBPs","dgt_CustomerGroup","dgt_SpecificBP","dgt_VendorGroup"]},"Active":{"description":"BoYesNoEnum","type":"string","enum":["tYES","tNO"]},"ValidTo":{"type":"string"},"DiscountType":{"description":"DiscountGroupDiscountTypeEnum","type":"string","enum":["dgdt_Fixed","dgdt_Variable"]},"ValidFrom":{"type":"string"},"PaidQuantity":{"type":"number"}}},"DiscountGroupTypeEnum":{"type":"string","enum":["dgt_AllBPs","dgt_CustomerGroup","dgt_SpecificBP","dgt_VendorGroup"]},"DiscountGroupRelationsEnum":{"type":"string","enum":["dgrLowestDiscount","dgrMultipliedDiscount","dgrDiscountTotals","dgrHighestDiscount","dgrAverageDiscount"]},"DiscountGroupDiscountTypeEnum":{"type":"string","enum":["dgdt_Fixed","dgdt_Variable"]},"DiscountGroupLine":{"type":"object","properties":{"FreeQuantity":{"type":"number"},"ObjectType":{"$ref":"#/definitions/DiscountGroupBaseObjectEnum"},"Discount":{"type":"number"},"MaximumFreeQuantity":{"type":"number"},"DiscountType":{"$ref":"#/definitions/DiscountGroupDiscountTypeEnum"},"AbsEntry":{"type":"integer"},"ObjectCode":{"type":"string"},"PaidQuantity":{"type":"number"}}},"BoYesNoEnum":{"type":"string","enum":["tYES","tNO"]}},"swagger":"3.0","info":{"description":"This is a sample server Petstore server.","title":"Swagger For Service Layer","version":"1.0.0"},"tags":[{"name":"EnhancedDiscountGroups","description":"This entity enables you to manipulate 'EnhancedDiscountGroups'."}]}