{"basePath":"/b1s/v1/","paths":{"/ExternalCallsService_GetCall":{"post":{"produces":["application/json","application/xml"],"description":"Invoke the method 'GetCall' on this service by specifying the payload 'ExternalCallParams' in the JSON format.","responses":{"200":{"description":"successful operation"}},"parameters":[{"schema":{"$ref":"#/definitions/ExtendedTranslation"},"in":"body","name":"body"}],"tags":["ExternalCallsService"],"consumes":["application/json","application/xml"]}},"/ExternalCallsService_SendCall":{"post":{"produces":["application/json","application/xml"],"description":"Invoke the method 'SendCall' on this service by specifying the payload 'ExternalCall' in the JSON format.","responses":{"200":{"description":"successful operation"}},"parameters":[{"schema":{"$ref":"#/definitions/ExtendedTranslation"},"in":"body","name":"body"}],"tags":["ExternalCallsService"],"consumes":["application/json","application/xml"]}},"/ExternalCallsService_UpdateCall":{"post":{"produces":["application/json","application/xml"],"description":"Invoke the method 'UpdateCall' on this service by specifying the payload 'ExternalCall' in the JSON format.","responses":{"200":{"description":"successful operation"}},"parameters":[{"schema":{"$ref":"#/definitions/ExtendedTranslation"},"in":"body","name":"body"}],"tags":["ExternalCallsService"],"consumes":["application/json","application/xml"]}}},"host":"slcdemo.cfapps.sap.hana.ondemand.com","schemes":"https","definitions":{"CallArgument":{"type":"object","properties":{"Value":{"type":"string"},"Name":{"type":"string"}}},"ExternalCallParams":{"type":"object","properties":{"ID":{"type":"integer"}}},"CallMessage":{"type":"object","properties":{"Status":{"$ref":"#/definitions/CallMessageStatusEnum"},"CreationDate":{"type":"string"},"Type":{"$ref":"#/definitions/CallMessageTypeEnum"},"CallMessageArguments":{"type":"array","items":{"$ref":"#/definitions/CallMessageArgument"}},"CreationTime":{"type":"integer"},"ID":{"type":"integer"},"ErrorCode":{"type":"string"},"MessageBody":{"type":"string"}}},"CallMessageTypeEnum":{"type":"string","enum":["cmtError","cmtInformation","cmtWarning"]},"CallMessageStatusEnum":{"type":"string","enum":["cmsRead","cmsUnread"]},"ExternalCallStatusEnum":{"type":"string","enum":["ecsFailed","ecsCompleted","ecsNew","ecsConfirmed","ecsInProcess"]},"ExternalCall":{"type":"object","properties":{"Status":{"$ref":"#/definitions/ExternalCallStatusEnum"},"CreationDate":{"type":"string"},"Category":{"type":"integer"},"LastUpdateTime":{"type":"integer"},"CallMessages":{"type":"array","items":{"$ref":"#/definitions/CallMessage"}},"CreationTime":{"type":"integer"},"CallArguments":{"type":"array","items":{"$ref":"#/definitions/CallArgument"}},"ID":{"type":"integer"},"LastUpdateUserCode":{"type":"string"},"LastUpdateDate":{"type":"string"}}},"CallMessageArgument":{"type":"object","properties":{"Value":{"type":"string"},"Name":{"type":"string"}}},"ExtendedTranslation":{"type":"object","properties":{}}},"swagger":"3.0","info":{"description":"This is a sample server Petstore server.","title":"Swagger For Service Layer","version":"1.0.0"},"tags":[{"name":"ExternalCallsService","description":"This API enables you to invoke the interfaces defined on 'ExternalCallsService'."}]}