{"basePath":"/b1s/v1/","paths":{"/ExternalReconciliationsService_GetReconciliationList":{"post":{"produces":["application/json","application/xml"],"description":"\n\t\t\t\t\tInvoke the method 'GetReconciliationList' on this service by specifying the payload 'ExternalReconciliationFilterParams' in the JSON format.\n\t\t\t\t\tIt returns the 'ExternalReconciliationsParamsCollection' data collection that identifies all eternal reconciliations with the optional filter payload.\n\t\t\t\t","responses":{"200":{"description":"successful operation"}},"parameters":[{"schema":{"$ref":"#/definitions/ExtendedTranslation"},"in":"body","name":"body"},{"schema":{"$ref":"#/definitions/ExtendedTranslation"},"in":"body","name":"body"}],"tags":["ExternalReconciliationsService"],"consumes":["application/json","application/xml"]}},"/ExternalReconciliationsService_CancelReconciliation":{"post":{"produces":["application/json","application/xml"],"description":"Invoke the method 'CancelReconciliation' on this service by specifying the payload 'ExternalReconciliationParams' in the JSON format.","responses":{"200":{"description":"successful operation"}},"parameters":[{"schema":{"$ref":"#/definitions/ExtendedTranslation"},"in":"body","name":"body"}],"tags":["ExternalReconciliationsService"],"consumes":["application/json","application/xml"]}},"/ExternalReconciliationsService_Reconcile":{"post":{"produces":["application/json","application/xml"],"description":"Invoke the method 'Reconcile' on this service by specifying the payload 'ExternalReconciliation' in the JSON format.","responses":{"200":{"description":"successful operation"}},"parameters":[{"schema":{"$ref":"#/definitions/ExtendedTranslation"},"in":"body","name":"body"}],"tags":["ExternalReconciliationsService"],"consumes":["application/json","application/xml"]}},"/ExternalReconciliationsService_GetReconciliation":{"post":{"produces":["application/json","application/xml"],"description":"\n\t\t\t\t\tInvoke the method 'GetReconciliation' on this service by specifying the payload 'ExternalReconciliationParams' in the JSON format. It retrieves an external reconciliation.\n\t\t\t\t","responses":{"200":{"description":"successful operation"}},"parameters":[{"schema":{"$ref":"#/definitions/ExtendedTranslation"},"in":"body","name":"body"}],"tags":["ExternalReconciliationsService"],"consumes":["application/json","application/xml"]}}},"host":"slcdemo.cfapps.sap.hana.ondemand.com","schemes":"https","definitions":{"ExternalReconciliationParams":{"type":"object","properties":{"AccountCode":{"type":"string"},"ReconciliationNo":{"type":"integer"}}},"ReconciliationAccountTypeEnum":{"type":"string","enum":["rat_BusinessPartner","rat_GLAccount"]},"ExternalReconciliation":{"type":"object","properties":{"CreationDate":{"type":"string"},"ReconciliationType":{"type":"string"},"ReconciliationAccountType":{"$ref":"#/definitions/ReconciliationAccountTypeEnum"},"ReconciliationDate":{"type":"string"},"Amount":{"type":"number"},"AccountCode":{"type":"string"},"ReconciliationNo":{"type":"integer"},"CurrencyType":{"type":"string"},"ReconciliationJournalEntryLines":{"type":"array","items":{"$ref":"#/definitions/ReconciliationJournalEntryLine"}},"ReconciliationBankStatementLines":{"type":"array","items":{"$ref":"#/definitions/ReconciliationBankStatementLine"}}}},"ReconciliationJournalEntryLine":{"type":"object","properties":{"TransactionNumber":{"type":"integer"},"Details":{"type":"string"},"PostingDate":{"type":"string"},"Ref3":{"type":"string"},"Ref1":{"type":"string"},"Ref2":{"type":"string"},"CreditAmount":{"type":"number"},"DueDate":{"type":"string"},"DebitAmount":{"type":"number"},"LineNumber":{"type":"integer"}}},"ExternalReconciliationFilterParams":{"type":"object","properties":{"ReconciliationNoTo":{"type":"integer"},"ReconciliationNoFrom":{"type":"integer"},"ReconciliationAccountType":{"$ref":"#/definitions/ReconciliationAccountTypeEnum"},"ReconciliationDateTo":{"type":"string"},"ReconciliationDateFrom":{"type":"string"},"AccountCodeTo":{"type":"string"},"AccountCodeFrom":{"type":"string"}}},"ReconciliationBankStatementLine":{"type":"object","properties":{"Details":{"type":"string"},"Amount":{"type":"number"},"Ref1":{"type":"string"},"Sequence":{"type":"integer"},"BankStatementAccountCode":{"type":"string"},"Date":{"type":"string"}}},"ExtendedTranslation":{"type":"object","properties":{}}},"swagger":"3.0","info":{"description":"This is a sample server Petstore server.","title":"Swagger For Service Layer","version":"1.0.0"},"tags":[{"name":"ExternalReconciliationsService","description":"This API enables you to invoke the interfaces defined on 'ExternalReconciliationsService'."}]}