{"basePath":"/b1s/v1/","paths":{"/ExtendedTranslations":{"post":{"produces":["application/json","application/xml"],"description":"Create an instance of 'ExtendedTranslations' with the given payload of type 'ExtendedTranslation' in JSON format.","responses":{"200":{"description":"successful operation"}},"parameters":[{"schema":{"$ref":"#/definitions/ExtendedTranslation"},"in":"body","name":"body"}],"tags":["ExtendedTranslations"],"consumes":["application/json","application/xml"]},"get":{"produces":["application/json","application/xml"],"description":"Retrieve a collection of 'ExtendedTranslations' with all or some selected properties in the given order by specifying the given filter condition.","responses":{"200":{"description":"successful operation"}},"parameters":[{"name":"DocEntry","type":"string"},{"name":"Categor","type":"string"}],"tags":["ExtendedTranslations"],"consumes":["application/json","application/xml"]}},"/ExtendedTranslations(id)":{"patch":{"produces":["application/json","application/xml"],"description":"Update an instance of 'ExtendedTranslations' with the given payload of type 'ExtendedTranslation' in JSON format and with the specified id.","responses":{"200":{"description":"successful operation"}},"parameters":[{"schema":{"$ref":"#/definitions/ExtendedTranslation"},"in":"body","name":"body"}],"tags":["ExtendedTranslations"],"consumes":["application/json","application/xml"]},"get":{"produces":["application/json","application/xml"],"description":"Retrieve all or some selected properties from an instance of 'ExtendedTranslations' with the given id.","responses":{"200":{"description":"successful operation"}},"parameters":[{"name":"DocEntry","type":"string"},{"name":"Category","type":"string"},{"name":"ID","type":"string"}],"tags":["ExtendedTranslations"],"consumes":["application/json","application/xml"]},"delete":{"produces":["application/json","application/xml"],"description":"Delete an instance of 'ExtendedTranslations' with the specified id.","responses":{"200":{"description":"successful operation"}},"parameters":[],"tags":["ExtendedTranslations"],"consumes":["application/json","application/xml"]}}},"host":"slcdemo.cfapps.sap.hana.ondemand.com","schemes":"https","definitions":{"ExtendedTranslation_ResultLine":{"type":"object","properties":{"LanguageCode":{"type":"integer"},"TranslatedText":{"type":"string"},"SubLineNumber":{"type":"integer"},"DocEntry":{"type":"integer"},"LineNumber":{"type":"integer"}}},"ExtendedTranslation_ItemLine":{"type":"object","properties":{"SlimType":{"type":"string"},"ItemCode":{"type":"string"},"ItemType":{"type":"string"},"ExtendedTranslation_ResultLines":{"type":"array","items":{"$ref":"#/definitions/ExtendedTranslation_ResultLine"}},"DocEntry":{"type":"integer"},"SourceText":{"type":"string"},"MaxLength":{"type":"integer"},"LineNumber":{"type":"integer"},"Memo":{"type":"string"}}},"TranslationCategoryEnum":{"type":"string","enum":["asMenuItem","asEFMItem","asCRReport"]},"ExtendedTranslation":{"type":"object","properties":{"SourceLanguage":{"type":"integer"},"SlimType":{"type":"string"},"ItemCode":{"type":"string"},"Category":{"description":"TranslationCategoryEnum","type":"string","enum":["asMenuItem","asEFMItem","asCRReport"]},"ItemType":{"type":"string"},"ExtendedTranslation_ResultLines":{"type":"array","items":{"$ref":"#/definitions/ExtendedTranslation_ResultLine"}},"DocEntry":{"type":"integer"},"ExtendedTranslation_ItemLines":{"type":"array","items":{"$ref":"#/definitions/ExtendedTranslation_ItemLine"}},"MaxLength":{"type":"integer"},"CreateDate":{"type":"string"},"LineNumber":{"type":"integer"},"UpdateDate":{"type":"string"},"LanguageCode":{"type":"integer"},"TranslatedText":{"type":"string"},"SubLineNumber":{"type":"integer"},"SecondaryID":{"type":"string"},"SourceText":{"type":"string"},"ID":{"type":"string"},"Memo":{"type":"string"}}}},"swagger":"3.0","info":{"description":"This is a sample server Petstore server.","title":"Swagger For Service Layer","version":"1.0.0"},"tags":[{"name":"ExtendedTranslations","description":"This entity enables you to manipulate 'ExtendedTranslations'."}]}