{"basePath":"/b1s/v1/","paths":{"/FAAccountDeterminations":{"post":{"produces":["application/json","application/xml"],"description":"Create an instance of 'FAAccountDeterminations' with the given payload of type 'FAAccountDetermination' in JSON format.","responses":{"200":{"description":"successful operation"}},"parameters":[{"schema":{"$ref":"#/definitions/FAAccountDetermination"},"in":"body","name":"body"}],"tags":["FAAccountDeterminations"],"consumes":["application/json","application/xml"]},"get":{"produces":["application/json","application/xml"],"description":"Retrieve a collection of 'FAAccountDeterminations' with all or some selected properties in the given order by specifying the given filter condition.","responses":{"200":{"description":"successful operation"}},"parameters":[{"name":"Code","type":"string"},{"name":"Description","type":"string"},{"name":"AssetBalanceSheetAcc","type":"string"}],"tags":["FAAccountDeterminations"],"consumes":["application/json","application/xml"]}},"/FAAccountDeterminations(id)":{"patch":{"produces":["application/json","application/xml"],"description":"Update an instance of 'FAAccountDeterminations' with the given payload of type 'FAAccountDetermination' in JSON format and with the specified id.","responses":{"200":{"description":"successful operation"}},"parameters":[{"schema":{"$ref":"#/definitions/FAAccountDetermination"},"in":"body","name":"body"}],"tags":["FAAccountDeterminations"],"consumes":["application/json","application/xml"]},"get":{"produces":["application/json","application/xml"],"description":"Retrieve all or some selected properties from an instance of 'FAAccountDeterminations' with the given id.","responses":{"200":{"description":"successful operation"}},"parameters":[{"name":"Code","type":"string"},{"name":"Description","type":"string"},{"name":"AssetBalanceSheetAccount","type":"string"}],"tags":["FAAccountDeterminations"],"consumes":["application/json","application/xml"]},"delete":{"produces":["application/json","application/xml"],"description":"Delete an instance of 'FAAccountDeterminations' with the specified id.","responses":{"200":{"description":"successful operation"}},"parameters":[],"tags":["FAAccountDeterminations"],"consumes":["application/json","application/xml"]}}},"host":"slcdemo.cfapps.sap.hana.ondemand.com","schemes":"https","definitions":{"FAAccountDetermination":{"type":"object","properties":{"RevaluationReserveAccount":{"type":"string"},"LeavewithRevenueNBVGross":{"type":"string"},"Description":{"type":"string"},"RetirementwithRevenueNet":{"type":"string"},"RevenueAccountforRetirement":{"type":"string"},"AssetBalanceSheetAccount":{"type":"string"},"RevenuefromAssetSalesNet":{"type":"string"},"AccumulatedUnplannedDepr":{"type":"string"},"Code":{"type":"string"},"AccumulatedOrdinaryDepr":{"type":"string"},"SpecialDepreciation":{"type":"string"},"ClearingAccountAcquisition":{"type":"string"},"AccumulatedSpecialDepr":{"type":"string"},"RevaluationReserveClearing":{"type":"string"},"LeavewithExpenseNBVGross":{"type":"string"},"UnplannedDepreciation":{"type":"string"},"OrdinaryDepreciation":{"type":"string"},"RevenueClearingAccount":{"type":"string"},"RetirementwithExpenseNet":{"type":"string"}}}},"swagger":"3.0","info":{"description":"This is a sample server Petstore server.","title":"Swagger For Service Layer","version":"1.0.0"},"tags":[{"name":"FAAccountDeterminations","description":"This entity enables you to manipulate 'FAAccountDeterminations'."}]}