{"basePath":"/b1s/v1/","paths":{"/FactoringIndicators(id)":{"patch":{"produces":["application/json","application/xml"],"description":"Update an instance of 'FactoringIndicators' with the given payload of type 'FactoringIndicator' in JSON format and with the specified id.","responses":{"200":{"description":"successful operation"}},"parameters":[{"schema":{"$ref":"#/definitions/FactoringIndicator"},"in":"body","name":"body"}],"tags":["FactoringIndicators"],"consumes":["application/json","application/xml"]},"get":{"produces":["application/json","application/xml"],"description":"Retrieve all or some selected properties from an instance of 'FactoringIndicators' with the given id.","responses":{"200":{"description":"successful operation"}},"parameters":[{"name":"IndicatorCode","type":"string"},{"name":"IndicatorName","type":"string"}],"tags":["FactoringIndicators"],"consumes":["application/json","application/xml"]},"delete":{"produces":["application/json","application/xml"],"description":"Delete an instance of 'FactoringIndicators' with the specified id.","responses":{"200":{"description":"successful operation"}},"parameters":[],"tags":["FactoringIndicators"],"consumes":["application/json","application/xml"]}},"/FactoringIndicators":{"post":{"produces":["application/json","application/xml"],"description":"Create an instance of 'FactoringIndicators' with the given payload of type 'FactoringIndicator' in JSON format.","responses":{"200":{"description":"successful operation"}},"parameters":[{"schema":{"$ref":"#/definitions/FactoringIndicator"},"in":"body","name":"body"}],"tags":["FactoringIndicators"],"consumes":["application/json","application/xml"]},"get":{"produces":["application/json","application/xml"],"description":"Retrieve a collection of 'FactoringIndicators' with all or some selected properties in the given order by specifying the given filter condition.","responses":{"200":{"description":"successful operation"}},"parameters":[{"name":"IndicatorCode","type":"string"},{"name":"Indicator","type":"string"}],"tags":["FactoringIndicators"],"consumes":["application/json","application/xml"]}}},"host":"slcdemo.cfapps.sap.hana.ondemand.com","schemes":"https","definitions":{"FactoringIndicator":{"type":"object","properties":{"IndicatorName":{"type":"string"},"IndicatorCode":{"type":"string"}}}},"swagger":"3.0","info":{"description":"This is a sample server Petstore server.","title":"Swagger For Service Layer","version":"1.0.0"},"tags":[{"name":"FactoringIndicators","description":"This entity enables you to manipulate 'FactoringIndicators'. It defines keys that can be recorded in certain journal entries and used as selection criteria in various reports."}]}