{"basePath":"/b1s/v1/","paths":{"/FinancialYears":{"post":{"produces":["application/json","application/xml"],"description":"Create an instance of 'FinancialYears' with the given payload of type 'FinancialYear' in JSON format.","responses":{"200":{"description":"successful operation"}},"parameters":[{"schema":{"$ref":"#/definitions/FinancialYear"},"in":"body","name":"body"}],"tags":["FinancialYears"],"consumes":["application/json","application/xml"]},"get":{"produces":["application/json","application/xml"],"description":"Retrieve a collection of 'FinancialYears' with all or some selected properties in the given order by specifying the given filter condition.","responses":{"200":{"description":"successful operation"}},"parameters":[{"name":"AbsEntry","type":"string"},{"name":"Code","type":"string"},{"name":"Descrip","type":"string"}],"tags":["FinancialYears"],"consumes":["application/json","application/xml"]}},"/FinancialYears(id)":{"patch":{"produces":["application/json","application/xml"],"description":"Update an instance of 'FinancialYears' with the given payload of type 'FinancialYear' in JSON format and with the specified id.","responses":{"200":{"description":"successful operation"}},"parameters":[{"schema":{"$ref":"#/definitions/FinancialYear"},"in":"body","name":"body"}],"tags":["FinancialYears"],"consumes":["application/json","application/xml"]},"get":{"produces":["application/json","application/xml"],"description":"Retrieve all or some selected properties from an instance of 'FinancialYears' with the given id.","responses":{"200":{"description":"successful operation"}},"parameters":[{"name":"AbsEntry","type":"string"},{"name":"Code","type":"string"},{"name":"Description","type":"string"}],"tags":["FinancialYears"],"consumes":["application/json","application/xml"]},"delete":{"produces":["application/json","application/xml"],"description":"Delete an instance of 'FinancialYears' with the specified id.","responses":{"200":{"description":"successful operation"}},"parameters":[],"tags":["FinancialYears"],"consumes":["application/json","application/xml"]}}},"host":"slcdemo.cfapps.sap.hana.ondemand.com","schemes":"https","definitions":{"FinancialYear":{"type":"object","properties":{"StartDate":{"type":"string"},"Description":{"type":"string"},"AssessYear":{"type":"string"},"AbsEntry":{"type":"integer"},"Code":{"type":"string"},"EndDate":{"type":"string"}}}},"swagger":"3.0","info":{"description":"This is a sample server Petstore server.","title":"Swagger For Service Layer","version":"1.0.0"},"tags":[{"name":"FinancialYears","description":"This entity enables you to manipulate 'FinancialYears'."}]}