{"basePath":"/b1s/v1/","paths":{"/FinancialYearsService_GetFinancialYearList":{"post":{"produces":["application/json","application/xml"],"description":"Invoke the method 'GetFinancialYearList' on this service.","responses":{"200":{"description":"successful operation"}},"parameters":[{"schema":{"$ref":"#/definitions/FinancialYear"},"in":"body","name":"body"}],"tags":["FinancialYearsService"],"consumes":["application/json","application/xml"]}}},"host":"slcdemo.cfapps.sap.hana.ondemand.com","schemes":"https","definitions":{"FinancialYear":{"type":"object","properties":{}}},"swagger":"3.0","info":{"description":"This is a sample server Petstore server.","title":"Swagger For Service Layer","version":"1.0.0"},"tags":[{"name":"FinancialYearsService","description":"This API enables you to invoke the interfaces defined on 'FinancialYearsService'."}]}