{"basePath":"/b1s/v1/","paths":{"/FiscalPrinter(id)":{"patch":{"produces":["application/json","application/xml"],"description":"Update an instance of 'FiscalPrinter' with the given payload of type 'FiscalPrinter' in JSON format and with the specified id.","responses":{"200":{"description":"successful operation"}},"parameters":[{"schema":{"$ref":"#/definitions/FiscalPrinter"},"in":"body","name":"body"}],"tags":["FiscalPrinter"],"consumes":["application/json","application/xml"]},"get":{"produces":["application/json","application/xml"],"description":"Retrieve all or some selected properties from an instance of 'FiscalPrinter' with the given id.","responses":{"200":{"description":"successful operation"}},"parameters":[{"name":"EquipmentNo","type":"string"},{"name":"Model","type":"string"},{"name":"ManufacturerSerialN","type":"string"}],"tags":["FiscalPrinter"],"consumes":["application/json","application/xml"]},"delete":{"produces":["application/json","application/xml"],"description":"Delete an instance of 'FiscalPrinter' with the specified id.","responses":{"200":{"description":"successful operation"}},"parameters":[],"tags":["FiscalPrinter"],"consumes":["application/json","application/xml"]}},"/FiscalPrinter":{"post":{"produces":["application/json","application/xml"],"description":"Create an instance of 'FiscalPrinter' with the given payload of type 'FiscalPrinter' in JSON format.","responses":{"200":{"description":"successful operation"}},"parameters":[{"schema":{"$ref":"#/definitions/FiscalPrinter"},"in":"body","name":"body"}],"tags":["FiscalPrinter"],"consumes":["application/json","application/xml"]},"get":{"produces":["application/json","application/xml"],"description":"Retrieve a collection of 'FiscalPrinter' with all or some selected properties in the given order by specifying the given filter condition.","responses":{"200":{"description":"successful operation"}},"parameters":[{"name":"EquipmentNo","type":"string"},{"name":"Model","type":"string"},{"name":"ManufacturerSer","type":"string"}],"tags":["FiscalPrinter"],"consumes":["application/json","application/xml"]}}},"host":"slcdemo.cfapps.sap.hana.ondemand.com","schemes":"https","definitions":{"FiscalPrinterParams":{"type":"object","properties":{"EquipmentNo":{"type":"string"}}},"FiscalPrinter":{"type":"object","properties":{"EquipmentNo":{"type":"string"},"Model":{"type":"string"},"RegisterNo":{"type":"integer"},"FiscalPrintersParams":{"type":"array","items":{"$ref":"#/definitions/FiscalPrinterParams"}},"FiscalDocumentModel":{"type":"string"},"ManufacturerSerialN":{"type":"string"}}}},"swagger":"3.0","info":{"description":"This is a sample server Petstore server.","title":"Swagger For Service Layer","version":"1.0.0"},"tags":[{"name":"FiscalPrinter","description":"This entity enables you to manipulate 'FiscalPrinter'."}]}