{"basePath":"/b1s/v1/","paths":{"/FixedAssetItemsService_GetAssetEndBalance":{"post":{"produces":["application/json","application/xml"],"description":"Invoke the method 'GetAssetEndBalance' on this service by specifying the payload 'FixedAssetValuesParams' in the JSON format.","responses":{"200":{"description":"successful operation"}},"parameters":[{"schema":{"$ref":"#/definitions/FixedAssetValuesParams"},"in":"body","name":"body"}],"tags":["FixedAssetItemsService"],"consumes":["application/json","application/xml"]}},"/FixedAssetItemsService_GetAssetValuesList":{"post":{"produces":["application/json","application/xml"],"description":"Invoke the method 'GetAssetValuesList' on this service by specifying the payload 'FixedAssetValuesParams' in the JSON format.","responses":{"200":{"description":"successful operation"}},"parameters":[{"schema":{"$ref":"#/definitions/FixedAssetValuesParams"},"in":"body","name":"body"}],"tags":["FixedAssetItemsService"],"consumes":["application/json","application/xml"]}},"/FixedAssetItemsService_UpdateAssetEndBalance":{"post":{"produces":["application/json","application/xml"],"description":"Invoke the method 'UpdateAssetEndBalance' on this service by specifying the payload 'FixedAssetValuesParams,FixedAssetEndBalance' in the JSON format.","responses":{"200":{"description":"successful operation"}},"parameters":[{"schema":{"$ref":"#/definitions/FixedAssetValuesParams"},"in":"body","name":"body"}],"tags":["FixedAssetItemsService"],"consumes":["application/json","application/xml"]}}},"host":"slcdemo.cfapps.sap.hana.ondemand.com","schemes":"https","definitions":{"FixedAssetEndBalance":{"type":"object","properties":{"SalvageValue":{"type":"number"},"AcquisitionCost":{"type":"number"},"NetBookValue":{"type":"number"},"OrdinaryDepreciationValue":{"type":"number"},"SpecialDepreciationValue":{"type":"number"},"HistoricalAPC":{"type":"number"},"UnplanedDepreciationValue":{"type":"number"},"Quantity":{"type":"number"},"HistoricalNBV":{"type":"number"},"WriteUp":{"type":"number"}}},"FixedAssetValuesParams":{"type":"object","properties":{"ItemCode":{"type":"string"},"FiscalYear":{"type":"string"},"DepreciationArea":{"type":"string"}}}},"swagger":"3.0","info":{"description":"This is a sample server Petstore server.","title":"Swagger For Service Layer","version":"1.0.0"},"tags":[{"name":"FixedAssetItemsService","description":"This API enables you to invoke the interfaces defined on 'FixedAssetItemsService'."}]}