{"basePath":"/b1s/v1/","paths":{"/FormPreferences":{"get":{"produces":["application/json","application/xml"],"description":"Retrieve a collection of 'FormPreferences' with all or some selected properties in the given order by specifying the given filter condition.","responses":{"200":{"description":"successful operation"}},"parameters":[{"name":"User","type":"string"},{"name":"FormID","type":"string"},{"name":"ItemNu","type":"string"}],"tags":["FormPreferences"],"consumes":["application/json","application/xml"]}},"/FormPreferences(id)":{"patch":{"produces":["application/json","application/xml"],"description":"Update an instance of 'FormPreferences' with the given payload of type 'ColumnPreferences' in JSON format and with the specified id.","responses":{"200":{"description":"successful operation"}},"parameters":[{"schema":{"$ref":"#/definitions/ColumnPreferences"},"in":"body","name":"body"}],"tags":["FormPreferences"],"consumes":["application/json","application/xml"]},"get":{"produces":["application/json","application/xml"],"description":"Retrieve all or some selected properties from an instance of 'FormPreferences' with the given id.","responses":{"200":{"description":"successful operation"}},"parameters":[{"name":"User","type":"string"},{"name":"FormID","type":"string"},{"name":"ItemNumber","type":"string"}],"tags":["FormPreferences"],"consumes":["application/json","application/xml"]},"delete":{"produces":["application/json","application/xml"],"description":"Delete an instance of 'FormPreferences' with the specified id.","responses":{"200":{"description":"successful operation"}},"parameters":[],"tags":["FormPreferences"],"consumes":["application/json","application/xml"]}}},"host":"slcdemo.cfapps.sap.hana.ondemand.com","schemes":"https","definitions":{"ColumnPreferences":{"type":"object","properties":{"VisibleInExpanded":{"description":"BoYesNoEnum","type":"string","enum":["tYES","tNO"]},"EditableInForm":{"description":"BoYesNoEnum","type":"string","enum":["tYES","tNO"]},"User":{"type":"integer"},"ItemNumber":{"type":"string"},"Column":{"type":"string"},"EditableInExpanded":{"description":"BoYesNoEnum","type":"string","enum":["tYES","tNO"]},"FormID":{"type":"string"},"Width":{"type":"integer"},"TabsLayout":{"type":"integer"},"ExpandedIndex":{"type":"integer"},"VisibleInForm":{"description":"BoYesNoEnum","type":"string","enum":["tYES","tNO"]}}},"BoYesNoEnum":{"type":"string","enum":["tYES","tNO"]}},"swagger":"3.0","info":{"description":"This is a sample server Petstore server.","title":"Swagger For Service Layer","version":"1.0.0"},"tags":[{"name":"FormPreferences","description":"This entity enables you to manipulate 'FormPreferences'."}]}