{"basePath":"/b1s/v1/","paths":{"/FormattedSearches(id)":{"patch":{"produces":["application/json","application/xml"],"description":"Update an instance of 'FormattedSearches' with the given payload of type 'FormattedSearche' in JSON format and with the specified id.","responses":{"200":{"description":"successful operation"}},"parameters":[{"schema":{"$ref":"#/definitions/FormattedSearche"},"in":"body","name":"body"}],"tags":["FormattedSearches"],"consumes":["application/json","application/xml"]},"get":{"produces":["application/json","application/xml"],"description":"Retrieve all or some selected properties from an instance of 'FormattedSearches' with the given id.","responses":{"200":{"description":"successful operation"}},"parameters":[{"name":"FormID","type":"string"},{"name":"ItemID","type":"string"},{"name":"ColumnID","type":"string"}],"tags":["FormattedSearches"],"consumes":["application/json","application/xml"]},"delete":{"produces":["application/json","application/xml"],"description":"Delete an instance of 'FormattedSearches' with the specified id.","responses":{"200":{"description":"successful operation"}},"parameters":[],"tags":["FormattedSearches"],"consumes":["application/json","application/xml"]}},"/FormattedSearches":{"post":{"produces":["application/json","application/xml"],"description":"Create an instance of 'FormattedSearches' with the given payload of type 'FormattedSearche' in JSON format.","responses":{"200":{"description":"successful operation"}},"parameters":[{"schema":{"$ref":"#/definitions/FormattedSearche"},"in":"body","name":"body"}],"tags":["FormattedSearches"],"consumes":["application/json","application/xml"]},"get":{"produces":["application/json","application/xml"],"description":"Retrieve a collection of 'FormattedSearches' with all or some selected properties in the given order by specifying the given filter condition.","responses":{"200":{"description":"successful operation"}},"parameters":[{"name":"FormID","type":"string"},{"name":"ItemID","type":"string"},{"name":"Colu","type":"string"}],"tags":["FormattedSearches"],"consumes":["application/json","application/xml"]}}},"host":"slcdemo.cfapps.sap.hana.ondemand.com","schemes":"https","definitions":{"BoFormattedSearchActionEnum":{"type":"string","enum":["bofsaNone","bofsaValidValues","bofsaQuery"]},"FormattedSearche":{"type":"object","properties":{"ColumnID":{"type":"string"},"Refresh":{"description":"BoYesNoEnum","type":"string","enum":["tYES","tNO"]},"Action":{"description":"BoFormattedSearchActionEnum","type":"string","enum":["bofsaNone","bofsaValidValues","bofsaQuery"]},"ByField":{"description":"BoYesNoEnum","type":"string","enum":["tYES","tNO"]},"QueryID":{"type":"integer"},"FieldID":{"type":"string"},"ForceRefresh":{"description":"BoYesNoEnum","type":"string","enum":["tYES","tNO"]},"Index":{"type":"integer"},"FormID":{"type":"string"},"ItemID":{"type":"string"}}},"BoYesNoEnum":{"type":"string","enum":["tYES","tNO"]}},"swagger":"3.0","info":{"description":"This is a sample server Petstore server.","title":"Swagger For Service Layer","version":"1.0.0"},"tags":[{"name":"FormattedSearches","description":"This entity enables you to manipulate 'FormattedSearches'. It allows to assign a formatted search function to a specified field, so that SAP Business One users can enter values, originated by a pre-defined search process, to the field."}]}