{"basePath":"/b1s/v1/","paths":{"/Forms1099(id)":{"patch":{"produces":["application/json","application/xml"],"description":"Update an instance of 'Forms1099' with the given payload of type 'Forms1099' in JSON format and with the specified id.","responses":{"200":{"description":"successful operation"}},"parameters":[{"schema":{"$ref":"#/definitions/Forms1099"},"in":"body","name":"body"}],"tags":["Forms1099"],"consumes":["application/json","application/xml"]},"get":{"produces":["application/json","application/xml"],"description":"Retrieve all or some selected properties from an instance of 'Forms1099' with the given id.","responses":{"200":{"description":"successful operation"}},"parameters":[{"name":"FormCode","type":"string"},{"name":"Form1099","type":"string"},{"name":"Boxes1099","type":"string"}],"tags":["Forms1099"],"consumes":["application/json","application/xml"]},"delete":{"produces":["application/json","application/xml"],"description":"Delete an instance of 'Forms1099' with the specified id.","responses":{"200":{"description":"successful operation"}},"parameters":[],"tags":["Forms1099"],"consumes":["application/json","application/xml"]}},"/Forms1099":{"post":{"produces":["application/json","application/xml"],"description":"Create an instance of 'Forms1099' with the given payload of type 'Forms1099' in JSON format.","responses":{"200":{"description":"successful operation"}},"parameters":[{"schema":{"$ref":"#/definitions/Forms1099"},"in":"body","name":"body"}],"tags":["Forms1099"],"consumes":["application/json","application/xml"]},"get":{"produces":["application/json","application/xml"],"description":"Retrieve a collection of 'Forms1099' with all or some selected properties in the given order by specifying the given filter condition.","responses":{"200":{"description":"successful operation"}},"parameters":[{"name":"FormCode","type":"string"},{"name":"Form1099","type":"string"},{"name":"Boxes","type":"string"}],"tags":["Forms1099"],"consumes":["application/json","application/xml"]}}},"host":"slcdemo.cfapps.sap.hana.ondemand.com","schemes":"https","definitions":{"Forms1099":{"type":"object","properties":{"BoxDescription":{"type":"string"},"Form1099":{"type":"string"},"Minimum1099Amount":{"type":"number"},"Box1099":{"type":"string"},"FormCode":{"type":"integer"},"Boxes1099":{"type":"array","items":{"$ref":"#/definitions/Boxes1099"}}}},"Boxes1099":{"type":"object","properties":{"BoxDescription":{"type":"string"},"Minimum1099Amount":{"type":"number"},"Box1099":{"type":"string"},"FormCode":{"type":"integer"}}}},"swagger":"3.0","info":{"description":"This is a sample server Petstore server.","title":"Swagger For Service Layer","version":"1.0.0"},"tags":[{"name":"Forms1099","description":"This entity enables you to manipulate 'Forms1099'. It defines new Form 1099 types in addition to the existing types: 1099 Miscellaneous, 1099 Interest, and 1099 Dividends."}]}