{"basePath":"/b1s/v1/","paths":{"/GLAccountAdvancedRules(id)":{"patch":{"produces":["application/json","application/xml"],"description":"Update an instance of 'GLAccountAdvancedRules' with the given payload of type 'GLAccountAdvancedRule' in JSON format and with the specified id.","responses":{"200":{"description":"successful operation"}},"parameters":[{"schema":{"$ref":"#/definitions/GLAccountAdvancedRule"},"in":"body","name":"body"}],"tags":["GLAccountAdvancedRules"],"consumes":["application/json","application/xml"]},"get":{"produces":["application/json","application/xml"],"description":"Retrieve all or some selected properties from an instance of 'GLAccountAdvancedRules' with the given id.","responses":{"200":{"description":"successful operation"}},"parameters":[{"name":"AbsoluteEntry","type":"string"},{"name":"Period","type":"string"},{"name":"BeginningofFinancialYear","type":"string"}],"tags":["GLAccountAdvancedRules"],"consumes":["application/json","application/xml"]},"delete":{"produces":["application/json","application/xml"],"description":"Delete an instance of 'GLAccountAdvancedRules' with the specified id.","responses":{"200":{"description":"successful operation"}},"parameters":[],"tags":["GLAccountAdvancedRules"],"consumes":["application/json","application/xml"]}},"/GLAccountAdvancedRules":{"post":{"produces":["application/json","application/xml"],"description":"Create an instance of 'GLAccountAdvancedRules' with the given payload of type 'GLAccountAdvancedRule' in JSON format.","responses":{"200":{"description":"successful operation"}},"parameters":[{"schema":{"$ref":"#/definitions/GLAccountAdvancedRule"},"in":"body","name":"body"}],"tags":["GLAccountAdvancedRules"],"consumes":["application/json","application/xml"]},"get":{"produces":["application/json","application/xml"],"description":"Retrieve a collection of 'GLAccountAdvancedRules' with all or some selected properties in the given order by specifying the given filter condition.","responses":{"200":{"description":"successful operation"}},"parameters":[{"name":"AbsoluteEntry","type":"string"},{"name":"Period","type":"string"},{"name":"BeginningofFinancial","type":"string"}],"tags":["GLAccountAdvancedRules"],"consumes":["application/json","application/xml"]}}},"host":"slcdemo.cfapps.sap.hana.ondemand.com","schemes":"https","definitions":{"BoBusinessPartnerTypes":{"type":"string","enum":["garCompany","garAll","garGovernment","garPrivate"]},"GetGLAccountByEnum":{"type":"string","enum":["gglab_Warehouse","gglab_ItemGroup","gglab_General"]},"BoSubPeriodTypeEnum":{"type":"string","enum":["spt_Year","spt_Days","spt_Months","spt_Quarters"]},"GLAccountAdvancedRule":{"type":"object","properties":{"ForeignExpensAcc":{"type":"string"},"DecreasingAccount":{"type":"string"},"PurchaseAcct":{"type":"string"},"ReturningAccount":{"type":"string"},"CostAccount":{"type":"string"},"EURevenuesAccount":{"type":"string"},"PurchaseCreditAcc":{"type":"string"},"PurchaseBalanceAccount":{"type":"string"},"ExchangeRateDifferencesAcct":{"type":"string"},"ExpensesAccount":{"type":"string"},"StockInflationOffsetAccount":{"type":"string"},"EUPurchaseCreditAcc":{"type":"string"},"FederalTaxID":{"type":"string"},"BusinessPartnerType":{"description":"BoBusinessPartnerTypes","type":"string","enum":["garCompany","garAll","garGovernment","garPrivate"]},"FinancialYear":{"type":"integer"},"ShipToState":{"type":"string"},"NumberOfPeriods":{"type":"integer"},"WipAccount":{"type":"string"},"StockInTransitAccount":{"type":"string"},"SalesCreditEUAcc":{"type":"string"},"ExemptedCredits":{"type":"string"},"PAReturnAcct":{"type":"string"},"StockInflationAdjustAccount":{"type":"string"},"Period":{"type":"string"},"SubPeriodType":{"description":"BoSubPeriodTypeEnum","type":"string","enum":["spt_Year","spt_Days","spt_Months","spt_Quarters"]},"ExpenseClearingAct":{"type":"string"},"ExpenseOffsettingAccount":{"type":"string"},"IncreasingAccount":{"type":"string"},"ShippedGoodsAccount":{"type":"string"},"TransferAccount":{"type":"string"},"BPGroup":{"type":"integer"},"Code":{"type":"string"},"ToDocumentDate":{"type":"string"},"ToDueDate":{"type":"string"},"PriceDifferenceAcc":{"type":"string"},"NegativeInventoryAdjustmentAccount":{"type":"string"},"WHOutgoingCenvatAccount":{"type":"string"},"FromDate":{"type":"string"},"PeriodName":{"type":"string"},"ItemCode":{"type":"string"},"Warehouse":{"type":"string"},"Description":{"type":"string"},"IsActive":{"description":"BoYesNoEnum","type":"string","enum":["tYES","tNO"]},"ForeignRevenueAcc":{"type":"string"},"WipVarianceAccount":{"type":"string"},"WHIncomingCenvatAccount":{"type":"string"},"GLIncreaseAcct":{"type":"string"},"FromDocumentDate":{"type":"string"},"AbsoluteEntry":{"type":"integer"},"WipOffsetProfitAndLossAccount":{"type":"string"},"FromPostingDate":{"type":"string"},"FromDueDate":{"type":"string"},"InventoryAccount":{"type":"string"},"ForeignPurchaseCreditAcc":{"type":"string"},"SalesCreditAcc":{"type":"string"},"Usage":{"type":"integer"},"ShipToCountry":{"type":"string"},"GLDecreaseAcct":{"type":"string"},"VATInRevenueAccount":{"type":"string"},"GoodsClearingAcct":{"type":"string"},"SalesCreditForeignAcc":{"type":"string"},"BeginningofFinancialYear":{"type":"string"},"InventoryOffsetProfitAndLossAccount":{"type":"string"},"ExemptIncomeAcc":{"type":"string"},"EUExpensesAccount":{"type":"string"},"ItemGroup":{"type":"integer"},"GetGLAccountBy":{"description":"GetGLAccountByEnum","type":"string","enum":["gglab_Warehouse","gglab_ItemGroup","gglab_General"]},"VarienceAccount":{"type":"string"},"VATGroup":{"type":"string"},"ToDate":{"type":"string"},"RevenuesAccount":{"type":"string"},"PurchaseOffsetAcct":{"type":"string"},"CostInflationAccount":{"type":"string"},"BPCode":{"type":"string"},"ToPostingDate":{"type":"string"},"CostInflationOffsetAccount":{"type":"string"}}},"BoYesNoEnum":{"type":"string","enum":["tYES","tNO"]}},"swagger":"3.0","info":{"description":"This is a sample server Petstore server.","title":"Swagger For Service Layer","version":"1.0.0"},"tags":[{"name":"GLAccountAdvancedRules","description":"This entity enables you to manipulate 'GLAccountAdvancedRules'."}]}