{"basePath":"/b1s/v1/","paths":{"/GovPayCodes":{"post":{"produces":["application/json","application/xml"],"description":"Create an instance of 'GovPayCodes' with the given payload of type 'GovPayCode' in JSON format.","responses":{"200":{"description":"successful operation"}},"parameters":[{"schema":{"$ref":"#/definitions/GovPayCode"},"in":"body","name":"body"}],"tags":["GovPayCodes"],"consumes":["application/json","application/xml"]},"get":{"produces":["application/json","application/xml"],"description":"Retrieve a collection of 'GovPayCodes' with all or some selected properties in the given order by specifying the given filter condition.","responses":{"200":{"description":"successful operation"}},"parameters":[{"name":"AbsId","type":"string"},{"name":"Code","type":"string"},{"name":"D","type":"string"}],"tags":["GovPayCodes"],"consumes":["application/json","application/xml"]}},"/GovPayCodes(id)":{"patch":{"produces":["application/json","application/xml"],"description":"Update an instance of 'GovPayCodes' with the given payload of type 'GovPayCode' in JSON format and with the specified id.","responses":{"200":{"description":"successful operation"}},"parameters":[{"schema":{"$ref":"#/definitions/GovPayCode"},"in":"body","name":"body"}],"tags":["GovPayCodes"],"consumes":["application/json","application/xml"]},"get":{"produces":["application/json","application/xml"],"description":"Retrieve all or some selected properties from an instance of 'GovPayCodes' with the given id.","responses":{"200":{"description":"successful operation"}},"parameters":[{"name":"AbsId","type":"string"},{"name":"Code","type":"string"},{"name":"Descr","type":"string"}],"tags":["GovPayCodes"],"consumes":["application/json","application/xml"]},"delete":{"produces":["application/json","application/xml"],"description":"Delete an instance of 'GovPayCodes' with the specified id.","responses":{"200":{"description":"successful operation"}},"parameters":[],"tags":["GovPayCodes"],"consumes":["application/json","application/xml"]}}},"host":"slcdemo.cfapps.sap.hana.ondemand.com","schemes":"https","definitions":{"GovPayCode":{"type":"object","properties":{"GovPayCodeAuthorities":{"type":"array","items":{"$ref":"#/definitions/GovPayCodeAuthority"}},"StateTax":{"description":"BoYesNoEnum","type":"string","enum":["tYES","tNO"]},"State":{"type":"string"},"Prdcity":{"description":"GovPayCodePeriodicityEnum","type":"string","enum":["gpcpHalfMonth","gpcpQuarter","gpcpTenDays","gpcpMonth"]},"CardCode":{"type":"string"},"Descr":{"type":"string"},"Code":{"type":"string"},"BPLId":{"type":"integer"},"AbsId":{"type":"integer"}}},"GovPayCodePeriodicityEnum":{"type":"string","enum":["gpcpHalfMonth","gpcpQuarter","gpcpTenDays","gpcpMonth"]},"GovPayCodeAuthority":{"type":"object","properties":{"State":{"type":"string"},"CardCode":{"type":"string"},"BPLId":{"type":"integer"},"AbsId":{"type":"integer"}}},"BoYesNoEnum":{"type":"string","enum":["tYES","tNO"]}},"swagger":"3.0","info":{"description":"This is a sample server Petstore server.","title":"Swagger For Service Layer","version":"1.0.0"},"tags":[{"name":"GovPayCodes","description":"This entity enables you to manipulate 'GovPayCodes'."}]}