{"basePath":"/b1s/v1/","paths":{"/GTIsService_Import":{"post":{"produces":["application/json","application/xml"],"description":"Invoke the method 'Import' on this service by specifying the payload 'GTIParams' in the JSON format.","responses":{"200":{"description":"successful operation"}},"parameters":[{"schema":{"$ref":"#/definitions/GovPayCode"},"in":"body","name":"body"}],"tags":["GTIsService"],"consumes":["application/json","application/xml"]}}},"host":"slcdemo.cfapps.sap.hana.ondemand.com","schemes":"https","definitions":{"GovPayCode":{"type":"object","properties":{}},"GTIParams":{"type":"object","properties":{"AbsEntry":{"type":"integer"},"InboundFile":{"type":"string"}}}},"swagger":"3.0","info":{"description":"This is a sample server Petstore server.","title":"Swagger For Service Layer","version":"1.0.0"},"tags":[{"name":"GTIsService","description":"This API enables you to invoke the interfaces defined on 'GTIsService'."}]}