{"basePath":"/b1s/v1/","paths":{"/HouseBankAccounts(id)":{"patch":{"produces":["application/json","application/xml"],"description":"Update an instance of 'HouseBankAccounts' with the given payload of type 'HouseBankAccount' in JSON format and with the specified id.","responses":{"200":{"description":"successful operation"}},"parameters":[{"schema":{"$ref":"#/definitions/HouseBankAccount"},"in":"body","name":"body"}],"tags":["HouseBankAccounts"],"consumes":["application/json","application/xml"]},"get":{"produces":["application/json","application/xml"],"description":"Retrieve all or some selected properties from an instance of 'HouseBankAccounts' with the given id.","responses":{"200":{"description":"successful operation"}},"parameters":[{"name":"BankCode","type":"string"},{"name":"AccNo","type":"string"},{"name":"Branch","type":"string"}],"tags":["HouseBankAccounts"],"consumes":["application/json","application/xml"]},"delete":{"produces":["application/json","application/xml"],"description":"Delete an instance of 'HouseBankAccounts' with the specified id.","responses":{"200":{"description":"successful operation"}},"parameters":[],"tags":["HouseBankAccounts"],"consumes":["application/json","application/xml"]}},"/HouseBankAccounts":{"post":{"produces":["application/json","application/xml"],"description":"Create an instance of 'HouseBankAccounts' with the given payload of type 'HouseBankAccount' in JSON format.","responses":{"200":{"description":"successful operation"}},"parameters":[{"schema":{"$ref":"#/definitions/HouseBankAccount"},"in":"body","name":"body"}],"tags":["HouseBankAccounts"],"consumes":["application/json","application/xml"]},"get":{"produces":["application/json","application/xml"],"description":"Retrieve a collection of 'HouseBankAccounts' with all or some selected properties in the given order by specifying the given filter condition.","responses":{"200":{"description":"successful operation"}},"parameters":[{"name":"BankCode","type":"string"},{"name":"AccNo","type":"string"},{"name":"Br","type":"string"}],"tags":["HouseBankAccounts"],"consumes":["application/json","application/xml"]}}},"host":"slcdemo.cfapps.sap.hana.ondemand.com","schemes":"https","definitions":{"PrintOnEnum":{"type":"string","enum":["poBlankPaper","poDefault","poOverflowCheckStock","poOverflowBlankPaper"]},"HouseBankAccount":{"type":"object","properties":{"FineAccount":{"type":"string"},"CollectionCode":{"type":"string"},"DiscountAccount":{"type":"string"},"ServiceFeeAccount":{"type":"string"},"BankonCollection":{"type":"string"},"Street":{"type":"string"},"MinAmountofBillofExchang":{"type":"number"},"AccountCheckDigit":{"type":"string"},"OtherIncomesAccount":{"type":"string"},"IBAN":{"type":"string"},"City":{"type":"string"},"ImportFileName":{"type":"string"},"ControlKey":{"type":"string"},"BICSwiftCode":{"type":"string"},"State":{"type":"string"},"ToleranceDays":{"type":"integer"},"ISRType":{"type":"integer"},"JournalEntrySeries":{"type":"integer"},"Block":{"type":"string"},"Country":{"type":"string"},"DebtofDiscountedBillofExc":{"type":"string"},"PrintOn":{"description":"PrintOnEnum","type":"string","enum":["poBlankPaper","poDefault","poOverflowCheckStock","poOverflowBlankPaper"]},"AccountName":{"type":"string"},"AccNo":{"type":"string"},"Building":{"type":"string"},"BankKey":{"type":"integer"},"FileSeqNextNumber":{"type":"integer"},"BranchCheckDigit":{"type":"string"},"County":{"type":"string"},"ISRBillerID":{"type":"string"},"MaximumLines":{"type":"integer"},"CustomerIdNumber":{"type":"string"},"UserNo3":{"type":"string"},"AbsoluteEntry":{"type":"integer"},"UserNo2":{"type":"string"},"MaxAmountofBillofExchan":{"type":"number"},"Branch":{"type":"string"},"UserNo1":{"type":"string"},"BankonDiscounted":{"type":"string"},"DaysInAdvance":{"type":"integer"},"TemplateName":{"type":"string"},"OtherExpensesAccount":{"type":"string"},"IOFTaxAccount":{"type":"string"},"UserNo4":{"type":"string"},"OutgoingPaymentSeries":{"type":"integer"},"GLInterimAccount":{"type":"string"},"OurNumber":{"type":"integer"},"StreetNo":{"type":"string"},"AgreementNumber":{"type":"string"},"LockChecksPrinting":{"description":"BoYesNoEnum","type":"string","enum":["tYES","tNO"]},"IncomingPaymentSeries":{"type":"integer"},"ZipCode":{"type":"string"},"GLAccount":{"type":"string"},"BankCode":{"type":"string"},"RetornoFileName":{"type":"string"},"NextCheckNo":{"type":"integer"},"InterestAccount":{"type":"string"},"BISR":{"description":"BoYesNoEnum","type":"string","enum":["tYES","tNO"]},"DiscountLimit":{"type":"number"},"AddressType":{"type":"string"}}},"BoYesNoEnum":{"type":"string","enum":["tYES","tNO"]}},"swagger":"3.0","info":{"description":"This is a sample server Petstore server.","title":"Swagger For Service Layer","version":"1.0.0"},"tags":[{"name":"HouseBankAccounts","description":"This entity enables you to manipulate 'HouseBankAccounts'."}]}