{"basePath":"/b1s/v1/","paths":{"/Industries":{"post":{"produces":["application/json","application/xml"],"description":"Create an instance of 'Industries' with the given payload of type 'Industry' in JSON format.","responses":{"200":{"description":"successful operation"}},"parameters":[{"schema":{"$ref":"#/definitions/Industry"},"in":"body","name":"body"}],"tags":["Industries"],"consumes":["application/json","application/xml"]},"get":{"produces":["application/json","application/xml"],"description":"Retrieve a collection of 'Industries' with all or some selected properties in the given order by specifying the given filter condition.","responses":{"200":{"description":"successful operation"}},"parameters":[{"name":"IndustryDescription","type":"string"},{"name":"IndustryName","type":"string"},{"name":"Industry","type":"string"}],"tags":["Industries"],"consumes":["application/json","application/xml"]}},"/Industries(id)":{"patch":{"produces":["application/json","application/xml"],"description":"Update an instance of 'Industries' with the given payload of type 'Industry' in JSON format and with the specified id.","responses":{"200":{"description":"successful operation"}},"parameters":[{"schema":{"$ref":"#/definitions/Industry"},"in":"body","name":"body"}],"tags":["Industries"],"consumes":["application/json","application/xml"]},"get":{"produces":["application/json","application/xml"],"description":"Retrieve all or some selected properties from an instance of 'Industries' with the given id.","responses":{"200":{"description":"successful operation"}},"parameters":[{"name":"IndustryDescription","type":"string"},{"name":"IndustryName","type":"string"},{"name":"IndustryCode","type":"string"}],"tags":["Industries"],"consumes":["application/json","application/xml"]},"delete":{"produces":["application/json","application/xml"],"description":"Delete an instance of 'Industries' with the specified id.","responses":{"200":{"description":"successful operation"}},"parameters":[],"tags":["Industries"],"consumes":["application/json","application/xml"]}}},"host":"slcdemo.cfapps.sap.hana.ondemand.com","schemes":"https","definitions":{"Industry":{"type":"object","properties":{"IndustryCode":{"type":"integer"},"IndustryDescription":{"type":"string"},"IndustryName":{"type":"string"}}}},"swagger":"3.0","info":{"description":"This is a sample server Petstore server.","title":"Swagger For Service Layer","version":"1.0.0"},"tags":[{"name":"Industries","description":"This entity enables you to manipulate 'Industries'. It represents the industries list from which an industry can be associated with a sales opportunity."}]}