{"basePath":"/b1s/v1/","paths":{"/IntegrationPackagesConfigure":{"post":{"produces":["application/json","application/xml"],"description":"Create an instance of 'IntegrationPackagesConfigure' with the given payload of type 'IntegrationPackageConfigure' in JSON format.","responses":{"200":{"description":"successful operation"}},"parameters":[{"schema":{"$ref":"#/definitions/IntegrationPackageConfigure"},"in":"body","name":"body"}],"tags":["IntegrationPackagesConfigure"],"consumes":["application/json","application/xml"]},"get":{"produces":["application/json","application/xml"],"description":"Retrieve a collection of 'IntegrationPackagesConfigure' with all or some selected properties in the given order by specifying the given filter condition.","responses":{"200":{"description":"successful operation"}},"parameters":[{"name":"AbsEntry","type":"string"},{"name":"Code","type":"string"}],"tags":["IntegrationPackagesConfigure"],"consumes":["application/json","application/xml"]}},"/IntegrationPackagesConfigure(id)":{"patch":{"produces":["application/json","application/xml"],"description":"Update an instance of 'IntegrationPackagesConfigure' with the given payload of type 'IntegrationPackageConfigure' in JSON format and with the specified id.","responses":{"200":{"description":"successful operation"}},"parameters":[{"schema":{"$ref":"#/definitions/IntegrationPackageConfigure"},"in":"body","name":"body"}],"tags":["IntegrationPackagesConfigure"],"consumes":["application/json","application/xml"]},"get":{"produces":["application/json","application/xml"],"description":"Retrieve all or some selected properties from an instance of 'IntegrationPackagesConfigure' with the given id.","responses":{"200":{"description":"successful operation"}},"parameters":[{"name":"AbsEntry","type":"string"},{"name":"Code","type":"string"},{"name":"Name","type":"string"}],"tags":["IntegrationPackagesConfigure"],"consumes":["application/json","application/xml"]},"delete":{"produces":["application/json","application/xml"],"description":"Delete an instance of 'IntegrationPackagesConfigure' with the specified id.","responses":{"200":{"description":"successful operation"}},"parameters":[],"tags":["IntegrationPackagesConfigure"],"consumes":["application/json","application/xml"]}}},"host":"slcdemo.cfapps.sap.hana.ondemand.com","schemes":"https","definitions":{"IntegrationPackageConfigure":{"type":"object","properties":{"IsEnable":{"description":"BoYesNoEnum","type":"string","enum":["tYES","tNO"]},"AbsEntry":{"type":"integer"},"Code":{"type":"string"},"Name":{"type":"string"}}},"BoYesNoEnum":{"type":"string","enum":["tYES","tNO"]}},"swagger":"3.0","info":{"description":"This is a sample server Petstore server.","title":"Swagger For Service Layer","version":"1.0.0"},"tags":[{"name":"IntegrationPackagesConfigure","description":"This entity enables you to manipulate 'IntegrationPackagesConfigure'."}]}