{"basePath":"/b1s/v1/","paths":{"/IntrastatConfiguration(id)":{"patch":{"produces":["application/json","application/xml"],"description":"Update an instance of 'IntrastatConfiguration' with the given payload of type 'IntrastatConfiguration' in JSON format and with the specified id.","responses":{"200":{"description":"successful operation"}},"parameters":[{"schema":{"$ref":"#/definitions/IntrastatConfiguration"},"in":"body","name":"body"}],"tags":["IntrastatConfiguration"],"consumes":["application/json","application/xml"]},"get":{"produces":["application/json","application/xml"],"description":"Retrieve all or some selected properties from an instance of 'IntrastatConfiguration' with the given id.","responses":{"200":{"description":"successful operation"}},"parameters":[{"name":"AbsEntry","type":"string"},{"name":"ConfType","type":"string"},{"name":"Code","type":"string"}],"tags":["IntrastatConfiguration"],"consumes":["application/json","application/xml"]},"delete":{"produces":["application/json","application/xml"],"description":"Delete an instance of 'IntrastatConfiguration' with the specified id.","responses":{"200":{"description":"successful operation"}},"parameters":[],"tags":["IntrastatConfiguration"],"consumes":["application/json","application/xml"]}},"/IntrastatConfiguration":{"post":{"produces":["application/json","application/xml"],"description":"Create an instance of 'IntrastatConfiguration' with the given payload of type 'IntrastatConfiguration' in JSON format.","responses":{"200":{"description":"successful operation"}},"parameters":[{"schema":{"$ref":"#/definitions/IntrastatConfiguration"},"in":"body","name":"body"}],"tags":["IntrastatConfiguration"],"consumes":["application/json","application/xml"]},"get":{"produces":["application/json","application/xml"],"description":"Retrieve a collection of 'IntrastatConfiguration' with all or some selected properties in the given order by specifying the given filter condition.","responses":{"200":{"description":"successful operation"}},"parameters":[{"name":"AbsEntry","type":"string"},{"name":"ConfType","type":"string"}],"tags":["IntrastatConfiguration"],"consumes":["application/json","application/xml"]}}},"host":"slcdemo.cfapps.sap.hana.ondemand.com","schemes":"https","definitions":{"IntrastatConfiguration":{"type":"object","properties":{"PrcstVal":{"type":"number"},"ConfType":{"description":"IntrastatConfigurationEnum","type":"string","enum":["enStatisticalProcedures","enServiceCodes","enCommodityCodes","enTransportModes","enAdditionalMeasureUnit","enIncoterms","enRegions","enPortsOfEntryAndExit","enCustomProcedures","enNatureOfTransactions"]},"Import":{"description":"BoYesNoEnum","type":"string","enum":["tYES","tNO"]},"AbsEntry":{"type":"integer"},"Descr":{"type":"string"},"Code":{"type":"string"},"SuppUnit":{"type":"integer"},"DateFrom":{"type":"string"},"Export":{"description":"BoYesNoEnum","type":"string","enum":["tYES","tNO"]},"Country":{"type":"string"},"ConfID":{"type":"string"},"StatCode":{"type":"string"},"DateTo":{"type":"string"}}},"IntrastatConfigurationEnum":{"type":"string","enum":["enStatisticalProcedures","enServiceCodes","enCommodityCodes","enTransportModes","enAdditionalMeasureUnit","enIncoterms","enRegions","enPortsOfEntryAndExit","enCustomProcedures","enNatureOfTransactions"]},"BoYesNoEnum":{"type":"string","enum":["tYES","tNO"]}},"swagger":"3.0","info":{"description":"This is a sample server Petstore server.","title":"Swagger For Service Layer","version":"1.0.0"},"tags":[{"name":"IntrastatConfiguration","description":"This entity enables you to manipulate 'IntrastatConfiguration'."}]}