{"basePath":"/b1s/v1/","paths":{"/InventoryCycles(id)":{"patch":{"produces":["application/json","application/xml"],"description":"Update an instance of 'InventoryCycles' with the given payload of type 'InventoryCycles' in JSON format and with the specified id.","responses":{"200":{"description":"successful operation"}},"parameters":[{"schema":{"$ref":"#/definitions/InventoryCycles"},"in":"body","name":"body"}],"tags":["InventoryCycles"],"consumes":["application/json","application/xml"]},"get":{"produces":["application/json","application/xml"],"description":"Retrieve all or some selected properties from an instance of 'InventoryCycles' with the given id.","responses":{"200":{"description":"successful operation"}},"parameters":[{"name":"CycleCode","type":"string"},{"name":"CycleName","type":"string"},{"name":"Frequency","type":"string"}],"tags":["InventoryCycles"],"consumes":["application/json","application/xml"]},"delete":{"produces":["application/json","application/xml"],"description":"Delete an instance of 'InventoryCycles' with the specified id.","responses":{"200":{"description":"successful operation"}},"parameters":[],"tags":["InventoryCycles"],"consumes":["application/json","application/xml"]}},"/InventoryCycles":{"post":{"produces":["application/json","application/xml"],"description":"Create an instance of 'InventoryCycles' with the given payload of type 'InventoryCycles' in JSON format.","responses":{"200":{"description":"successful operation"}},"parameters":[{"schema":{"$ref":"#/definitions/InventoryCycles"},"in":"body","name":"body"}],"tags":["InventoryCycles"],"consumes":["application/json","application/xml"]},"get":{"produces":["application/json","application/xml"],"description":"Retrieve a collection of 'InventoryCycles' with all or some selected properties in the given order by specifying the given filter condition.","responses":{"200":{"description":"successful operation"}},"parameters":[{"name":"CycleCode","type":"string"},{"name":"CycleName","type":"string"},{"name":"Frequ","type":"string"}],"tags":["InventoryCycles"],"consumes":["application/json","application/xml"]}}},"host":"slcdemo.cfapps.sap.hana.ondemand.com","schemes":"https","definitions":{"RecurrenceSequenceEnum":{"type":"string","enum":["rsFourth","rsLast","rsSecond","rsFirst","rsThird"]},"EndTypeEnum":{"type":"string","enum":["etByDate","etNoEndDate","etByCounter"]},"RecurrenceDayOfWeekEnum":{"type":"string","enum":["rdowFri","rdowMon","rdowWed","rdowSun","rdowThu","rdowDay","rdowWeekDay","rdowWeekendDay","rdowSat","rdowTue"]},"BoFrequency":{"type":"string","enum":["bof_HalfYearly","bof_Quarterly","bof_EveryXDays","bof_OneTime","bof_Monthly","bof_Every4Weeks","bof_Daily","bof_Weekly","bof_Annually"]},"InventoryCycles":{"type":"object","properties":{"SeriesEndDate":{"type":"string"},"RecurrenceDayInMonth":{"type":"integer"},"Monday":{"description":"BoYesNoEnum","type":"string","enum":["tYES","tNO"]},"RecurrenceSequenceSpecifier":{"description":"RecurrenceSequenceEnum","type":"string","enum":["rsFourth","rsLast","rsSecond","rsFirst","rsThird"]},"Hour":{"type":"array","items":{}},"endType":{"description":"EndTypeEnum","type":"string","enum":["etByDate","etNoEndDate","etByCounter"]},"RepeatOption":{"description":"RepeatOptionEnum","type":"string","enum":["roByWeekDay","roByDate"]},"CycleCode":{"type":"integer"},"MaxOccurrence":{"type":"integer"},"CycleName":{"type":"string"},"Saturday":{"description":"BoYesNoEnum","type":"string","enum":["tYES","tNO"]},"Thursday":{"description":"BoYesNoEnum","type":"string","enum":["tYES","tNO"]},"Friday":{"description":"BoYesNoEnum","type":"string","enum":["tYES","tNO"]},"RecurrenceMonth":{"type":"integer"},"Sunday":{"description":"BoYesNoEnum","type":"string","enum":["tYES","tNO"]},"Wednesday":{"description":"BoYesNoEnum","type":"string","enum":["tYES","tNO"]},"Frequency":{"description":"BoFrequency","type":"string","enum":["bof_HalfYearly","bof_Quarterly","bof_EveryXDays","bof_OneTime","bof_Monthly","bof_Every4Weeks","bof_Daily","bof_Weekly","bof_Annually"]},"RecurrenceDayOfWeek":{"description":"RecurrenceDayOfWeekEnum","type":"string","enum":["rdowFri","rdowMon","rdowWed","rdowSun","rdowThu","rdowDay","rdowWeekDay","rdowWeekendDay","rdowSat","rdowTue"]},"Tuesday":{"description":"BoYesNoEnum","type":"string","enum":["tYES","tNO"]},"NextCountingDate":{"type":"string"},"Day":{"type":"integer"},"Interval":{"type":"integer"}}},"BoYesNoEnum":{"type":"string","enum":["tYES","tNO"]},"RepeatOptionEnum":{"type":"string","enum":["roByWeekDay","roByDate"]}},"swagger":"3.0","info":{"description":"This is a sample server Petstore server.","title":"Swagger For Service Layer","version":"1.0.0"},"tags":[{"name":"InventoryCycles","description":"This entity enables you to manipulate 'InventoryCycles'. It allows to setup cycles of inventory counts and order intervals."}]}