{"basePath":"/b1s/v1/","paths":{"/InventoryPostings":{"post":{"produces":["application/json","application/xml"],"description":"Create an instance of 'InventoryPostings' with the given payload of type 'InventoryPosting' in JSON format.","responses":{"200":{"description":"successful operation"}},"parameters":[{"schema":{"$ref":"#/definitions/InventoryPosting"},"in":"body","name":"body"}],"tags":["InventoryPostings"],"consumes":["application/json","application/xml"]},"get":{"produces":["application/json","application/xml"],"description":"Retrieve a collection of 'InventoryPostings' with all or some selected properties in the given order by specifying the given filter condition.","responses":{"200":{"description":"successful operation"}},"parameters":[{"name":"DocumentEntry","type":"string"},{"name":"DocumentNumber","type":"string"},{"name":"Se","type":"string"}],"tags":["InventoryPostings"],"consumes":["application/json","application/xml"]}},"/InventoryPostings(id)":{"patch":{"produces":["application/json","application/xml"],"description":"Update an instance of 'InventoryPostings' with the given payload of type 'InventoryPosting' in JSON format and with the specified id.","responses":{"200":{"description":"successful operation"}},"parameters":[{"schema":{"$ref":"#/definitions/InventoryPosting"},"in":"body","name":"body"}],"tags":["InventoryPostings"],"consumes":["application/json","application/xml"]},"get":{"produces":["application/json","application/xml"],"description":"Retrieve all or some selected properties from an instance of 'InventoryPostings' with the given id.","responses":{"200":{"description":"successful operation"}},"parameters":[{"name":"DocumentEntry","type":"string"},{"name":"DocumentNumber","type":"string"},{"name":"Series","type":"string"}],"tags":["InventoryPostings"],"consumes":["application/json","application/xml"]},"delete":{"produces":["application/json","application/xml"],"description":"Delete an instance of 'InventoryPostings' with the specified id.","responses":{"200":{"description":"successful operation"}},"parameters":[],"tags":["InventoryPostings"],"consumes":["application/json","application/xml"]}}},"host":"slcdemo.cfapps.sap.hana.ondemand.com","schemes":"https","definitions":{"InventoryPostingLine":{"type":"object","properties":{"BaseReference":{"type":"string"},"CountDate":{"type":"string"},"ItemCode":{"type":"string"},"ItemsPerUnit":{"type":"number"},"BarCode":{"type":"string"},"CostingCode2":{"type":"string"},"PreferredVendor":{"type":"string"},"CostingCode3":{"type":"string"},"AllowBinNegativeQuantity":{"$ref":"#/definitions/BoYesNoEnum"},"CostingCode":{"type":"string"},"CostingCode4":{"type":"string"},"CostingCode5":{"type":"string"},"ItemDescription":{"type":"string"},"WarehouseCode":{"type":"string"},"LineNumber":{"type":"integer"},"Variance":{"type":"number"},"InventoryPostingBatchNumbers":{"type":"array","items":{"$ref":"#/definitions/InventoryPostingBatchNumber"}},"Remarks":{"type":"string"},"Currency":{"type":"string"},"DocumentEntry":{"type":"integer"},"CountTime":{"$ref":"#/definitions/Edm.Time"},"Manufacturer":{"type":"integer"},"UoMCode":{"type":"string"},"UoMCountedQuantity":{"type":"number"},"InventoryOffsetDecreaseAccount":{"type":"string"},"ProjectCode":{"type":"string"},"PostedValueSC":{"type":"number"},"CountedQuantity":{"type":"number"},"InWarehouseQuantity":{"type":"number"},"PostedValueLC":{"type":"number"},"InventoryPostingSerialNumbers":{"type":"array","items":{"$ref":"#/definitions/InventoryPostingSerialNumber"}},"InventoryOffsetIncreaseAccount":{"type":"string"},"ActualPrice":{"type":"number"},"Price":{"type":"number"},"BaseType":{"type":"integer"},"Total":{"type":"number"},"BinEntry":{"type":"integer"},"BaseEntry":{"type":"integer"},"VariancePercentage":{"type":"number"},"SupplierCatalogNo":{"type":"string"},"InventoryPostingLineUoMs":{"type":"array","items":{"$ref":"#/definitions/InventoryPostingLineUoM"}},"VisualOrder":{"type":"integer"},"BaseLine":{"type":"integer"}}},"InventoryPostingLineUoM":{"type":"object","properties":{"ItemsPerUnit":{"type":"number"},"BarCode":{"type":"string"},"DocumentEntry":{"type":"integer"},"UoMCountedQuantity":{"type":"number"},"UoMCode":{"type":"string"},"ChildNumber":{"type":"integer"},"LineNumber":{"type":"integer"},"CountedQuantity":{"type":"number"}}},"InventoryPostingBatchNumber":{"type":"object","properties":{"BaseLineNumber":{"type":"integer"},"ExpiryDate":{"type":"string"},"AddmisionDate":{"type":"string"},"BatchNumber":{"type":"string"},"ManufactureDate":{"type":"string"},"Quantity":{"type":"number"},"InternalSerialNumber":{"type":"string"},"TrackingNote":{"type":"integer"},"DocumentEntry":{"type":"integer"},"TrackingNoteLine":{"type":"integer"},"Notes":{"type":"string"},"ManufacturerSerialNumber":{"type":"string"},"Location":{"type":"string"}}},"InventoryPostingSerialNumber":{"type":"object","properties":{"BaseLineNumber":{"type":"integer"},"WarrantyStart":{"type":"string"},"ExpiryDate":{"type":"string"},"ReceptionDate":{"type":"string"},"ManufactureDate":{"type":"string"},"WarrantyEnd":{"type":"string"},"BatchID":{"type":"string"},"Quantity":{"type":"number"},"InternalSerialNumber":{"type":"string"},"SystemSerialNumber":{"type":"integer"},"TrackingNote":{"type":"integer"},"DocumentEntry":{"type":"integer"},"TrackingNoteLine":{"type":"integer"},"Notes":{"type":"string"},"ManufacturerSerialNumber":{"type":"string"},"Location":{"type":"string"}}},"InventoryPostingPriceSourceEnum":{"type":"string","enum":["ippsLastEvaluatedPrice","ippsByPriceList","ippsItemCost"]},"BoYesNoEnum":{"type":"string","enum":["tYES","tNO"]},"InventoryPosting":{"type":"object","properties":{"FinancialPeriod":{"type":"integer"},"WarrantyStart":{"type":"string"},"ExpiryDate":{"type":"string"},"ReceptionDate":{"type":"string"},"ManufactureDate":{"type":"string"},"CostingCode2":{"type":"string"},"PreferredVendor":{"type":"string"},"CostingCode3":{"type":"string"},"CostingCode":{"type":"string"},"CostingCode4":{"type":"string"},"BranchID":{"type":"integer"},"CostingCode5":{"type":"string"},"ChildNumber":{"type":"integer"},"InternalSerialNumber":{"type":"string"},"PeriodIndicator":{"type":"string"},"WarehouseCode":{"type":"string"},"Remarks":{"type":"string"},"Currency":{"type":"string"},"TrackingNote":{"type":"integer"},"Manufacturer":{"type":"integer"},"UoMCountedQuantity":{"type":"number"},"CountedQuantity":{"type":"number"},"BaseLineNumber":{"type":"integer"},"BatchNumber":{"type":"string"},"InWarehouseQuantity":{"type":"number"},"PostedValueLC":{"type":"number"},"InventoryPostingSerialNumbers":{"type":"array","items":{"$ref":"#/definitions/InventoryPostingSerialNumber"}},"InventoryOffsetIncreaseAccount":{"type":"string"},"ActualPrice":{"type":"number"},"Price":{"type":"number"},"PriceSource":{"description":"InventoryPostingPriceSourceEnum","type":"string","enum":["ippsLastEvaluatedPrice","ippsByPriceList","ippsItemCost"]},"Reference2":{"type":"string"},"DocObjectCodeEx":{"type":"string"},"BaseEntry":{"type":"integer"},"SupplierCatalogNo":{"type":"string"},"BaseLine":{"type":"integer"},"BaseReference":{"type":"string"},"CountDate":{"type":"string"},"ItemCode":{"type":"string"},"ItemsPerUnit":{"type":"number"},"BarCode":{"type":"string"},"WarrantyEnd":{"type":"string"},"BatchID":{"type":"string"},"AllowBinNegativeQuantity":{"description":"BoYesNoEnum","type":"string","enum":["tYES","tNO"]},"ItemDescription":{"type":"string"},"LineNumber":{"type":"integer"},"Variance":{"type":"number"},"InventoryPostingBatchNumbers":{"type":"array","items":{"$ref":"#/definitions/InventoryPostingBatchNumber"}},"SystemSerialNumber":{"type":"integer"},"DocumentEntry":{"type":"integer"},"CountTime":{},"UoMCode":{"type":"string"},"InventoryOffsetDecreaseAccount":{"type":"string"},"ProjectCode":{"type":"string"},"PostedValueSC":{"type":"number"},"JournalRemark":{"type":"string"},"PriceList":{"type":"integer"},"Notes":{"type":"string"},"AddmisionDate":{"type":"string"},"Quantity":{"type":"number"},"DocumentNumber":{"type":"integer"},"Series":{"type":"integer"},"PostingDate":{"type":"string"},"BaseType":{"type":"integer"},"Total":{"type":"number"},"BinEntry":{"type":"integer"},"InventoryPostingLines":{"type":"array","items":{"$ref":"#/definitions/InventoryPostingLine"}},"TrackingNoteLine":{"type":"integer"},"VariancePercentage":{"type":"number"},"InventoryPostingLineUoMs":{"type":"array","items":{"$ref":"#/definitions/InventoryPostingLineUoM"}},"VisualOrder":{"type":"integer"},"ManufacturerSerialNumber":{"type":"string"},"Location":{"type":"string"}}}},"swagger":"3.0","info":{"description":"This is a sample server Petstore server.","title":"Swagger For Service Layer","version":"1.0.0"},"tags":[{"name":"InventoryPostings","description":"This entity enables you to manipulate 'InventoryPostings'."}]}