{"basePath":"/b1s/v1/","paths":{"/InventoryPostingsService_GetList":{"post":{"produces":["application/json","application/xml"],"description":"Invoke the method 'GetList' on this service.","responses":{"200":{"description":"successful operation"}},"parameters":[{"schema":{"$ref":"#/definitions/InventoryPosting"},"in":"body","name":"body"}],"tags":["InventoryPostingsService"],"consumes":["application/json","application/xml"]}},"/InventoryPostingsService_SetCopyOption":{"post":{"produces":["application/json","application/xml"],"description":"Invoke the method 'SetCopyOption' on this service by specifying the payload 'InventoryPostingCopyOption' in the JSON format.","responses":{"200":{"description":"successful operation"}},"parameters":[{"schema":{"$ref":"#/definitions/InventoryPosting"},"in":"body","name":"body"}],"tags":["InventoryPostingsService"],"consumes":["application/json","application/xml"]}}},"host":"slcdemo.cfapps.sap.hana.ondemand.com","schemes":"https","definitions":{"InventoryPostingCopyOptionEnum":{"type":"string","enum":["ipcoIndividual4CountedQuantity","ipcoIndividual5CountedQuantity","ipcoNoCountersDiff","ipcoIndividual1CountedQuantity","ipcoTeamCountedQuantity","ipcoIndividual3CountedQuantity","ipcoIndividual2CountedQuantity"]},"InventoryPostingCopyOption":{"type":"object","properties":{"CopyOption":{"$ref":"#/definitions/InventoryPostingCopyOptionEnum"},"BaseEntry":{"type":"integer"}}},"InventoryPosting":{"type":"object","properties":{}}},"swagger":"3.0","info":{"description":"This is a sample server Petstore server.","title":"Swagger For Service Layer","version":"1.0.0"},"tags":[{"name":"InventoryPostingsService","description":"This API enables you to invoke the interfaces defined on 'InventoryPostingsService'."}]}