{"basePath":"/b1s/v1/","paths":{"/InventoryCountings":{"post":{"produces":["application/json","application/xml"],"description":"Create an instance of 'InventoryCountings' with the given payload of type 'InventoryCounting' in JSON format.","responses":{"200":{"description":"successful operation"}},"parameters":[{"schema":{"$ref":"#/definitions/InventoryCounting"},"in":"body","name":"body"}],"tags":["InventoryCountings"],"consumes":["application/json","application/xml"]},"get":{"produces":["application/json","application/xml"],"description":"Retrieve a collection of 'InventoryCountings' with all or some selected properties in the given order by specifying the given filter condition.","responses":{"200":{"description":"successful operation"}},"parameters":[{"name":"DocumentEntry","type":"string"},{"name":"DocumentNumber","type":"string"},{"name":"Se","type":"string"}],"tags":["InventoryCountings"],"consumes":["application/json","application/xml"]}},"/InventoryCountings(id)/Close":{"post":{"produces":["application/json","application/xml"],"description":"Invoke the method 'Close' on this EntitySet with the specified id.","responses":{"200":{"description":"successful operation"}},"parameters":[{"schema":{"$ref":"#/definitions/InventoryCounting"},"in":"body","name":"body"}],"tags":["InventoryCountings"],"consumes":["application/json","application/xml"]}},"/InventoryCountings(id)":{"patch":{"produces":["application/json","application/xml"],"description":"Update an instance of 'InventoryCountings' with the given payload of type 'InventoryCounting' in JSON format and with the specified id.","responses":{"200":{"description":"successful operation"}},"parameters":[{"schema":{"$ref":"#/definitions/InventoryCounting"},"in":"body","name":"body"}],"tags":["InventoryCountings"],"consumes":["application/json","application/xml"]},"get":{"produces":["application/json","application/xml"],"description":"Retrieve all or some selected properties from an instance of 'InventoryCountings' with the given id.","responses":{"200":{"description":"successful operation"}},"parameters":[{"name":"DocumentEntry","type":"string"},{"name":"DocumentNumber","type":"string"},{"name":"Series","type":"string"}],"tags":["InventoryCountings"],"consumes":["application/json","application/xml"]},"delete":{"produces":["application/json","application/xml"],"description":"Delete an instance of 'InventoryCountings' with the specified id.","responses":{"200":{"description":"successful operation"}},"parameters":[],"tags":["InventoryCountings"],"consumes":["application/json","application/xml"]}}},"host":"slcdemo.cfapps.sap.hana.ondemand.com","schemes":"https","definitions":{"MultipleCounterRoleEnum":{"type":"string","enum":["mcrTeamCounter","mcrIndividualCounter"]},"InventoryCountingSerialNumber":{"type":"object","properties":{"BaseLineNumber":{"type":"integer"},"WarrantyStart":{"type":"string"},"ExpiryDate":{"type":"string"},"CounterType":{"$ref":"#/definitions/CounterTypeEnum"},"MultipleCounterRole":{"$ref":"#/definitions/MultipleCounterRoleEnum"},"ReceptionDate":{"type":"string"},"ManufactureDate":{"type":"string"},"WarrantyEnd":{"type":"string"},"BatchID":{"type":"string"},"Quantity":{"type":"number"},"InternalSerialNumber":{"type":"string"},"SystemSerialNumber":{"type":"integer"},"TrackingNote":{"type":"integer"},"DocumentEntry":{"type":"integer"},"CounterID":{"type":"integer"},"TrackingNoteLine":{"type":"integer"},"Notes":{"type":"string"},"ManufacturerSerialNumber":{"type":"string"},"Location":{"type":"string"}}},"InventoryCountingLine":{"type":"object","properties":{"Counted":{"$ref":"#/definitions/BoYesNoEnum"},"InventoryCountingSerialNumbers":{"type":"array","items":{"$ref":"#/definitions/InventoryCountingSerialNumber"}},"ItemCode":{"type":"string"},"ItemsPerUnit":{"type":"number"},"BarCode":{"type":"string"},"CostingCode2":{"type":"string"},"PreferredVendor":{"type":"string"},"CostingCode3":{"type":"string"},"TargetLine":{"type":"integer"},"CostingCode":{"type":"string"},"CostingCode4":{"type":"string"},"CostingCode5":{"type":"string"},"ItemDescription":{"type":"string"},"WarehouseCode":{"type":"string"},"LineNumber":{"type":"integer"},"Variance":{"type":"number"},"LineStatus":{"$ref":"#/definitions/CountingLineStatusEnum"},"Remarks":{"type":"string"},"DocumentEntry":{"type":"integer"},"UoMCode":{"type":"string"},"UoMCountedQuantity":{"type":"number"},"TargetType":{"type":"integer"},"Manufacturer":{"type":"integer"},"ProjectCode":{"type":"string"},"Freeze":{"$ref":"#/definitions/BoYesNoEnum"},"CountedQuantity":{"type":"number"},"CounterType":{"$ref":"#/definitions/CounterTypeEnum"},"MultipleCounterRole":{"$ref":"#/definitions/MultipleCounterRoleEnum"},"InWarehouseQuantity":{"type":"number"},"InventoryCountingLineUoMs":{"type":"array","items":{"$ref":"#/definitions/InventoryCountingLineUoM"}},"InventoryCountingBatchNumbers":{"type":"array","items":{"$ref":"#/definitions/InventoryCountingBatchNumber"}},"TargetReference":{"type":"string"},"TargetEntry":{"type":"integer"},"BinEntry":{"type":"integer"},"CounterID":{"type":"integer"},"VariancePercentage":{"type":"number"},"SupplierCatalogNo":{"type":"string"},"VisualOrder":{"type":"integer"}}},"CountingDocumentStatusEnum":{"type":"string","enum":["cdsOpen","cdsClosed"]},"CountingLineStatusEnum":{"type":"string","enum":["clsOpen","clsClosed"]},"BoYesNoEnum":{"type":"string","enum":["tYES","tNO"]},"CountingTypeEnum":{"type":"string","enum":["ctMultipleCounters","ctSingleCounter"]},"CounterTypeEnum":{"type":"string","enum":["ctUser","ctEmployee"]},"IndividualCounter":{"type":"object","properties":{"CounterType":{"$ref":"#/definitions/CounterTypeEnum"},"CounterName":{"type":"string"},"CounterNumber":{"type":"integer"},"CounterVisualOrder":{"type":"integer"},"DocumentEntry":{"type":"integer"},"CounterID":{"type":"integer"}}},"InventoryCountingBatchNumber":{"type":"object","properties":{"BaseLineNumber":{"type":"integer"},"ExpiryDate":{"type":"string"},"AddmisionDate":{"type":"string"},"CounterType":{"$ref":"#/definitions/CounterTypeEnum"},"MultipleCounterRole":{"$ref":"#/definitions/MultipleCounterRoleEnum"},"BatchNumber":{"type":"string"},"ManufactureDate":{"type":"string"},"Quantity":{"type":"number"},"InternalSerialNumber":{"type":"string"},"TrackingNote":{"type":"integer"},"DocumentEntry":{"type":"integer"},"CounterID":{"type":"integer"},"TrackingNoteLine":{"type":"integer"},"Notes":{"type":"string"},"ManufacturerSerialNumber":{"type":"string"},"Location":{"type":"string"}}},"InventoryCountingLineUoM":{"type":"object","properties":{"CounterType":{"$ref":"#/definitions/CounterTypeEnum"},"MultipleCounterRole":{"$ref":"#/definitions/MultipleCounterRoleEnum"},"ItemsPerUnit":{"type":"number"},"BarCode":{"type":"string"},"DocumentEntry":{"type":"integer"},"UoMCountedQuantity":{"type":"number"},"UoMCode":{"type":"string"},"ChildNumber":{"type":"integer"},"CounterID":{"type":"integer"},"LineNumber":{"type":"integer"},"CountedQuantity":{"type":"number"}}},"TeamCounter":{"type":"object","properties":{"CounterType":{"$ref":"#/definitions/CounterTypeEnum"},"CounterName":{"type":"string"},"CounterNumber":{"type":"integer"},"CounterVisualOrder":{"type":"integer"},"DocumentEntry":{"type":"integer"},"CounterID":{"type":"integer"}}},"InventoryCounting":{"type":"object","properties":{"FinancialPeriod":{"type":"integer"},"Counted":{"description":"BoYesNoEnum","type":"string","enum":["tYES","tNO"]},"WarrantyStart":{"type":"string"},"InventoryCountingSerialNumbers":{"type":"array","items":{"$ref":"#/definitions/InventoryCountingSerialNumber"}},"ExpiryDate":{"type":"string"},"InventoryCountingLines":{"type":"array","items":{"$ref":"#/definitions/InventoryCountingLine"}},"IndividualCounters":{"type":"array","items":{"$ref":"#/definitions/IndividualCounter"}},"ReceptionDate":{"type":"string"},"ManufactureDate":{"type":"string"},"CostingCode2":{"type":"string"},"PreferredVendor":{"type":"string"},"CostingCode3":{"type":"string"},"TargetLine":{"type":"integer"},"CostingCode":{"type":"string"},"CostingCode4":{"type":"string"},"BranchID":{"type":"integer"},"CostingCode5":{"type":"string"},"ChildNumber":{"type":"integer"},"InternalSerialNumber":{"type":"string"},"PeriodIndicator":{"type":"string"},"WarehouseCode":{"type":"string"},"LineStatus":{"description":"CountingLineStatusEnum","type":"string","enum":["clsOpen","clsClosed"]},"Remarks":{"type":"string"},"TrackingNote":{"type":"integer"},"UoMCountedQuantity":{"type":"number"},"Manufacturer":{"type":"integer"},"CountedQuantity":{"type":"number"},"BaseLineNumber":{"type":"integer"},"MultipleCounterRole":{"description":"MultipleCounterRoleEnum","type":"string","enum":["mcrTeamCounter","mcrIndividualCounter"]},"BatchNumber":{"type":"string"},"InWarehouseQuantity":{"type":"number"},"InventoryCountingLineUoMs":{"type":"array","items":{"$ref":"#/definitions/InventoryCountingLineUoM"}},"InventoryCountingBatchNumbers":{"type":"array","items":{"$ref":"#/definitions/InventoryCountingBatchNumber"}},"TargetReference":{"type":"string"},"CounterVisualOrder":{"type":"integer"},"Reference2":{"type":"string"},"DocObjectCodeEx":{"type":"string"},"TeamCounters":{"type":"array","items":{"$ref":"#/definitions/TeamCounter"}},"SupplierCatalogNo":{"type":"string"},"CountDate":{"type":"string"},"ItemCode":{"type":"string"},"ItemsPerUnit":{"type":"number"},"CounterNumber":{"type":"integer"},"BarCode":{"type":"string"},"WarrantyEnd":{"type":"string"},"BatchID":{"type":"string"},"ItemDescription":{"type":"string"},"LineNumber":{"type":"integer"},"Variance":{"type":"number"},"SystemSerialNumber":{"type":"integer"},"SingleCounterType":{"description":"CounterTypeEnum","type":"string","enum":["ctUser","ctEmployee"]},"CounterName":{"type":"string"},"DocumentEntry":{"type":"integer"},"CountTime":{"type":"array","items":{}},"UoMCode":{"type":"string"},"TargetType":{"type":"integer"},"ProjectCode":{"type":"string"},"Freeze":{"description":"BoYesNoEnum","type":"string","enum":["tYES","tNO"]},"Notes":{"type":"string"},"CounterType":{"description":"CounterTypeEnum","type":"string","enum":["ctUser","ctEmployee"]},"AddmisionDate":{"type":"string"},"Quantity":{"type":"number"},"DocumentNumber":{"type":"integer"},"SingleCounterID":{"type":"integer"},"DocumentStatus":{"description":"CountingDocumentStatusEnum","type":"string","enum":["cdsOpen","cdsClosed"]},"Series":{"type":"integer"},"CountingType":{"description":"CountingTypeEnum","type":"string","enum":["ctMultipleCounters","ctSingleCounter"]},"TargetEntry":{"type":"integer"},"BinEntry":{"type":"integer"},"CounterID":{"type":"integer"},"TrackingNoteLine":{"type":"integer"},"VariancePercentage":{"type":"number"},"VisualOrder":{"type":"integer"},"ManufacturerSerialNumber":{"type":"string"},"Location":{"type":"string"}}}},"swagger":"3.0","info":{"description":"This is a sample server Petstore server.","title":"Swagger For Service Layer","version":"1.0.0"},"tags":[{"name":"InventoryCountings","description":"This entity enables you to manipulate 'InventoryCountings'."}]}