{"basePath":"/b1s/v1/","paths":{"/InventoryOpeningBalances(id)":{"patch":{"produces":["application/json","application/xml"],"description":"Update an instance of 'InventoryOpeningBalances' with the given payload of type 'InventoryOpeningBalance' in JSON format and with the specified id.","responses":{"200":{"description":"successful operation"}},"parameters":[{"schema":{"$ref":"#/definitions/InventoryOpeningBalance"},"in":"body","name":"body"}],"tags":["InventoryOpeningBalances"],"consumes":["application/json","application/xml"]},"get":{"produces":["application/json","application/xml"],"description":"Retrieve all or some selected properties from an instance of 'InventoryOpeningBalances' with the given id.","responses":{"200":{"description":"successful operation"}},"parameters":[{"name":"DocumentEntry","type":"string"},{"name":"PostingDate","type":"string"},{"name":"DocumentDate","type":"string"}],"tags":["InventoryOpeningBalances"],"consumes":["application/json","application/xml"]}},"/InventoryOpeningBalances":{"post":{"produces":["application/json","application/xml"],"description":"Create an instance of 'InventoryOpeningBalances' with the given payload of type 'InventoryOpeningBalance' in JSON format.","responses":{"200":{"description":"successful operation"}},"parameters":[{"schema":{"$ref":"#/definitions/InventoryOpeningBalance"},"in":"body","name":"body"}],"tags":["InventoryOpeningBalances"],"consumes":["application/json","application/xml"]},"get":{"produces":["application/json","application/xml"],"description":"Retrieve a collection of 'InventoryOpeningBalances' with all or some selected properties in the given order by specifying the given filter condition.","responses":{"200":{"description":"successful operation"}},"parameters":[{"name":"DocumentEntry","type":"string"},{"name":"PostingDate","type":"string"},{"name":"Document","type":"string"}],"tags":["InventoryOpeningBalances"],"consumes":["application/json","application/xml"]}}},"host":"slcdemo.cfapps.sap.hana.ondemand.com","schemes":"https","definitions":{"InventoryOpeningBalancePriceSourceEnum":{"type":"string","enum":["iobpsByPriceList","iobpsItemCost","iobpsLastEvaluatedPrice"]},"InventoryOpeningBalance":{"type":"object","properties":{"FinancialPeriod":{"type":"integer"},"WarrantyStart":{"type":"string"},"ExpiryDate":{"type":"string"},"ReceptionDate":{"type":"string"},"InventoryOpeningBalanceBatchNumbers":{"type":"array","items":{"$ref":"#/definitions/InventoryOpeningBalanceBatchNumber"}},"ManufactureDate":{"type":"string"},"CostingCode2":{"type":"string"},"CostingCode3":{"type":"string"},"PreferredVendor":{"type":"string"},"CostingCode":{"type":"string"},"CostingCode4":{"type":"string"},"BranchID":{"type":"integer"},"CostingCode5":{"type":"string"},"InternalSerialNumber":{"type":"string"},"PeriodIndicator":{"type":"string"},"WarehouseCode":{"type":"string"},"Remarks":{"type":"string"},"Currency":{"type":"string"},"TrackingNote":{"type":"integer"},"Manufacturer":{"type":"integer"},"BaseLineNumber":{"type":"integer"},"BatchNumber":{"type":"string"},"InWarehouseQuantity":{"type":"number"},"OpenInventoryAccount":{"type":"string"},"PostedValueLC":{"type":"number"},"ActualPrice":{"type":"number"},"Price":{"type":"number"},"PriceSource":{"description":"InventoryOpeningBalancePriceSourceEnum","type":"string","enum":["iobpsByPriceList","iobpsItemCost","iobpsLastEvaluatedPrice"]},"Reference2":{"type":"string"},"DocObjectCodeEx":{"type":"string"},"SupplierCatalogNo":{"type":"string"},"ItemCode":{"type":"string"},"OpeningBalance":{"type":"number"},"BarCode":{"type":"string"},"WarrantyEnd":{"type":"string"},"BatchID":{"type":"string"},"AllowBinNegativeQuantity":{"description":"BoYesNoEnum","type":"string","enum":["tYES","tNO"]},"ItemDescription":{"type":"string"},"LineNumber":{"type":"integer"},"SystemSerialNumber":{"type":"integer"},"DocumentEntry":{"type":"integer"},"ProjectCode":{"type":"string"},"PostedValueSC":{"type":"number"},"JournalRemark":{"type":"string"},"PriceList":{"type":"integer"},"Notes":{"type":"string"},"InventoryOpeningBalanceSerialNumbers":{"type":"array","items":{"$ref":"#/definitions/InventoryOpeningBalanceSerialNumber"}},"AddmisionDate":{"type":"string"},"Quantity":{"type":"number"},"DocumentNumber":{"type":"integer"},"Series":{"type":"integer"},"PostingDate":{"type":"string"},"Total":{"type":"number"},"BinEntry":{"type":"integer"},"InventoryOpeningBalanceLines":{"type":"array","items":{"$ref":"#/definitions/InventoryOpeningBalanceLine"}},"DocumentDate":{"type":"string"},"TrackingNoteLine":{"type":"integer"},"VisualOrder":{"type":"integer"},"ManufacturerSerialNumber":{"type":"string"},"Location":{"type":"string"}}},"InventoryOpeningBalanceSerialNumber":{"type":"object","properties":{"BaseLineNumber":{"type":"integer"},"WarrantyStart":{"type":"string"},"ExpiryDate":{"type":"string"},"ReceptionDate":{"type":"string"},"ManufactureDate":{"type":"string"},"WarrantyEnd":{"type":"string"},"BatchID":{"type":"string"},"Quantity":{"type":"number"},"InternalSerialNumber":{"type":"string"},"SystemSerialNumber":{"type":"integer"},"TrackingNote":{"type":"integer"},"DocumentEntry":{"type":"integer"},"TrackingNoteLine":{"type":"integer"},"Notes":{"type":"string"},"ManufacturerSerialNumber":{"type":"string"},"Location":{"type":"string"}}},"InventoryOpeningBalanceLine":{"type":"object","properties":{"ItemCode":{"type":"string"},"OpeningBalance":{"type":"number"},"InventoryOpeningBalanceBatchNumbers":{"type":"array","items":{"$ref":"#/definitions/InventoryOpeningBalanceBatchNumber"}},"BarCode":{"type":"string"},"CostingCode2":{"type":"string"},"CostingCode3":{"type":"string"},"PreferredVendor":{"type":"string"},"AllowBinNegativeQuantity":{"$ref":"#/definitions/BoYesNoEnum"},"CostingCode":{"type":"string"},"CostingCode4":{"type":"string"},"CostingCode5":{"type":"string"},"ItemDescription":{"type":"string"},"WarehouseCode":{"type":"string"},"LineNumber":{"type":"integer"},"Remarks":{"type":"string"},"Currency":{"type":"string"},"DocumentEntry":{"type":"integer"},"Manufacturer":{"type":"integer"},"ProjectCode":{"type":"string"},"PostedValueSC":{"type":"number"},"InventoryOpeningBalanceSerialNumbers":{"type":"array","items":{"$ref":"#/definitions/InventoryOpeningBalanceSerialNumber"}},"InWarehouseQuantity":{"type":"number"},"OpenInventoryAccount":{"type":"string"},"PostedValueLC":{"type":"number"},"ActualPrice":{"type":"number"},"Price":{"type":"number"},"Total":{"type":"number"},"BinEntry":{"type":"integer"},"SupplierCatalogNo":{"type":"string"},"VisualOrder":{"type":"integer"}}},"InventoryOpeningBalanceBatchNumber":{"type":"object","properties":{"BaseLineNumber":{"type":"integer"},"ExpiryDate":{"type":"string"},"AddmisionDate":{"type":"string"},"BatchNumber":{"type":"string"},"ManufactureDate":{"type":"string"},"Quantity":{"type":"number"},"InternalSerialNumber":{"type":"string"},"TrackingNote":{"type":"integer"},"DocumentEntry":{"type":"integer"},"TrackingNoteLine":{"type":"integer"},"Notes":{"type":"string"},"ManufacturerSerialNumber":{"type":"string"},"Location":{"type":"string"}}},"BoYesNoEnum":{"type":"string","enum":["tYES","tNO"]}},"swagger":"3.0","info":{"description":"This is a sample server Petstore server.","title":"Swagger For Service Layer","version":"1.0.0"},"tags":[{"name":"InventoryOpeningBalances","description":"This entity enables you to manipulate 'InventoryOpeningBalances'."}]}