{"basePath":"/b1s/v1/","paths":{"/ItemGroups":{"post":{"produces":["application/json","application/xml"],"description":"Create an instance of 'ItemGroups' with the given payload of type 'ItemGroups' in JSON format.","responses":{"200":{"description":"successful operation"}},"parameters":[{"schema":{"$ref":"#/definitions/ItemGroups"},"in":"body","name":"body"}],"tags":["ItemGroups"],"consumes":["application/json","application/xml"]},"get":{"produces":["application/json","application/xml"],"description":"Retrieve a collection of 'ItemGroups' with all or some selected properties in the given order by specifying the given filter condition.","responses":{"200":{"description":"successful operation"}},"parameters":[{"name":"PriceDifferencesAccount","type":"string"},{"name":"StockInflationAdjustAccount","type":"string"},{"name":"MinimumOrderQuan","type":"string"}],"tags":["ItemGroups"],"consumes":["application/json","application/xml"]}},"/ItemGroups(id)":{"patch":{"produces":["application/json","application/xml"],"description":"Update an instance of 'ItemGroups' with the given payload of type 'ItemGroups' in JSON format and with the specified id.","responses":{"200":{"description":"successful operation"}},"parameters":[{"schema":{"$ref":"#/definitions/ItemGroups"},"in":"body","name":"body"}],"tags":["ItemGroups"],"consumes":["application/json","application/xml"]},"get":{"produces":["application/json","application/xml"],"description":"Retrieve all or some selected properties from an instance of 'ItemGroups' with the given id.","responses":{"200":{"description":"successful operation"}},"parameters":[{"name":"PriceDifferencesAccount","type":"string"},{"name":"StockInflationAdjustAccount","type":"string"},{"name":"MinimumOrderQuantity","type":"string"}],"tags":["ItemGroups"],"consumes":["application/json","application/xml"]},"delete":{"produces":["application/json","application/xml"],"description":"Delete an instance of 'ItemGroups' with the specified id.","responses":{"200":{"description":"successful operation"}},"parameters":[],"tags":["ItemGroups"],"consumes":["application/json","application/xml"]}}},"host":"slcdemo.cfapps.sap.hana.ondemand.com","schemes":"https","definitions":{"ItemGroupsWarehouseInfo":{"type":"object","properties":{"DefaultBin":{"type":"integer"},"ItmsGrpCod":{"type":"integer"},"DefaultBinEnforced":{"$ref":"#/definitions/BoYesNoEnum"},"WarehouseCode":{"type":"string"}}},"BoMRPComponentWarehouse":{"type":"string","enum":["bomcw_BOM","bomcw_Parent"]},"ItemGroups":{"type":"object","properties":{"GroupName":{"type":"string"},"DecreasingAccount":{"type":"string"},"ReturningAccount":{"type":"string"},"PAReturnAccount":{"type":"string"},"CostAccount":{"type":"string"},"EURevenuesAccount":{"type":"string"},"DefaultInventoryUoM":{"type":"integer"},"ItmsGrpCod":{"type":"integer"},"PurchaseCreditAcc":{"type":"string"},"PurchaseBalanceAccount":{"type":"string"},"CycleCode":{"type":"integer"},"StockInflationOffsetAccount":{"type":"string"},"ExpensesAccount":{"type":"string"},"GoodsClearingAccount":{"type":"string"},"EUPurchaseCreditAcc":{"type":"string"},"ComponentWarehouse":{"description":"BoMRPComponentWarehouse","type":"string","enum":["bomcw_BOM","bomcw_Parent"]},"WarehouseCode":{"type":"string"},"PurchaseAccount":{"type":"string"},"SalesCreditEUAcc":{"type":"string"},"StockInTransitAccount":{"type":"string"},"ExemptedCredits":{"type":"string"},"InventorySystem":{"description":"BoInventorySystem","type":"string","enum":["bis_SNB","bis_MovingAverage","bis_Standard","bis_FIFO"]},"PlanningSystem":{"description":"BoPlanningSystem","type":"string","enum":["bop_None","bop_MRP"]},"StockInflationAdjustAccount":{"type":"string"},"ExpenseClearingAct":{"type":"string"},"IncreasingAccount":{"type":"string"},"ShippedGoodsAccount":{"type":"string"},"DefaultBinEnforced":{"description":"BoYesNoEnum","type":"string","enum":["tYES","tNO"]},"ExchangeRateDifferencesAccount":{"type":"string"},"NegativeInventoryAdjustmentAccount":{"type":"string"},"LeadTime":{"type":"integer"},"IncreaseGLAccount":{"type":"string"},"ToleranceDays":{"type":"integer"},"PurchaseOffsetAccount":{"type":"string"},"ExpenseOffsetAccount":{"type":"string"},"WHOutgoingCenvatAccount":{"type":"string"},"OrderInterval":{"type":"integer"},"TransfersAccount":{"type":"string"},"ProcurementMethod":{"description":"BoProcurementMethod","type":"string","enum":["bom_Buy","bom_Make"]},"ForeignExpensesAccount":{"type":"string"},"WIPMaterialVarianceAccount":{"type":"string"},"WHIncomingCenvatAccount":{"type":"string"},"ItemGroupsWarehouseInfos":{"type":"array","items":{"$ref":"#/definitions/ItemGroupsWarehouseInfo"}},"Number":{"type":"integer"},"ForeignRevenuesAccount":{"type":"string"},"VarianceAccount":{"type":"string"},"WipOffsetProfitAndLossAccount":{"type":"string"},"PriceDifferencesAccount":{"type":"string"},"InventoryAccount":{"type":"string"},"ForeignPurchaseCreditAcc":{"type":"string"},"SalesCreditAcc":{"type":"string"},"DefaultBin":{"type":"integer"},"DefaultUoMGroup":{"type":"integer"},"DecreaseGLAccount":{"type":"string"},"VATInRevenueAccount":{"type":"string"},"SalesCreditForeignAcc":{"type":"string"},"WIPMaterialAccount":{"type":"string"},"InventoryOffsetProfitAndLossAccount":{"type":"string"},"EUExpensesAccount":{"type":"string"},"ExemptRevenuesAccount":{"type":"string"},"OrderMultiple":{"type":"number"},"MinimumOrderQuantity":{"type":"number"},"RevenuesAccount":{"type":"string"},"Alert":{"description":"BoYesNoEnum","type":"string","enum":["tYES","tNO"]},"CostInflationAccount":{"type":"string"},"CostInflationOffsetAccount":{"type":"string"}}},"BoPlanningSystem":{"type":"string","enum":["bop_None","bop_MRP"]},"BoProcurementMethod":{"type":"string","enum":["bom_Buy","bom_Make"]},"BoInventorySystem":{"type":"string","enum":["bis_SNB","bis_MovingAverage","bis_Standard","bis_FIFO"]},"BoYesNoEnum":{"type":"string","enum":["tYES","tNO"]}},"swagger":"3.0","info":{"description":"This is a sample server Petstore server.","title":"Swagger For Service Layer","version":"1.0.0"},"tags":[{"name":"ItemGroups","description":"This entity enables you to manipulate 'ItemGroups'. It represents the definition of item groups in the Inventory module."}]}