{"basePath":"/b1s/v1/","paths":{"/Items(id)":{"patch":{"produces":["application/json","application/xml"],"description":"Update an instance of 'Items' with the given payload of type 'Item' in JSON format and with the specified id.","responses":{"200":{"description":"successful operation"}},"parameters":[{"schema":{"$ref":"#/definitions/Item"},"in":"body","name":"body"}],"tags":["Items"],"consumes":["application/json","application/xml"]},"get":{"produces":["application/json","application/xml"],"description":"Retrieve all or some selected properties from an instance of 'Items' with the given id.","responses":{"200":{"description":"successful operation"}},"parameters":[{"name":"ItemCode","type":"string"},{"name":"ItemName","type":"string"},{"name":"ForeignName","type":"string"}],"tags":["Items"],"consumes":["application/json","application/xml"]},"delete":{"produces":["application/json","application/xml"],"description":"Delete an instance of 'Items' with the specified id.","responses":{"200":{"description":"successful operation"}},"parameters":[],"tags":["Items"],"consumes":["application/json","application/xml"]}},"/Items(id)/Cancel":{"post":{"produces":["application/json","application/xml"],"description":"Invoke the method 'Cancel' on this EntitySet with the specified id.","responses":{"200":{"description":"successful operation"}},"parameters":[{"schema":{"$ref":"#/definitions/Item"},"in":"body","name":"body"}],"tags":["Items"],"consumes":["application/json","application/xml"]}},"/Items":{"post":{"produces":["application/json","application/xml"],"description":"Create an instance of 'Items' with the given payload of type 'Item' in JSON format.","responses":{"200":{"description":"successful operation"}},"parameters":[{"schema":{"$ref":"#/definitions/Item"},"in":"body","name":"body"}],"tags":["Items"],"consumes":["application/json","application/xml"]},"get":{"produces":["application/json","application/xml"],"description":"Retrieve a collection of 'Items' with all or some selected properties in the given order by specifying the given filter condition.","responses":{"200":{"description":"successful operation"}},"parameters":[{"name":"ItemCode","type":"string"},{"name":"ItemName","type":"string"},{"name":"Foreign","type":"string"}],"tags":["Items"],"consumes":["application/json","application/xml"]}}},"host":"slcdemo.cfapps.sap.hana.ondemand.com","schemes":"https","definitions":{"ItemProject":{"type":"object","properties":{"Project":{"type":"string"},"ValidTo":{"type":"string"},"ValidFrom":{"type":"string"},"LineNumber":{"type":"integer"}}},"BoTaxTypes":{"type":"string","enum":["tt_UseTax","tt_No","tt_OffsetTax","tt_Yes"]},"ItemCycleCount":{"type":"object","properties":{"CycleCode":{"type":"integer"},"Alert":{"$ref":"#/definitions/BoYesNoEnum"},"NextCountingDate":{"type":"string"},"DestinationUser":{"type":"integer"},"WarehouseCode":{"type":"string"},"AlertTime":{"$ref":"#/definitions/Edm.Time"}}},"BoIssueMethod":{"type":"string","enum":["im_Manual","im_Backflush"]},"ItemTypeEnum":{"type":"string","enum":["itFixedAssets","itItems","itTravel","itLabor"]},"ItemBarCode":{"type":"object","properties":{"FreeText":{"type":"string"},"UoMEntry":{"type":"integer"},"Barcode":{"type":"string"},"AbsEntry":{"type":"integer"}}},"BoInventorySystem":{"type":"string","enum":["bis_SNB","bis_MovingAverage","bis_Standard","bis_FIFO"]},"BoYesNoEnum":{"type":"string","enum":["tYES","tNO"]},"BoGLMethods":{"type":"string","enum":["glm_ItemClass","glm_WH","glm_ItemLevel"]},"Item":{"type":"object","properties":{"ForeignExpensAcc":{"type":"string"},"CostAccount":{"type":"string"},"EURevenuesAccount":{"type":"string"},"PurchaseFactor4":{"type":"number"},"PurchaseFactor3":{"type":"number"},"ForceSelectionOfSerialNumber":{"description":"BoYesNoEnum","type":"string","enum":["tYES","tNO"]},"PurchaseFactor2":{"type":"number"},"PurchaseItem":{"description":"BoYesNoEnum","type":"string","enum":["tYES","tNO"]},"PurchaseFactor1":{"type":"number"},"AutoCreateSerialNumbersOnRelease":{"description":"BoYesNoEnum","type":"string","enum":["tYES","tNO"]},"ExportRegionState":{"type":"integer"},"SalesWeightUnit":{"type":"integer"},"MovingAveragePrice":{"type":"number"},"Weight2":{"type":"number"},"Picture":{"type":"string"},"Weight1":{"type":"number"},"WipAccount":{"type":"string"},"IncomeAccount":{"type":"string"},"IssueMethod":{"description":"BoIssueMethod","type":"string","enum":["im_Manual","im_Backflush"]},"MinOrderQuantity":{"type":"number"},"ItemUoMPackageCollection":{"type":"array","items":{"$ref":"#/definitions/ItemUoMPackage"}},"Employee":{"type":"integer"},"IndirectTax":{"description":"BoYesNoEnum","type":"string","enum":["tYES","tNO"]},"PurchaseItemsPerUnit":{"type":"number"},"ItemIntrastatExtension":{"type":"array","items":{"$ref":"#/definitions/ItemIntrastatExtension"}},"ProductSource":{"type":"string"},"ItemClass":{"description":"ItemClassEnum","type":"string","enum":["itcService","itcMaterial"]},"UoMGroupEntry":{"type":"integer"},"ForeignName":{"type":"string"},"SalesLengthUnit1":{"type":"integer"},"PackageTypeEntry":{"type":"integer"},"ChapterID":{"type":"integer"},"CapitalGoodsOnHoldPercent":{"type":"number"},"ItemWarehouseInfoCollection":{"type":"array","items":{"$ref":"#/definitions/ItemWarehouseInfo"}},"ImportRegionCountry":{"type":"string"},"SalesUnitLength1":{"type":"number"},"DefaultBin":{"type":"integer"},"SalesItem":{"description":"BoYesNoEnum","type":"string","enum":["tYES","tNO"]},"SalesCreditForeignAcc":{"type":"string"},"TotalUnitsInUsefulLife":{"type":"integer"},"ExemptIncomeAcc":{"type":"string"},"OrderMultiple":{"type":"number"},"BeverageTableCode":{"type":"string"},"DecreasingAccount":{"type":"string"},"AdditionalCurrency2":{"type":"string"},"AdditionalCurrency1":{"type":"string"},"DepreciationArea":{"type":"string"},"EUPurchaseCreditAcc":{"type":"string"},"Length1Unit":{"type":"integer"},"ExportRegionCountry":{"type":"string"},"PurchaseWidthUnit":{"type":"integer"},"BaseUnitName":{"type":"string"},"ValidFrom":{"type":"string"},"SalesUnitWidth":{"type":"number"},"ExemptedCredits":{"type":"string"},"PlanningSystem":{"description":"BoPlanningSystem","type":"string","enum":["bop_None","bop_MRP"]},"InCostRollup":{"description":"BoYesNoEnum","type":"string","enum":["tYES","tNO"]},"SalesUnitLength":{"type":"number"},"SRIAndBatchManageMethod":{"description":"BoManageMethod","type":"string","enum":["bomm_OnReleaseOnly","bomm_OnEveryTransaction"]},"AvgStdPrice":{"type":"number"},"LeadTime":{"type":"integer"},"MaterialGroup":{"type":"integer"},"Height2Unit":{"type":"integer"},"DepreciationEndDate":{"type":"string"},"SalesHeightUnit":{"type":"integer"},"AssessableValue":{"type":"number"},"CommissionGroup":{"type":"integer"},"AssetClass":{"type":"string"},"SalesQtyPerPackUnit":{"type":"number"},"DefaultBarcode":{"type":"integer"},"AssetStatus":{"description":"AssetStatusEnum","type":"string","enum":["Active","New","Inactive"]},"WHIncomingCenvatAccount":{"type":"string"},"InventoryWeight1":{"type":"number"},"CapitalizationDate":{"type":"string"},"Locked":{"description":"BoYesNoEnum","type":"string","enum":["tYES","tNO"]},"Height1":{"type":"number"},"Height2":{"type":"number"},"ItemDistributionRules":{"type":"array","items":{"$ref":"#/definitions/ItemDistributionRule"}},"PurchaseUnitVolume":{"type":"number"},"UoMType":{"description":"ItemUoMTypeEnum","type":"string","enum":["iutSales","iutPurchasing","iutInventory"]},"InventoryOffsetProfitAndLossAccount":{"type":"string"},"EUExpensesAccount":{"type":"string"},"ECExpensesAccount":{"type":"string"},"MaxInventory":{"type":"number"},"PurchaseQtyPerPackUnit":{"type":"number"},"ServiceGroup":{"type":"integer"},"Properties8":{"description":"BoYesNoEnum","type":"string","enum":["tYES","tNO"]},"Attribute41":{"type":"integer"},"Properties7":{"description":"BoYesNoEnum","type":"string","enum":["tYES","tNO"]},"Attribute40":{"type":"integer"},"Attribute43":{"type":"string"},"Properties9":{"description":"BoYesNoEnum","type":"string","enum":["tYES","tNO"]},"Attribute42":{"type":"integer"},"ComponentWarehouse":{"description":"BoMRPComponentWarehouse","type":"string","enum":["bomcw_BOM","bomcw_Parent"]},"Properties4":{"description":"BoYesNoEnum","type":"string","enum":["tYES","tNO"]},"Attribute45":{"type":"string"},"Weight1Unit":{"type":"integer"},"Properties3":{"description":"BoYesNoEnum","type":"string","enum":["tYES","tNO"]},"Attribute44":{"type":"string"},"Properties6":{"description":"BoYesNoEnum","type":"string","enum":["tYES","tNO"]},"Attribute47":{"type":"string"},"Properties5":{"description":"BoYesNoEnum","type":"string","enum":["tYES","tNO"]},"Attribute46":{"type":"string"},"Attribute38":{"type":"integer"},"BasePriceList":{"type":"integer"},"Attribute37":{"type":"integer"},"Attribute39":{"type":"integer"},"ProdStdCost":{"type":"number"},"Width2":{"type":"number"},"WTLiable":{"description":"BoYesNoEnum","type":"string","enum":["tYES","tNO"]},"Width1":{"type":"number"},"Attribute30":{"type":"string"},"AdditionalPrice2":{"type":"number"},"ExpenseClearingAct":{"type":"string"},"Attribute32":{"type":"string"},"Attribute31":{"type":"string"},"Attribute34":{"type":"integer"},"Attribute33":{"type":"integer"},"Attribute36":{"type":"integer"},"Attribute35":{"type":"integer"},"QuantityOrderedByCustomers":{"type":"number"},"Attribute27":{"type":"string"},"Attribute26":{"type":"string"},"QuantityOnStock":{"type":"number"},"Attribute29":{"type":"string"},"Attribute28":{"type":"string"},"UseWeightInCalculation":{"description":"BoYesNoEnum","type":"string","enum":["tYES","tNO"]},"AdditionalPrice1":{"type":"number"},"PurchaseHeightUnit":{"type":"integer"},"ForeignExpensesAccount":{"type":"string"},"ProcurementMethod":{"description":"BoProcurementMethod","type":"string","enum":["bom_Buy","bom_Make"]},"RemainingUnits":{"type":"integer"},"Cession":{"description":"BoYesNoEnum","type":"string","enum":["tYES","tNO"]},"SalesVolumeUnit":{"type":"integer"},"DefaultPackage":{"type":"integer"},"Attribute21":{"type":"string"},"WipVarianceAccount":{"type":"string"},"Attribute20":{"type":"string"},"Attribute23":{"type":"string"},"Attribute22":{"type":"string"},"Attribute25":{"type":"string"},"Attribute24":{"type":"string"},"Attribute16":{"type":"string"},"Attribute15":{"type":"string"},"InventoryWeightUnit1":{"type":"integer"},"Attribute18":{"type":"string"},"SalesPackagingUnit":{"type":"string"},"Attribute17":{"type":"string"},"Attribute19":{"type":"string"},"ForeignRevenuesAccount":{"type":"string"},"CommodityCode":{"type":"integer"},"ImportStatisticalProcedure":{"type":"integer"},"ManageSerialNumbersOnReleaseOnly":{"description":"BoYesNoEnum","type":"string","enum":["tYES","tNO"]},"DefaultPurchasingUoMEntry":{"type":"integer"},"Attribute10":{"type":"string"},"Attribute12":{"type":"string"},"Attribute11":{"type":"string"},"Attribute14":{"type":"string"},"Attribute13":{"type":"string"},"IntrastatRelevant":{"description":"BoYesNoEnum","type":"string","enum":["tYES","tNO"]},"Properties2":{"description":"BoYesNoEnum","type":"string","enum":["tYES","tNO"]},"CostAccountingMethod":{"description":"BoInventorySystem","type":"string","enum":["bis_SNB","bis_MovingAverage","bis_Standard","bis_FIFO"]},"Properties1":{"description":"BoYesNoEnum","type":"string","enum":["tYES","tNO"]},"VarienceAccount":{"type":"string"},"SpProdType":{"description":"SpecialProductTypeEnum","type":"string","enum":["sptMT","sptIO"]},"AdditionalReduceBy1":{"type":"number"},"StatisticalCode":{"type":"string"},"AdditionalReduceBy2":{"type":"number"},"ItemPreferredVendors":{"type":"array","items":{"$ref":"#/definitions/ItemPreferredVendor"}},"Counted":{"type":"number"},"DistributionRule4":{"type":"string"},"DistributionRule5":{"type":"string"},"DistributionRule2":{"type":"string"},"DistributionRule3":{"type":"string"},"CycleCode":{"type":"integer"},"BeverageGroupCode":{"type":"string"},"ExpensesAccount":{"type":"string"},"StockInflationOffsetAccount":{"type":"string"},"SalesUnitHeight":{"type":"number"},"IncomeNature":{"type":"string"},"SerialNum":{"type":"string"},"ItemPrices":{"type":"array","items":{"$ref":"#/definitions/ItemPrice"}},"ItemLocalizationInfos":{"type":"array","items":{"$ref":"#/definitions/ItemLocalizationInfo"}},"Factor":{"type":"number"},"VolumeUnit":{"type":"integer"},"StockInTransitAccount":{"type":"string"},"NextCountingDate":{"type":"string"},"IssuePrimarilyBy":{"description":"IssuePrimarilyByEnum","type":"string","enum":["ipbSerialAndBatchNumbers","ipbBinLocations"]},"CommissionPercent":{"type":"number"},"UserSignature":{"type":"integer"},"PurchaseUnit":{"type":"string"},"ServiceSupplyMethod":{"description":"BoServiceSupplyMethods","type":"string","enum":["ssmToMoreResumptions","ssmImmediate"]},"ActualUnits":{"type":"integer"},"DefaultSalesUoMEntry":{"type":"integer"},"SalesFactor1":{"type":"number"},"SalesFactor2":{"type":"number"},"PriceDifferenceAcc":{"type":"string"},"DeactivateAfterUsefulLife":{"description":"BoYesNoEnum","type":"string","enum":["tYES","tNO"]},"EnforceAssetSerialNumbers":{"description":"BoYesNoEnum","type":"string","enum":["tYES","tNO"]},"Price":{"type":"number"},"SalesFactor3":{"type":"number"},"SalesFactor4":{"type":"number"},"DNFEntry":{"type":"integer"},"ItemCode":{"type":"string"},"InventoryNumber":{"type":"string"},"DefaultCountingUnit":{"type":"string"},"Excisable":{"description":"BoYesNoEnum","type":"string","enum":["tYES","tNO"]},"FiscalYear":{"type":"string"},"SalesWidthUnit":{"type":"integer"},"IncomingServiceCode":{"type":"integer"},"Committed":{"type":"number"},"GLIncreaseAcct":{"type":"string"},"Auto":{"description":"BoYesNoEnum","type":"string","enum":["tYES","tNO"]},"PurchaseUnitWidth":{"type":"number"},"ArTaxCode":{"type":"string"},"DepreciationType":{"type":"string"},"Mainsupplier":{"type":"string"},"SalesLengthUnit":{"type":"integer"},"CountingItemsPerUnit":{"type":"number"},"PriceList":{"type":"integer"},"DistributionRule":{"type":"string"},"SalesUnitWidth1":{"type":"number"},"FreeText":{"type":"string"},"Series":{"type":"integer"},"ServicePaymentMethod":{"description":"BoServicePaymentMethods","type":"string","enum":["spmOther","spmBankTransfer","spmAccreditedToBankAccount"]},"InventoryUOM":{"type":"string"},"PurchaseOffsetAcct":{"type":"string"},"ItemBarCodeCollection":{"type":"array","items":{"$ref":"#/definitions/ItemBarCode"}},"Weight2Unit":{"type":"integer"},"AssetGroup":{"type":"string"},"FactorOfSupplementaryUnit":{"type":"number"},"ImportRegionState":{"type":"integer"},"ExchangeRateDifferencesAcct":{"type":"string"},"InventoryWeight":{"type":"number"},"PurchaseHeightUnit1":{"type":"integer"},"WarehouseCode":{"type":"string"},"ExpanseAccount":{"type":"string"},"SalesUnitHeight1":{"type":"number"},"Currency":{"type":"string"},"CountedQuantity":{"type":"number"},"PurchaseUnitHeight1":{"type":"number"},"Properties61":{"description":"BoYesNoEnum","type":"string","enum":["tYES","tNO"]},"Properties62":{"description":"BoYesNoEnum","type":"string","enum":["tYES","tNO"]},"PAReturnAcct":{"type":"string"},"Properties60":{"description":"BoYesNoEnum","type":"string","enum":["tYES","tNO"]},"ExpenseOffsettingAccount":{"type":"string"},"IncreasingAccount":{"type":"string"},"PurchaseUnitLength":{"type":"number"},"Project":{"type":"string"},"Volume":{"type":"number"},"Properties63":{"description":"BoYesNoEnum","type":"string","enum":["tYES","tNO"]},"Properties64":{"description":"BoYesNoEnum","type":"string","enum":["tYES","tNO"]},"BeverageCommercialBrandCode":{"type":"integer"},"SalesWeightUnit1":{"type":"integer"},"Properties50":{"description":"BoYesNoEnum","type":"string","enum":["tYES","tNO"]},"ReduceBy":{"type":"number"},"Properties51":{"description":"BoYesNoEnum","type":"string","enum":["tYES","tNO"]},"ForeignRevenueAcc":{"type":"string"},"ItemUnitOfMeasurementCollection":{"type":"array","items":{"$ref":"#/definitions/ItemUnitOfMeasurement"}},"StandardAveragePrice":{"type":"number"},"PurchasePackagingUnit":{"type":"string"},"ServiceCode":{"type":"integer"},"ManageByQuantity":{"description":"BoYesNoEnum","type":"string","enum":["tYES","tNO"]},"Properties54":{"description":"BoYesNoEnum","type":"string","enum":["tYES","tNO"]},"ItemName":{"type":"string"},"Properties55":{"description":"BoYesNoEnum","type":"string","enum":["tYES","tNO"]},"Properties52":{"description":"BoYesNoEnum","type":"string","enum":["tYES","tNO"]},"Properties53":{"description":"BoYesNoEnum","type":"string","enum":["tYES","tNO"]},"InventoryUoMEntry":{"type":"integer"},"Properties58":{"description":"BoYesNoEnum","type":"string","enum":["tYES","tNO"]},"Properties59":{"description":"BoYesNoEnum","type":"string","enum":["tYES","tNO"]},"Properties56":{"description":"BoYesNoEnum","type":"string","enum":["tYES","tNO"]},"Properties57":{"description":"BoYesNoEnum","type":"string","enum":["tYES","tNO"]},"TreeType":{"description":"BoItemTreeTypes","type":"string","enum":["iNotATree","iTemplateTree","iIngredient","iProductionTree","iSalesTree","iAssemblyTree"]},"ItemDepreciationParameters":{"type":"array","items":{"$ref":"#/definitions/ItemDepreciationParameter"}},"GTSItemTaxCategory":{"type":"string"},"Properties40":{"description":"BoYesNoEnum","type":"string","enum":["tYES","tNO"]},"SalesHeightUnit1":{"type":"integer"},"GoodsClearingAcct":{"type":"string"},"AlertTime":{},"SWW":{"type":"string"},"Properties49":{"description":"BoYesNoEnum","type":"string","enum":["tYES","tNO"]},"ValidTo":{"type":"string"},"Properties43":{"description":"BoYesNoEnum","type":"string","enum":["tYES","tNO"]},"Properties44":{"description":"BoYesNoEnum","type":"string","enum":["tYES","tNO"]},"Properties41":{"description":"BoYesNoEnum","type":"string","enum":["tYES","tNO"]},"RevenuesAccount":{"type":"string"},"PurchaseWeightUnit1":{"type":"integer"},"Properties42":{"description":"BoYesNoEnum","type":"string","enum":["tYES","tNO"]},"Properties47":{"description":"BoYesNoEnum","type":"string","enum":["tYES","tNO"]},"BPCode":{"type":"string"},"Properties48":{"description":"BoYesNoEnum","type":"string","enum":["tYES","tNO"]},"Properties45":{"description":"BoYesNoEnum","type":"string","enum":["tYES","tNO"]},"Properties46":{"description":"BoYesNoEnum","type":"string","enum":["tYES","tNO"]},"User_Text":{"type":"string"},"SubPeriod":{"type":"integer"},"PurchaseCreditAcc":{"type":"string"},"PurchaseBalanceAccount":{"type":"string"},"CountryOfOrigin":{"type":"string"},"MaterialType":{"description":"BoMaterialTypes","type":"string","enum":["mt_OtherInput","mt_SubProduct","mt_Service","mt_Other","mt_GoodsInProcess","mt_IntermediateMaterial","mt_FixedAsset","mt_Package","mt_ConsumerMaterial","mt_GoodsForReseller","mt_RawMaterial","mt_FinishedGoods"]},"ScsCode":{"type":"string"},"ECRevenuesAccount":{"type":"string"},"MinimalOrder":{"type":"number"},"PurchaseVolumeUnit":{"type":"integer"},"StockInflationAdjustAccount":{"type":"string"},"SalesUnitWeight1":{"type":"number"},"TransferAccount":{"type":"string"},"WarrantyTemplate":{"type":"string"},"AssetSerialNumber":{"type":"string"},"VirtualAssetItem":{"description":"BoYesNoEnum","type":"string","enum":["tYES","tNO"]},"TaxType":{"description":"BoTaxTypes","type":"string","enum":["tt_UseTax","tt_No","tt_OffsetTax","tt_Yes"]},"UsefulLife":{"type":"integer"},"ShipType":{"type":"integer"},"ImportNatureOfTransaction":{"type":"integer"},"InventoryItem":{"description":"BoYesNoEnum","type":"string","enum":["tYES","tNO"]},"TypeOfAdvancedRules":{"description":"TypeOfAdvancedRulesEnum","type":"string","enum":["toarGeneral","toarWarehouse","toarItemGroup"]},"Attribute61":{"type":"number"},"Attribute60":{"type":"number"},"QuantityOrderedFromVendors":{"type":"number"},"Attribute63":{"type":"number"},"Attribute62":{"type":"number"},"Attribute64":{"type":"number"},"Width1Unit":{"type":"integer"},"GLMethod":{"description":"BoGLMethods","type":"string","enum":["glm_ItemClass","glm_WH","glm_ItemLevel"]},"Attribute59":{"type":"number"},"StandardUnits":{"type":"integer"},"PurchaseWeightUnit":{"type":"integer"},"SalesUnitWeight":{"type":"number"},"InventoryAccount":{"type":"string"},"SalesItemsPerUnit":{"type":"number"},"Attribute50":{"type":"number"},"Attribute52":{"type":"number"},"ValidRemarks":{"type":"string"},"SalesUnit":{"type":"string"},"Attribute51":{"type":"number"},"Attribute54":{"type":"number"},"Attribute53":{"type":"number"},"Attribute56":{"type":"number"},"Attribute55":{"type":"number"},"Attribute58":{"type":"number"},"Attribute57":{"type":"number"},"ItemAttributeGroups":{"type":"array","items":{"$ref":"#/definitions/ItemAttributeGroups"}},"Attribute49":{"type":"number"},"Attribute48":{"type":"number"},"InStock":{"type":"number"},"Alert":{"description":"BoYesNoEnum","type":"string","enum":["tYES","tNO"]},"RemainingLife":{"type":"number"},"IsPhantom":{"description":"BoYesNoEnum","type":"string","enum":["tYES","tNO"]},"SalesWidthUnit1":{"type":"integer"},"Location":{"type":"integer"},"PurchaseAcct":{"type":"string"},"ManageStockByWarehouse":{"description":"BoYesNoEnum","type":"string","enum":["tYES","tNO"]},"ReturningAccount":{"type":"string"},"Length2Unit":{"type":"integer"},"SalesUnitVolume":{"type":"number"},"ItemType":{"description":"ItemTypeEnum","type":"string","enum":["itFixedAssets","itItems","itTravel","itLabor"]},"Ordered":{"type":"number"},"DefaultWarehouse":{"type":"string"},"MinimalStock":{"type":"number"},"Length1":{"type":"number"},"Length2":{"type":"number"},"StatisticalAsset":{"description":"BoYesNoEnum","type":"string","enum":["tYES","tNO"]},"Height1Unit":{"type":"integer"},"PurchaseUnitHeight":{"type":"number"},"ShippedGoodsAccount":{"type":"string"},"Frozen":{"description":"BoYesNoEnum","type":"string","enum":["tYES","tNO"]},"OutgoingServiceCode":{"type":"integer"},"ManageSerialNumbers":{"description":"BoYesNoEnum","type":"string","enum":["tYES","tNO"]},"FrozenTo":{"type":"string"},"NegativeInventoryAdjustmentAccount":{"type":"string"},"FrozenRemarks":{"type":"string"},"Valid":{"description":"BoYesNoEnum","type":"string","enum":["tYES","tNO"]},"ToleranceDays":{"type":"integer"},"Barcode":{"type":"string"},"SupplierCatalogNo":{"type":"string"},"Width2Unit":{"type":"integer"},"ItemCountryOrg":{"type":"string"},"OrderIntervals":{"type":"integer"},"LineNumber":{"type":"string"},"GTSItemSpec":{"type":"string"},"CommissionSum":{"type":"number"},"PurchaseLengthUnit":{"type":"integer"},"ApTaxCode":{"type":"string"},"ItemsGroupCode":{"type":"integer"},"DestinationUser":{"type":"integer"},"PurchaseUnitWeight":{"type":"number"},"FuelID":{"type":"integer"},"SalesCreditAcc":{"type":"string"},"PurchaseUnitWidth1":{"type":"number"},"ExemptIncomeAccount":{"type":"string"},"VATInRevenueAccount":{"type":"string"},"UoMPrices":{"type":"array","items":{"$ref":"#/definitions/UoMPrice"}},"SalesVATGroup":{"type":"string"},"ManageBatchNumbers":{"description":"BoYesNoEnum","type":"string","enum":["tYES","tNO"]},"Type":{"description":"BoDocumentTypes","type":"string","enum":["dDocument_Items","dDocument_Service"]},"ItemProjects":{"type":"array","items":{"$ref":"#/definitions/ItemProject"}},"CostInflationAccount":{"type":"string"},"ItemCycleCounts":{"type":"array","items":{"$ref":"#/definitions/ItemCycleCount"}},"PurchaseWidthUnit1":{"type":"integer"},"CostInflationOffsetAccount":{"type":"string"},"MinInventory":{"type":"number"},"VatLiable":{"description":"BoYesNoEnum","type":"string","enum":["tYES","tNO"]},"MaximalStock":{"type":"number"},"ExportNatureOfTransaction":{"type":"integer"},"PurchaseUnitWeight1":{"type":"number"},"NCMCode":{"type":"integer"},"Properties38":{"description":"BoYesNoEnum","type":"string","enum":["tYES","tNO"]},"SupplementaryUnit":{"type":"integer"},"Properties39":{"description":"BoYesNoEnum","type":"string","enum":["tYES","tNO"]},"Manufacturer":{"type":"integer"},"Properties32":{"description":"BoYesNoEnum","type":"string","enum":["tYES","tNO"]},"Properties33":{"description":"BoYesNoEnum","type":"string","enum":["tYES","tNO"]},"Properties30":{"description":"BoYesNoEnum","type":"string","enum":["tYES","tNO"]},"Properties31":{"description":"BoYesNoEnum","type":"string","enum":["tYES","tNO"]},"SalesCreditEUAcc":{"type":"string"},"Properties36":{"description":"BoYesNoEnum","type":"string","enum":["tYES","tNO"]},"Properties37":{"description":"BoYesNoEnum","type":"string","enum":["tYES","tNO"]},"Properties34":{"description":"BoYesNoEnum","type":"string","enum":["tYES","tNO"]},"Properties35":{"description":"BoYesNoEnum","type":"string","enum":["tYES","tNO"]},"UoMEntry":{"type":"integer"},"PurchaseLengthUnit1":{"type":"integer"},"DepreciationGroup":{"type":"string"},"PurchaseUnitLength1":{"type":"number"},"InventoryWeightUnit":{"type":"integer"},"DefaultBinEnforced":{"description":"BoYesNoEnum","type":"string","enum":["tYES","tNO"]},"Properties29":{"description":"BoYesNoEnum","type":"string","enum":["tYES","tNO"]},"CapitalGoodsOnHoldLimit":{"type":"number"},"Properties27":{"description":"BoYesNoEnum","type":"string","enum":["tYES","tNO"]},"Properties28":{"description":"BoYesNoEnum","type":"string","enum":["tYES","tNO"]},"DesiredInventory":{"type":"number"},"Properties21":{"description":"BoYesNoEnum","type":"string","enum":["tYES","tNO"]},"Properties22":{"description":"BoYesNoEnum","type":"string","enum":["tYES","tNO"]},"WHOutgoingCenvatAccount":{"type":"string"},"Properties20":{"description":"BoYesNoEnum","type":"string","enum":["tYES","tNO"]},"PurchaseVATGroup":{"type":"string"},"Properties25":{"description":"BoYesNoEnum","type":"string","enum":["tYES","tNO"]},"Properties26":{"description":"BoYesNoEnum","type":"string","enum":["tYES","tNO"]},"ItemPeriodControls":{"type":"array","items":{"$ref":"#/definitions/ItemPeriodControl"}},"Properties23":{"description":"BoYesNoEnum","type":"string","enum":["tYES","tNO"]},"Properties24":{"description":"BoYesNoEnum","type":"string","enum":["tYES","tNO"]},"WasCounted":{"description":"BoYesNoEnum","type":"string","enum":["tYES","tNO"]},"Attribute9":{"type":"string"},"Attribute8":{"type":"string"},"Attribute7":{"type":"string"},"Attribute6":{"type":"string"},"Attribute5":{"type":"string"},"BarCode":{"type":"string"},"Attribute4":{"type":"string"},"Attribute3":{"type":"string"},"Attribute2":{"type":"string"},"Attribute1":{"type":"string"},"AbsEntry":{"type":"integer"},"NoDiscounts":{"description":"BoYesNoEnum","type":"string","enum":["tYES","tNO"]},"AssetItem":{"description":"BoYesNoEnum","type":"string","enum":["tYES","tNO"]},"Properties18":{"description":"BoYesNoEnum","type":"string","enum":["tYES","tNO"]},"Properties19":{"description":"BoYesNoEnum","type":"string","enum":["tYES","tNO"]},"Properties16":{"description":"BoYesNoEnum","type":"string","enum":["tYES","tNO"]},"Properties17":{"description":"BoYesNoEnum","type":"string","enum":["tYES","tNO"]},"Properties10":{"description":"BoYesNoEnum","type":"string","enum":["tYES","tNO"]},"Properties11":{"description":"BoYesNoEnum","type":"string","enum":["tYES","tNO"]},"LinkedResource":{"type":"string"},"DataExportCode":{"type":"string"},"Properties14":{"description":"BoYesNoEnum","type":"string","enum":["tYES","tNO"]},"WipOffsetProfitAndLossAccount":{"type":"string"},"Properties15":{"description":"BoYesNoEnum","type":"string","enum":["tYES","tNO"]},"Properties12":{"description":"BoYesNoEnum","type":"string","enum":["tYES","tNO"]},"ExportStatisticalProcedure":{"type":"integer"},"Properties13":{"description":"BoYesNoEnum","type":"string","enum":["tYES","tNO"]},"ForeignPurchaseCreditAcc":{"type":"string"},"DefaultCountingUoMEntry":{"type":"integer"},"Technician":{"type":"integer"},"GLDecreaseAcct":{"type":"string"},"DepreciationStartDate":{"type":"string"},"DepreciationStatus":{"description":"BoYesNoEnum","type":"string","enum":["tYES","tNO"]},"AttachmentEntry":{"type":"integer"},"CustomsGroupCode":{"type":"integer"},"QuantityPerPackage":{"type":"number"},"FrozenFrom":{"type":"string"}}},"BoPlanningSystem":{"type":"string","enum":["bop_None","bop_MRP"]},"ItemClassEnum":{"type":"string","enum":["itcService","itcMaterial"]},"ItemWarehouseInfo":{"type":"object","properties":{"ForeignExpensAcc":{"type":"string"},"DecreasingAccount":{"type":"string"},"Counted":{"type":"number"},"PurchaseAcct":{"type":"string"},"ReturningAccount":{"type":"string"},"CostAccount":{"type":"string"},"EURevenuesAccount":{"type":"string"},"MaximalStock":{"type":"number"},"PurchaseCreditAcc":{"type":"string"},"PurchaseBalanceAccount":{"type":"string"},"Ordered":{"type":"number"},"ExchangeRateDifferencesAcct":{"type":"string"},"ExpensesAccount":{"type":"string"},"EUPurchaseCreditAcc":{"type":"string"},"StockInflationOffsetAccount":{"type":"string"},"WarehouseCode":{"type":"string"},"MinimalStock":{"type":"number"},"WipAccount":{"type":"string"},"SalesCreditEUAcc":{"type":"string"},"StockInTransitAccount":{"type":"string"},"CountedQuantity":{"type":"number"},"ExemptedCredits":{"type":"string"},"MinimalOrder":{"type":"number"},"UserSignature":{"type":"integer"},"PAReturnAcct":{"type":"string"},"StockInflationAdjustAccount":{"type":"string"},"ExpenseClearingAct":{"type":"string"},"ExpenseOffsettingAccount":{"type":"string"},"IncreasingAccount":{"type":"string"},"ShippedGoodsAccount":{"type":"string"},"TransferAccount":{"type":"string"},"DefaultBinEnforced":{"$ref":"#/definitions/BoYesNoEnum"},"PriceDifferenceAcc":{"type":"string"},"NegativeInventoryAdjustmentAccount":{"type":"string"},"WHOutgoingCenvatAccount":{"type":"string"},"WasCounted":{"$ref":"#/definitions/BoYesNoEnum"},"ForeignRevenueAcc":{"type":"string"},"StandardAveragePrice":{"type":"number"},"WipVarianceAccount":{"type":"string"},"WHIncomingCenvatAccount":{"type":"string"},"Committed":{"type":"number"},"GLIncreaseAcct":{"type":"string"},"Locked":{"$ref":"#/definitions/BoYesNoEnum"},"WipOffsetProfitAndLossAccount":{"type":"string"},"InventoryAccount":{"type":"string"},"ForeignPurchaseCreditAcc":{"type":"string"},"SalesCreditAcc":{"type":"string"},"DefaultBin":{"type":"integer"},"GLDecreaseAcct":{"type":"string"},"VATInRevenueAccount":{"type":"string"},"GoodsClearingAcct":{"type":"string"},"SalesCreditForeignAcc":{"type":"string"},"InventoryOffsetProfitAndLossAccount":{"type":"string"},"EUExpensesAccount":{"type":"string"},"ExemptIncomeAcc":{"type":"string"},"InStock":{"type":"number"},"VarienceAccount":{"type":"string"},"RevenuesAccount":{"type":"string"},"PurchaseOffsetAcct":{"type":"string"},"CostInflationAccount":{"type":"string"},"ItemCycleCounts":{"type":"array","items":{"$ref":"#/definitions/ItemCycleCount"}},"CostInflationOffsetAccount":{"type":"string"}}},"IssuePrimarilyByEnum":{"type":"string","enum":["ipbSerialAndBatchNumbers","ipbBinLocations"]},"BoProcurementMethod":{"type":"string","enum":["bom_Buy","bom_Make"]},"BoManageMethod":{"type":"string","enum":["bomm_OnReleaseOnly","bomm_OnEveryTransaction"]},"ItemUoMPackage":{"type":"object","properties":{"Width2":{"type":"number"},"Width2Unit":{"type":"integer"},"UoMEntry":{"type":"integer"},"Length2Unit":{"type":"integer"},"Height1Unit":{"type":"integer"},"Width1":{"type":"number"},"Length1Unit":{"type":"integer"},"Weight1Unit":{"type":"integer"},"UoMType":{"$ref":"#/definitions/ItemUoMTypeEnum"},"Width1Unit":{"type":"integer"},"Volume":{"type":"number"},"Weight2":{"type":"number"},"PackageTypeEntry":{"type":"integer"},"Height2Unit":{"type":"integer"},"Weight1":{"type":"number"},"QuantityPerPackage":{"type":"number"},"Height1":{"type":"number"},"Height2":{"type":"number"},"VolumeUnit":{"type":"integer"},"Length1":{"type":"number"},"Length2":{"type":"number"},"Weight2Unit":{"type":"integer"}}},"BoServiceSupplyMethods":{"type":"string","enum":["ssmToMoreResumptions","ssmImmediate"]},"ItemUnitOfMeasurement":{"type":"object","properties":{"Width2":{"type":"number"},"Width2Unit":{"type":"integer"},"UoMEntry":{"type":"integer"},"Length2Unit":{"type":"integer"},"DefaultPackage":{"type":"integer"},"Height1Unit":{"type":"integer"},"DefaultBarcode":{"type":"integer"},"Width1":{"type":"number"},"Length1Unit":{"type":"integer"},"Weight1Unit":{"type":"integer"},"UoMType":{"$ref":"#/definitions/ItemUoMTypeEnum"},"Width1Unit":{"type":"integer"},"ItemUoMPackageCollection":{"type":"array","items":{"$ref":"#/definitions/ItemUoMPackage"}},"Volume":{"type":"number"},"Weight2":{"type":"number"},"Height2Unit":{"type":"integer"},"Weight1":{"type":"number"},"Height1":{"type":"number"},"Height2":{"type":"number"},"VolumeUnit":{"type":"integer"},"Length1":{"type":"number"},"Length2":{"type":"number"},"Weight2Unit":{"type":"integer"}}},"BoMaterialTypes":{"type":"string","enum":["mt_OtherInput","mt_SubProduct","mt_Service","mt_Other","mt_GoodsInProcess","mt_IntermediateMaterial","mt_FixedAsset","mt_Package","mt_ConsumerMaterial","mt_GoodsForReseller","mt_RawMaterial","mt_FinishedGoods"]},"BoMRPComponentWarehouse":{"type":"string","enum":["bomcw_BOM","bomcw_Parent"]},"BoItemTreeTypes":{"type":"string","enum":["iNotATree","iTemplateTree","iIngredient","iProductionTree","iSalesTree","iAssemblyTree"]},"ItemPreferredVendor":{"type":"object","properties":{"BPCode":{"type":"string"}}},"ItemPrice":{"type":"object","properties":{"BasePriceList":{"type":"integer"},"AdditionalCurrency2":{"type":"string"},"Price":{"type":"number"},"AdditionalPrice1":{"type":"number"},"Currency":{"type":"string"},"AdditionalCurrency1":{"type":"string"},"Factor":{"type":"number"},"AdditionalPrice2":{"type":"number"},"UoMPrices":{"type":"array","items":{"$ref":"#/definitions/UoMPrice"}},"PriceList":{"type":"integer"}}},"BoServicePaymentMethods":{"type":"string","enum":["spmOther","spmBankTransfer","spmAccreditedToBankAccount"]},"TypeOfAdvancedRulesEnum":{"type":"string","enum":["toarGeneral","toarWarehouse","toarItemGroup"]},"ItemLocalizationInfo":{"type":"object","properties":{"ItemCode":{"type":"string"},"IncomeNature":{"type":"string"}}},"SpecialProductTypeEnum":{"type":"string","enum":["sptMT","sptIO"]},"ItemDistributionRule":{"type":"object","properties":{"DistributionRule":{"type":"string"},"DistributionRule4":{"type":"string"},"DistributionRule5":{"type":"string"},"DistributionRule2":{"type":"string"},"DistributionRule3":{"type":"string"},"ValidTo":{"type":"string"},"ValidFrom":{"type":"string"},"LineNumber":{"type":"string"}}},"ItemAttributeGroups":{"type":"object","properties":{"Attribute41":{"type":"integer"},"Attribute40":{"type":"integer"},"Attribute43":{"type":"string"},"Attribute42":{"type":"integer"},"Attribute45":{"type":"string"},"Attribute44":{"type":"string"},"Attribute47":{"type":"string"},"Attribute46":{"type":"string"},"Attribute38":{"type":"integer"},"Attribute37":{"type":"integer"},"Attribute39":{"type":"integer"},"Attribute30":{"type":"string"},"Attribute32":{"type":"string"},"Attribute31":{"type":"string"},"Attribute34":{"type":"integer"},"Attribute33":{"type":"integer"},"Attribute36":{"type":"integer"},"Attribute35":{"type":"integer"},"Attribute27":{"type":"string"},"Attribute26":{"type":"string"},"Attribute29":{"type":"string"},"Attribute28":{"type":"string"},"Attribute9":{"type":"string"},"Attribute8":{"type":"string"},"Attribute7":{"type":"string"},"Attribute6":{"type":"string"},"Attribute5":{"type":"string"},"Attribute61":{"type":"number"},"Attribute4":{"type":"string"},"Attribute60":{"type":"number"},"Attribute3":{"type":"string"},"Attribute63":{"type":"number"},"Attribute2":{"type":"string"},"Attribute62":{"type":"number"},"Attribute1":{"type":"string"},"Attribute21":{"type":"string"},"Attribute20":{"type":"string"},"Attribute64":{"type":"number"},"Attribute23":{"type":"string"},"Attribute22":{"type":"string"},"Attribute25":{"type":"string"},"Attribute24":{"type":"string"},"Attribute16":{"type":"string"},"Attribute15":{"type":"string"},"Attribute59":{"type":"number"},"Attribute18":{"type":"string"},"Attribute17":{"type":"string"},"Attribute19":{"type":"string"},"Attribute50":{"type":"number"},"Attribute52":{"type":"number"},"Attribute51":{"type":"number"},"Attribute10":{"type":"string"},"Attribute54":{"type":"number"},"Attribute53":{"type":"number"},"Attribute12":{"type":"string"},"Attribute56":{"type":"number"},"Attribute11":{"type":"string"},"Attribute55":{"type":"number"},"Attribute14":{"type":"string"},"Attribute58":{"type":"number"},"Attribute13":{"type":"string"},"Attribute57":{"type":"number"},"Attribute49":{"type":"number"},"Attribute48":{"type":"number"}}},"UoMPrice":{"type":"object","properties":{"Auto":{"$ref":"#/definitions/BoYesNoEnum"},"UoMEntry":{"type":"integer"},"ReduceBy":{"type":"number"},"AdditionalCurrency2":{"type":"string"},"Price":{"type":"number"},"AdditionalPrice1":{"type":"number"},"Currency":{"type":"string"},"AdditionalCurrency1":{"type":"string"},"AdditionalReduceBy1":{"type":"number"},"AdditionalPrice2":{"type":"number"},"AdditionalReduceBy2":{"type":"number"},"PriceList":{"type":"integer"}}},"ItemPeriodControl":{"type":"object","properties":{"FiscalYear":{"type":"string"},"SubPeriod":{"type":"integer"},"Factor":{"type":"number"},"DepreciationStatus":{"$ref":"#/definitions/BoYesNoEnum"},"DepreciationArea":{"type":"string"},"ActualUnits":{"type":"integer"}}},"BoDocumentTypes":{"type":"string","enum":["dDocument_Items","dDocument_Service"]},"ItemDepreciationParameter":{"type":"object","properties":{"RemainingUnits":{"type":"integer"},"FiscalYear":{"type":"string"},"DepreciationStartDate":{"type":"string"},"DepreciationEndDate":{"type":"string"},"StandardUnits":{"type":"integer"},"DepreciationArea":{"type":"string"},"RemainingLife":{"type":"number"},"DepreciationType":{"type":"string"},"UsefulLife":{"type":"integer"},"TotalUnitsInUsefulLife":{"type":"integer"}}},"ItemIntrastatExtension":{"type":"object","properties":{"ImportNatureOfTransaction":{"type":"integer"},"FactorOfSupplementaryUnit":{"type":"number"},"ItemCode":{"type":"string"},"ImportRegionState":{"type":"integer"},"ExportNatureOfTransaction":{"type":"integer"},"CountryOfOrigin":{"type":"string"},"ServiceSupplyMethod":{"$ref":"#/definitions/BoServiceSupplyMethods"},"ExportRegionCountry":{"type":"string"},"ExportRegionState":{"type":"integer"},"IntrastatRelevant":{"$ref":"#/definitions/BoYesNoEnum"},"SupplementaryUnit":{"type":"integer"},"Type":{"$ref":"#/definitions/BoDocumentTypes"},"ServicePaymentMethod":{"$ref":"#/definitions/BoServicePaymentMethods"},"ServiceCode":{"type":"integer"},"UseWeightInCalculation":{"$ref":"#/definitions/BoYesNoEnum"},"CommodityCode":{"type":"integer"},"ImportStatisticalProcedure":{"type":"integer"},"StatisticalCode":{"type":"string"},"ImportRegionCountry":{"type":"string"},"ExportStatisticalProcedure":{"type":"integer"}}},"ItemUoMTypeEnum":{"type":"string","enum":["iutSales","iutPurchasing","iutInventory"]},"AssetStatusEnum":{"type":"string","enum":["Active","New","Inactive"]}},"swagger":"3.0","info":{"description":"This is a sample server Petstore server.","title":"Swagger For Service Layer","version":"1.0.0"},"tags":[{"name":"Items","description":"This entity enables you to manipulate 'Items'."}]}