{"basePath":"/b1s/v1/","paths":{"/ItemImages(id)":{"patch":{"produces":["application/json","application/xml"],"description":"Update an instance of 'ItemImages' with an image of multipart/form-data format and with the specified id.","responses":{"200":{"description":"successful operation"}},"parameters":[{"schema":{"$ref":"#/definitions/ItemImage"},"in":"body","name":"body"}],"tags":["ItemImages"],"consumes":["application/json","application/xml"]},"get":{"produces":["application/json","application/xml"],"description":"Retrieve all or some selected properties from an instance of 'ItemImages' with the given id.","responses":{"200":{"description":"successful operation"}},"parameters":[],"tags":["ItemImages"],"consumes":["application/json","application/xml"]},"delete":{"produces":["application/json","application/xml"],"description":"Delete an instance of 'ItemImages' with the specified id.","responses":{"200":{"description":"successful operation"}},"parameters":[],"tags":["ItemImages"],"consumes":["application/json","application/xml"]}}},"host":"slcdemo.cfapps.sap.hana.ondemand.com","schemes":"https","definitions":{"ItemImage":{"type":"object","properties":{"ItemCode":{"type":"string"},"Picture":{"type":"string"}}}},"swagger":"3.0","info":{"description":"This is a sample server Petstore server.","title":"Swagger For Service Layer","version":"1.0.0"},"tags":[{"name":"ItemImages","description":"This entity enables you to manipulate 'ItemImages'. It is a stream entity and relies on the entity 'Item'."}]}