{"basePath":"/b1s/v1/","paths":{"/ItemProperties(id)":{"patch":{"produces":["application/json","application/xml"],"description":"Update an instance of 'ItemProperties' with the given payload of type 'ItemProperty' in JSON format and with the specified id.","responses":{"200":{"description":"successful operation"}},"parameters":[{"schema":{"$ref":"#/definitions/ItemProperty"},"in":"body","name":"body"}],"tags":["ItemProperties"],"consumes":["application/json","application/xml"]},"get":{"produces":["application/json","application/xml"],"description":"Retrieve all or some selected properties from an instance of 'ItemProperties' with the given id.","responses":{"200":{"description":"successful operation"}},"parameters":[{"name":"Number","type":"string"},{"name":"PropertyName","type":"string"}],"tags":["ItemProperties"],"consumes":["application/json","application/xml"]},"delete":{"produces":["application/json","application/xml"],"description":"Delete an instance of 'ItemProperties' with the specified id.","responses":{"200":{"description":"successful operation"}},"parameters":[],"tags":["ItemProperties"],"consumes":["application/json","application/xml"]}},"/ItemProperties":{"post":{"produces":["application/json","application/xml"],"description":"Create an instance of 'ItemProperties' with the given payload of type 'ItemProperty' in JSON format.","responses":{"200":{"description":"successful operation"}},"parameters":[{"schema":{"$ref":"#/definitions/ItemProperty"},"in":"body","name":"body"}],"tags":["ItemProperties"],"consumes":["application/json","application/xml"]},"get":{"produces":["application/json","application/xml"],"description":"Retrieve a collection of 'ItemProperties' with all or some selected properties in the given order by specifying the given filter condition.","responses":{"200":{"description":"successful operation"}},"parameters":[{"name":"Number","type":"string"},{"name":"Property","type":"string"}],"tags":["ItemProperties"],"consumes":["application/json","application/xml"]}}},"host":"slcdemo.cfapps.sap.hana.ondemand.com","schemes":"https","definitions":{"ItemProperty":{"type":"object","properties":{"PropertyName":{"type":"string"},"Number":{"type":"integer"}}}},"swagger":"3.0","info":{"description":"This is a sample server Petstore server.","title":"Swagger For Service Layer","version":"1.0.0"},"tags":[{"name":"ItemProperties","description":"This entity enables you to manipulate 'ItemProperties'."}]}