{"basePath":"/b1s/v1/","paths":{"/JournalEntryDocumentTypes(id)":{"patch":{"produces":["application/json","application/xml"],"description":"Update an instance of 'JournalEntryDocumentTypes' with the given payload of type 'JournalEntryDocumentType' in JSON format and with the specified id.","responses":{"200":{"description":"successful operation"}},"parameters":[{"schema":{"$ref":"#/definitions/JournalEntryDocumentType"},"in":"body","name":"body"}],"tags":["JournalEntryDocumentTypes"],"consumes":["application/json","application/xml"]},"get":{"produces":["application/json","application/xml"],"description":"Retrieve all or some selected properties from an instance of 'JournalEntryDocumentTypes' with the given id.","responses":{"200":{"description":"successful operation"}},"parameters":[{"name":"JournalEntryType","type":"string"},{"name":"DocTypeDescription","type":"string"},{"name":"ShortName","type":"string"}],"tags":["JournalEntryDocumentTypes"],"consumes":["application/json","application/xml"]},"delete":{"produces":["application/json","application/xml"],"description":"Delete an instance of 'JournalEntryDocumentTypes' with the specified id.","responses":{"200":{"description":"successful operation"}},"parameters":[],"tags":["JournalEntryDocumentTypes"],"consumes":["application/json","application/xml"]}},"/JournalEntryDocumentTypes":{"post":{"produces":["application/json","application/xml"],"description":"Create an instance of 'JournalEntryDocumentTypes' with the given payload of type 'JournalEntryDocumentType' in JSON format.","responses":{"200":{"description":"successful operation"}},"parameters":[{"schema":{"$ref":"#/definitions/JournalEntryDocumentType"},"in":"body","name":"body"}],"tags":["JournalEntryDocumentTypes"],"consumes":["application/json","application/xml"]},"get":{"produces":["application/json","application/xml"],"description":"Retrieve a collection of 'JournalEntryDocumentTypes' with all or some selected properties in the given order by specifying the given filter condition.","responses":{"200":{"description":"successful operation"}},"parameters":[{"name":"JournalEntryType","type":"string"},{"name":"DocTypeDescription","type":"string"},{"name":"Short","type":"string"}],"tags":["JournalEntryDocumentTypes"],"consumes":["application/json","application/xml"]}}},"host":"slcdemo.cfapps.sap.hana.ondemand.com","schemes":"https","definitions":{"JournalEntryDocumentType":{"type":"object","properties":{"DocTypeDescription":{"type":"string"},"ShortName":{"type":"string"},"JournalEntryType":{"type":"string"}}}},"swagger":"3.0","info":{"description":"This is a sample server Petstore server.","title":"Swagger For Service Layer","version":"1.0.0"},"tags":[{"name":"JournalEntryDocumentTypes","description":"This entity enables you to manipulate 'JournalEntryDocumentTypes'."}]}