{"basePath":"/b1s/v1/","paths":{"/JournalEntries(id)/Cancel":{"post":{"produces":["application/json","application/xml"],"description":"Invoke the method 'Cancel' on this EntitySet with the specified id.","responses":{"200":{"description":"successful operation"}},"parameters":[{"schema":{"$ref":"#/definitions/JournalEntry"},"in":"body","name":"body"}],"tags":["JournalEntries"],"consumes":["application/json","application/xml"]}},"/JournalEntries(id)":{"patch":{"produces":["application/json","application/xml"],"description":"Update an instance of 'JournalEntries' with the given payload of type 'JournalEntry' in JSON format and with the specified id.","responses":{"200":{"description":"successful operation"}},"parameters":[{"schema":{"$ref":"#/definitions/JournalEntry"},"in":"body","name":"body"}],"tags":["JournalEntries"],"consumes":["application/json","application/xml"]},"get":{"produces":["application/json","application/xml"],"description":"Retrieve all or some selected properties from an instance of 'JournalEntries' with the given id.","responses":{"200":{"description":"successful operation"}},"parameters":[{"name":"ReferenceDate","type":"string"},{"name":"Memo","type":"string"},{"name":"Reference","type":"string"}],"tags":["JournalEntries"],"consumes":["application/json","application/xml"]}},"/JournalEntries":{"post":{"produces":["application/json","application/xml"],"description":"Create an instance of 'JournalEntries' with the given payload of type 'JournalEntry' in JSON format.","responses":{"200":{"description":"successful operation"}},"parameters":[{"schema":{"$ref":"#/definitions/JournalEntry"},"in":"body","name":"body"}],"tags":["JournalEntries"],"consumes":["application/json","application/xml"]},"get":{"produces":["application/json","application/xml"],"description":"Retrieve a collection of 'JournalEntries' with all or some selected properties in the given order by specifying the given filter condition.","responses":{"200":{"description":"successful operation"}},"parameters":[{"name":"ReferenceDate","type":"string"},{"name":"Memo","type":"string"},{"name":"Refer","type":"string"}],"tags":["JournalEntries"],"consumes":["application/json","application/xml"]}}},"host":"slcdemo.cfapps.sap.hana.ondemand.com","schemes":"https","definitions":{"WithholdingTaxData":{"type":"object","properties":{"Category":{"type":"string"},"AppliedWTAmount":{"type":"number"},"Criteria":{"type":"string"},"LineNum":{"type":"integer"},"TargetDocumentType":{"type":"integer"},"TaxableAmountFC":{"type":"number"},"BaseDocumentReference":{"type":"integer"},"BaseDocLine":{"type":"integer"},"WTCode":{"type":"string"},"Status":{"$ref":"#/definitions/BoStatus"},"TaxableAmountinSys":{"type":"number"},"TargetAbsEntry":{"type":"integer"},"WTAmount":{"type":"number"},"TaxableAmount":{"type":"number"},"Rate":{"type":"number"},"AppliedWTAmountSys":{"type":"number"},"WTAmountSys":{"type":"number"},"GLAccount":{"type":"string"},"WithholdingType":{"type":"string"},"BaseDocType":{"type":"integer"},"BaseDocEntry":{"type":"integer"},"BaseType":{"type":"string"},"AppliedWTAmountFC":{"type":"number"},"WTAmountFC":{"type":"number"},"RoundingType":{"type":"string"}}},"ResidenceNumberTypeEnum":{"type":"string","enum":["rntCertificateofFiscalResidence","rntPassport","rntOtherDocument","rntFiscalIDIssuedbytheResidenceCountry","rntVATRegistrationNumber","rntSpanishFiscalID"]},"BoStatus":{"type":"string","enum":["bost_Paid","bost_Delivered","bost_Open","bost_Close"]},"JournalEntry":{"type":"object","properties":{"PointOfIssueCode":{"type":"string"},"VatAmount":{"type":"number"},"StampTax":{"description":"BoYesNoEnum","type":"string","enum":["tYES","tNO"]},"SignatureDigest":{"type":"string"},"CostingCode":{"type":"string"},"ControlAccount":{"type":"string"},"LineNum":{"type":"integer"},"TaxDate":{"type":"string"},"TargetDocumentType":{"type":"integer"},"TaxableAmountFC":{"type":"number"},"TransactionCode":{"type":"string"},"ECDPostingType":{"description":"ECDPostingTypeEnum","type":"string","enum":["ecdNormal","ecdStatement"]},"FCDebit":{"type":"number"},"CheckAbs":{"type":"integer"},"Status":{"description":"BoStatus","type":"string","enum":["bost_Paid","bost_Delivered","bost_Open","bost_Close"]},"Debit":{"type":"number"},"AdditionalReference":{"type":"string"},"WTLiable":{"description":"BoYesNoEnum","type":"string","enum":["tYES","tNO"]},"Rate":{"type":"number"},"LocationCode":{"type":"integer"},"WTAmountSys":{"type":"number"},"BaseDocEntry":{"type":"integer"},"PaymentMeans":{"description":"PaymentMeansTypeEnum","type":"string","enum":["pmtChecks","pmtCreditCard","pmtNotAssigned","pmtCash","pmtBankTransfer"]},"Letter":{"description":"FolioLetterEnum","type":"string","enum":["fLetterR","fLetterE","fLetterB","fLetterC","fLetterA","fLetterM"]},"JdtNum":{"type":"integer"},"TaxPostAccount":{"description":"BoTaxPostAccEnum","type":"string","enum":["tpa_PurchaseTaxAccount","tpa_Default","tpa_SalesTaxAccount"]},"VatDate":{"type":"string"},"WTSumFC":{"type":"number"},"Reference3":{"type":"string"},"DocumentLine":{"type":"integer"},"Reference1":{"type":"string"},"Reference2":{"type":"string"},"JournalEntryLines":{"type":"array","items":{"$ref":"#/definitions/JournalEntryLine"}},"Report347":{"description":"BoYesNoEnum","type":"string","enum":["tYES","tNO"]},"BaseReference":{"type":"string"},"AutomaticWT":{"description":"BoYesNoEnum","type":"string","enum":["tYES","tNO"]},"AppliedWTAmount":{"type":"number"},"WithholdingTaxDataCollection":{"type":"array","items":{"$ref":"#/definitions/WithholdingTaxData"}},"FolioNumberTo":{"type":"integer"},"SystemBaseAmount":{"type":"number"},"Criteria":{"type":"string"},"WTRow":{"description":"BoYesNoEnum","type":"string","enum":["tYES","tNO"]},"CreditSys":{"type":"number"},"BaseDocumentReference":{"type":"integer"},"ContraAccount":{"type":"string"},"ReferenceDate1":{"type":"string"},"ReferenceDate2":{"type":"string"},"BPLName":{"type":"string"},"PaymentOrdered":{"description":"BoYesNoEnum","type":"string","enum":["tYES","tNO"]},"EqualizationTaxAmount":{"type":"number"},"WTCode":{"type":"string"},"ReportEU":{"description":"BoYesNoEnum","type":"string","enum":["tYES","tNO"]},"Reference":{"type":"string"},"TaxableAmount":{"type":"number"},"AutoVAT":{"description":"BoYesNoEnum","type":"string","enum":["tYES","tNO"]},"GLAccount":{"type":"string"},"WithholdingType":{"type":"string"},"CashFlowAssignments":{"type":"array","items":{"$ref":"#/definitions/CashFlowAssignment"}},"AmountFC":{"type":"number"},"AppliedWTAmountFC":{"type":"number"},"ReferenceDate":{"type":"string"},"SignatureInputMessage":{"type":"string"},"CertificationNumber":{"type":"string"},"CashFlowAssignmentsID":{"type":"integer"},"Memo":{"type":"string"},"Corisptivi":{"description":"BoYesNoEnum","type":"string","enum":["tYES","tNO"]},"BlockDunningLetter":{"description":"BoYesNoEnum","type":"string","enum":["tYES","tNO"]},"BlockReason":{"type":"integer"},"FCCredit":{"type":"number"},"CostingCode2":{"type":"string"},"CostingCode3":{"type":"string"},"ShortName":{"type":"string"},"CostingCode4":{"type":"string"},"CostingCode5":{"type":"string"},"DeferredTax":{"description":"BoYesNoEnum","type":"string","enum":["tYES","tNO"]},"ResidenceNumberType":{"description":"ResidenceNumberTypeEnum","type":"string","enum":["rntCertificateofFiscalResidence","rntPassport","rntOtherDocument","rntFiscalIDIssuedbytheResidenceCountry","rntVATRegistrationNumber","rntSpanishFiscalID"]},"OriginalJournal":{"description":"TransTypesEnum","type":"string","enum":["ttAPCorrectionInvoiceReversal","ttInternalReconciliation","ttVendorPayment","ttStockList","ttDownPayment","ttOpeningBalance","ttPurchaseReturn","ttPurchaseDownPayment","ttAllTransactions","ttChequesForPayment","ttProductionOrder","ttAPInvoice","ttJournalEntry","ttWorkInstructions","ttAPCorrectionInvoice","ttCorrectionInvoice","ttDeferredDeposit","ttARInvoice","ttDeposit","ttGeneralReleaseFromStock","ttLandedCosts","ttBoETransaction","ttARCorrectionInvoice","ttPurchaseDeliveryNote","ttReturn","ttARCorrectionInvoiceReversal","ttDelivery","ttReceipt","ttClosingBalance","ttInventoryValuation","ttGeneralReceiptToStock","ttTransferBetweenWarehouses","ttAPCreditNote","ttARCredItnote"]},"FederalTaxID":{"type":"string"},"UseAutoStorno":{"description":"BoYesNoEnum","type":"string","enum":["tYES","tNO"]},"SystemEqualizationTaxAmount":{"type":"number"},"CashFlowLineItemID":{"type":"integer"},"AccountCode":{"type":"string"},"Printed":{"description":"PrintStatusEnum","type":"string","enum":["psYes","psAmended","psNo"]},"BaseDocLine":{"type":"integer"},"FolioNumber":{"type":"integer"},"FolioNumberFrom":{"type":"integer"},"BPLID":{"type":"integer"},"GrossValue":{"type":"number"},"TaxableAmountinSys":{"type":"number"},"WTSumSC":{"type":"number"},"SystemTotalTax":{"type":"number"},"WTAmount":{"type":"number"},"DocumentArray":{"type":"integer"},"AmountLC":{"type":"number"},"TaxGroup":{"type":"string"},"WTAmountFC":{"type":"number"},"DebitSys":{"type":"number"},"SystemVatAmount":{"type":"number"},"BlanketAgreementNumber":{"type":"integer"},"Category":{"type":"string"},"OperationCode":{"description":"OperationCodeTypeEnum","type":"string","enum":["octSummaryInvoicesEntry","octSpecialRegulationforGoldInvestment","octDueVATPendingInvoiceIssuance","octInsuranceTransactions","octSubsidies","octUnsummarizedReceipts","octServiceInvoicingbyTravelAgenciesonBehalfofThirdParties","octSummaryReceiptsEntry","octTransactionswithEntrepreneursIssuingReceiptsforAgriculturalCompensation","octExpensesIncurredbyTravelAgentforCustomers","octIdentificationofErrorTransactions","octPurchasesfromTravelAgencies","octCorrectionInvoice","octTransactionsSubjecttoProductionServiceandImportTaxesinCeutaandMelilla","octIncomingPaymentsforIndustrialandIntellectualPropertyRights","octInvoicewithSeveralVATRates","octBusinessOfficeRental","octReverseChargeProcedure","octSpecialRegulationforVATGroup"]},"ExposedTransNumber":{"type":"integer"},"FolioPrefixString":{"type":"string"},"FCCurrency":{"type":"string"},"Credit":{"type":"number"},"Number":{"type":"integer"},"TaxCode":{"type":"string"},"TotalTax":{"type":"number"},"PaymentBlock":{"description":"BoYesNoEnum","type":"string","enum":["tYES","tNO"]},"ProjectCode":{"type":"string"},"VATRegNum":{"type":"string"},"DueDate":{"type":"string"},"LineMemo":{"type":"string"},"StornoDate":{"type":"string"},"WTSum":{"type":"number"},"TargetAbsEntry":{"type":"integer"},"Line_ID":{"type":"integer"},"JDTLineId":{"type":"integer"},"AppliedWTAmountSys":{"type":"number"},"DocumentType":{"type":"string"},"BaseDocType":{"type":"integer"},"CheckNumber":{"type":"string"},"Indicator":{"type":"string"},"Series":{"type":"integer"},"BaseType":{"type":"string"},"VatLine":{"description":"BoYesNoEnum","type":"string","enum":["tYES","tNO"]},"RoundingType":{"type":"string"},"Original":{"type":"integer"},"PrivateKeyVersion":{"type":"integer"},"BaseSum":{"type":"number"}}},"TransTypesEnum":{"type":"string","enum":["ttAPCorrectionInvoiceReversal","ttInternalReconciliation","ttVendorPayment","ttStockList","ttDownPayment","ttOpeningBalance","ttPurchaseReturn","ttPurchaseDownPayment","ttAllTransactions","ttChequesForPayment","ttProductionOrder","ttAPInvoice","ttJournalEntry","ttWorkInstructions","ttAPCorrectionInvoice","ttCorrectionInvoice","ttDeferredDeposit","ttARInvoice","ttDeposit","ttGeneralReleaseFromStock","ttLandedCosts","ttBoETransaction","ttARCorrectionInvoice","ttPurchaseDeliveryNote","ttReturn","ttARCorrectionInvoiceReversal","ttDelivery","ttReceipt","ttClosingBalance","ttInventoryValuation","ttGeneralReceiptToStock","ttTransferBetweenWarehouses","ttAPCreditNote","ttARCredItnote"]},"BoYesNoEnum":{"type":"string","enum":["tYES","tNO"]},"FolioLetterEnum":{"type":"string","enum":["fLetterR","fLetterE","fLetterB","fLetterC","fLetterA","fLetterM"]},"ECDPostingTypeEnum":{"type":"string","enum":["ecdNormal","ecdStatement"]},"PaymentMeansTypeEnum":{"type":"string","enum":["pmtChecks","pmtCreditCard","pmtNotAssigned","pmtCash","pmtBankTransfer"]},"JournalEntryLine":{"type":"object","properties":{"VatAmount":{"type":"number"},"BlockReason":{"type":"integer"},"FCCredit":{"type":"number"},"CostingCode2":{"type":"string"},"CostingCode3":{"type":"string"},"ShortName":{"type":"string"},"CostingCode":{"type":"string"},"CostingCode4":{"type":"string"},"CostingCode5":{"type":"string"},"ControlAccount":{"type":"string"},"FederalTaxID":{"type":"string"},"SystemEqualizationTaxAmount":{"type":"number"},"TaxDate":{"type":"string"},"AccountCode":{"type":"string"},"FCDebit":{"type":"number"},"BPLID":{"type":"integer"},"CheckAbs":{"type":"integer"},"GrossValue":{"type":"number"},"Debit":{"type":"number"},"AdditionalReference":{"type":"string"},"WTLiable":{"$ref":"#/definitions/BoYesNoEnum"},"SystemTotalTax":{"type":"number"},"DocumentArray":{"type":"integer"},"LocationCode":{"type":"integer"},"TaxPostAccount":{"$ref":"#/definitions/BoTaxPostAccEnum"},"TaxGroup":{"type":"string"},"VatDate":{"type":"string"},"DocumentLine":{"type":"integer"},"Reference1":{"type":"string"},"Reference2":{"type":"string"},"DebitSys":{"type":"number"},"SystemVatAmount":{"type":"number"},"ExposedTransNumber":{"type":"integer"},"SystemBaseAmount":{"type":"number"},"FCCurrency":{"type":"string"},"WTRow":{"$ref":"#/definitions/BoYesNoEnum"},"CreditSys":{"type":"number"},"Credit":{"type":"number"},"TaxCode":{"type":"string"},"TotalTax":{"type":"number"},"PaymentBlock":{"$ref":"#/definitions/BoYesNoEnum"},"ContraAccount":{"type":"string"},"ReferenceDate1":{"type":"string"},"ProjectCode":{"type":"string"},"VATRegNum":{"type":"string"},"ReferenceDate2":{"type":"string"},"BPLName":{"type":"string"},"DueDate":{"type":"string"},"PaymentOrdered":{"$ref":"#/definitions/BoYesNoEnum"},"LineMemo":{"type":"string"},"EqualizationTaxAmount":{"type":"number"},"Line_ID":{"type":"integer"},"CashFlowAssignments":{"type":"array","items":{"$ref":"#/definitions/CashFlowAssignment"}},"VatLine":{"$ref":"#/definitions/BoYesNoEnum"},"BaseSum":{"type":"number"}}},"OperationCodeTypeEnum":{"type":"string","enum":["octSummaryInvoicesEntry","octSpecialRegulationforGoldInvestment","octDueVATPendingInvoiceIssuance","octInsuranceTransactions","octSubsidies","octUnsummarizedReceipts","octServiceInvoicingbyTravelAgenciesonBehalfofThirdParties","octSummaryReceiptsEntry","octTransactionswithEntrepreneursIssuingReceiptsforAgriculturalCompensation","octExpensesIncurredbyTravelAgentforCustomers","octIdentificationofErrorTransactions","octPurchasesfromTravelAgencies","octCorrectionInvoice","octTransactionsSubjecttoProductionServiceandImportTaxesinCeutaandMelilla","octIncomingPaymentsforIndustrialandIntellectualPropertyRights","octInvoicewithSeveralVATRates","octBusinessOfficeRental","octReverseChargeProcedure","octSpecialRegulationforVATGroup"]},"CashFlowAssignment":{"type":"object","properties":{"CashFlowLineItemID":{"type":"integer"},"Credit":{"type":"number"},"AmountFC":{"type":"number"},"JDTLineId":{"type":"integer"},"CheckNumber":{"type":"string"},"CashFlowAssignmentsID":{"type":"integer"},"AmountLC":{"type":"number"},"PaymentMeans":{"$ref":"#/definitions/PaymentMeansTypeEnum"}}},"BoTaxPostAccEnum":{"type":"string","enum":["tpa_PurchaseTaxAccount","tpa_Default","tpa_SalesTaxAccount"]},"PrintStatusEnum":{"type":"string","enum":["psYes","psAmended","psNo"]}},"swagger":"3.0","info":{"description":"This is a sample server Petstore server.","title":"Swagger For Service Layer","version":"1.0.0"},"tags":[{"name":"JournalEntries","description":"This entity enables you to manipulate 'JournalEntries'. It represents journal transactions."}]}