{"basePath":"/b1s/v1/","paths":{"/KnowledgeBaseSolutions":{"post":{"produces":["application/json","application/xml"],"description":"Create an instance of 'KnowledgeBaseSolutions' with the given payload of type 'KnowledgeBaseSolution' in JSON format.","responses":{"200":{"description":"successful operation"}},"parameters":[{"schema":{"$ref":"#/definitions/KnowledgeBaseSolution"},"in":"body","name":"body"}],"tags":["KnowledgeBaseSolutions"],"consumes":["application/json","application/xml"]},"get":{"produces":["application/json","application/xml"],"description":"Retrieve a collection of 'KnowledgeBaseSolutions' with all or some selected properties in the given order by specifying the given filter condition.","responses":{"200":{"description":"successful operation"}},"parameters":[{"name":"ItemCode","type":"string"},{"name":"Status","type":"string"},{"name":"O","type":"string"}],"tags":["KnowledgeBaseSolutions"],"consumes":["application/json","application/xml"]}},"/KnowledgeBaseSolutions(id)":{"patch":{"produces":["application/json","application/xml"],"description":"Update an instance of 'KnowledgeBaseSolutions' with the given payload of type 'KnowledgeBaseSolution' in JSON format and with the specified id.","responses":{"200":{"description":"successful operation"}},"parameters":[{"schema":{"$ref":"#/definitions/KnowledgeBaseSolution"},"in":"body","name":"body"}],"tags":["KnowledgeBaseSolutions"],"consumes":["application/json","application/xml"]},"get":{"produces":["application/json","application/xml"],"description":"Retrieve all or some selected properties from an instance of 'KnowledgeBaseSolutions' with the given id.","responses":{"200":{"description":"successful operation"}},"parameters":[{"name":"ItemCode","type":"string"},{"name":"Status","type":"string"},{"name":"Owner","type":"string"}],"tags":["KnowledgeBaseSolutions"],"consumes":["application/json","application/xml"]},"delete":{"produces":["application/json","application/xml"],"description":"Delete an instance of 'KnowledgeBaseSolutions' with the specified id.","responses":{"200":{"description":"successful operation"}},"parameters":[],"tags":["KnowledgeBaseSolutions"],"consumes":["application/json","application/xml"]}}},"host":"slcdemo.cfapps.sap.hana.ondemand.com","schemes":"https","definitions":{"KnowledgeBaseSolution":{"type":"object","properties":{"Status":{"type":"integer"},"LastUpdatedBy":{"type":"integer"},"CreationDate":{"type":"string"},"ItemCode":{"type":"string"},"Owner":{"type":"integer"},"CreatedBy":{"type":"integer"},"Description":{"type":"string"},"AttachmentEntry":{"type":"integer"},"SolutionCode":{"type":"integer"},"Cause":{"type":"string"},"Symptom":{"type":"string"},"Solution":{"type":"string"},"LastUpdateDate":{"type":"string"}}}},"swagger":"3.0","info":{"description":"This is a sample server Petstore server.","title":"Swagger For Service Layer","version":"1.0.0"},"tags":[{"name":"KnowledgeBaseSolutions","description":"This entity enables you to manipulate 'KnowledgeBaseSolutions'. It represents the knowledge base solutions in the Service module."}]}