{"basePath":"/b1s/v1/","paths":{"/KPIs(id)":{"patch":{"produces":["application/json","application/xml"],"description":"Update an instance of 'KPIs' with the given payload of type 'KPI' in JSON format and with the specified id.","responses":{"200":{"description":"successful operation"}},"parameters":[{"schema":{"$ref":"#/definitions/KPI"},"in":"body","name":"body"}],"tags":["KPIs"],"consumes":["application/json","application/xml"]},"get":{"produces":["application/json","application/xml"],"description":"Retrieve all or some selected properties from an instance of 'KPIs' with the given id.","responses":{"200":{"description":"successful operation"}},"parameters":[{"name":"KPICode","type":"string"},{"name":"KPIName","type":"string"},{"name":"KPIType","type":"string"}],"tags":["KPIs"],"consumes":["application/json","application/xml"]},"delete":{"produces":["application/json","application/xml"],"description":"Delete an instance of 'KPIs' with the specified id.","responses":{"200":{"description":"successful operation"}},"parameters":[],"tags":["KPIs"],"consumes":["application/json","application/xml"]}},"/KPIs":{"post":{"produces":["application/json","application/xml"],"description":"Create an instance of 'KPIs' with the given payload of type 'KPI' in JSON format.","responses":{"200":{"description":"successful operation"}},"parameters":[{"schema":{"$ref":"#/definitions/KPI"},"in":"body","name":"body"}],"tags":["KPIs"],"consumes":["application/json","application/xml"]},"get":{"produces":["application/json","application/xml"],"description":"Retrieve a collection of 'KPIs' with all or some selected properties in the given order by specifying the given filter condition.","responses":{"200":{"description":"successful operation"}},"parameters":[{"name":"KPICode","type":"string"},{"name":"KPIName","type":"string"},{"name":"KPI","type":"string"}],"tags":["KPIs"],"consumes":["application/json","application/xml"]}}},"host":"slcdemo.cfapps.sap.hana.ondemand.com","schemes":"https","definitions":{"KPI_ItemLine":{"type":"object","properties":{"KPIValue30":{"type":"number"},"KPICode":{"type":"string"},"KPIValue13":{"type":"number"},"KPIValue12":{"type":"number"},"KPIValue11":{"type":"number"},"KPIName":{"type":"string"},"KPIValue10":{"type":"number"},"KPILineNumber":{"type":"integer"},"KPIValue8":{"type":"number"},"KPIValue17":{"type":"number"},"KPIValue7":{"type":"number"},"KPIValue16":{"type":"number"},"KPIValue6":{"type":"number"},"KPIValue15":{"type":"number"},"KPIValue5":{"type":"number"},"KPIValue14":{"type":"number"},"KPIValue19":{"type":"number"},"KPIValue9":{"type":"number"},"KPIValue18":{"type":"number"},"KPIValue4":{"type":"number"},"KPIValue3":{"type":"number"},"KPIValue2":{"type":"number"},"KPIValue1":{"type":"number"},"KPIValue20":{"type":"number"},"KPIValue24":{"type":"number"},"KPIValue23":{"type":"number"},"KPIValue22":{"type":"number"},"KPIValue21":{"type":"number"},"KPIValue28":{"type":"number"},"KPIValue27":{"type":"number"},"KPIValue26":{"type":"number"},"KPIValue25":{"type":"number"},"KPIValue29":{"type":"number"}}},"KPITypeEnum":{"type":"string","enum":["asQuarterly","asSingle","asMultiple","asMonthly"]},"KPI":{"type":"object","properties":{"NumberOfColumns":{"type":"integer"},"KPIValue30":{"type":"number"},"KPICode":{"type":"string"},"KPIValue13":{"type":"number"},"KPIValue12":{"type":"number"},"KPIValue11":{"type":"number"},"KPIName":{"type":"string"},"KPIValue10":{"type":"number"},"KPILineNumber":{"type":"integer"},"KPIValue8":{"type":"number"},"KPIValue17":{"type":"number"},"KPIValue7":{"type":"number"},"KPIValue16":{"type":"number"},"KPIValue6":{"type":"number"},"KPIValue15":{"type":"number"},"KPIValue5":{"type":"number"},"KPIValue14":{"type":"number"},"KPIValue19":{"type":"number"},"KPIValue9":{"type":"number"},"KPIValue18":{"type":"number"},"KPIValue4":{"type":"number"},"KPIValue3":{"type":"number"},"KPIValue2":{"type":"number"},"KPIValue1":{"type":"number"},"KPIValue20":{"type":"number"},"KPIValue24":{"type":"number"},"KPIValue23":{"type":"number"},"KPIValue22":{"type":"number"},"KPIValue21":{"type":"number"},"KPIValue28":{"type":"number"},"KPIValue27":{"type":"number"},"KPI_ItemLines":{"type":"array","items":{"$ref":"#/definitions/KPI_ItemLine"}},"KPIValue26":{"type":"number"},"KPIValue25":{"type":"number"},"KPIValue29":{"type":"number"},"KPIType":{"description":"KPITypeEnum","type":"string","enum":["asQuarterly","asSingle","asMultiple","asMonthly"]}}}},"swagger":"3.0","info":{"description":"This is a sample server Petstore server.","title":"Swagger For Service Layer","version":"1.0.0"},"tags":[{"name":"KPIs","description":"This entity enables you to manipulate 'KPIs'."}]}