{"basePath":"/b1s/v1/","paths":{"/LandedCostsCodes(id)":{"patch":{"produces":["application/json","application/xml"],"description":"Update an instance of 'LandedCostsCodes' with the given payload of type 'LandedCostsCode' in JSON format and with the specified id.","responses":{"200":{"description":"successful operation"}},"parameters":[{"schema":{"$ref":"#/definitions/LandedCostsCode"},"in":"body","name":"body"}],"tags":["LandedCostsCodes"],"consumes":["application/json","application/xml"]},"get":{"produces":["application/json","application/xml"],"description":"Retrieve all or some selected properties from an instance of 'LandedCostsCodes' with the given id.","responses":{"200":{"description":"successful operation"}},"parameters":[{"name":"Code","type":"string"},{"name":"Name","type":"string"},{"name":"AllocationBy","type":"string"}],"tags":["LandedCostsCodes"],"consumes":["application/json","application/xml"]},"delete":{"produces":["application/json","application/xml"],"description":"Delete an instance of 'LandedCostsCodes' with the specified id.","responses":{"200":{"description":"successful operation"}},"parameters":[],"tags":["LandedCostsCodes"],"consumes":["application/json","application/xml"]}},"/LandedCostsCodes":{"post":{"produces":["application/json","application/xml"],"description":"Create an instance of 'LandedCostsCodes' with the given payload of type 'LandedCostsCode' in JSON format.","responses":{"200":{"description":"successful operation"}},"parameters":[{"schema":{"$ref":"#/definitions/LandedCostsCode"},"in":"body","name":"body"}],"tags":["LandedCostsCodes"],"consumes":["application/json","application/xml"]},"get":{"produces":["application/json","application/xml"],"description":"Retrieve a collection of 'LandedCostsCodes' with all or some selected properties in the given order by specifying the given filter condition.","responses":{"200":{"description":"successful operation"}},"parameters":[{"name":"Code","type":"string"},{"name":"Name","type":"string"},{"name":"Allocati","type":"string"}],"tags":["LandedCostsCodes"],"consumes":["application/json","application/xml"]}}},"host":"slcdemo.cfapps.sap.hana.ondemand.com","schemes":"https","definitions":{"LandedCostsCode":{"type":"object","properties":{"LandedCostsAllocationAccount":{"type":"string"},"AllocationBy":{"description":"BoAllocationByEnum","type":"string","enum":["ab_Weight","ab_CashValueBeforeCustoms","ab_Equal","ab_CashValueAfterCustoms","ab_Quantity","ab_Volume"]},"Code":{"type":"string"},"Name":{"type":"string"}}},"BoAllocationByEnum":{"type":"string","enum":["ab_Weight","ab_CashValueBeforeCustoms","ab_Equal","ab_CashValueAfterCustoms","ab_Quantity","ab_Volume"]}},"swagger":"3.0","info":{"description":"This is a sample server Petstore server.","title":"Swagger For Service Layer","version":"1.0.0"},"tags":[{"name":"LandedCostsCodes","description":"This entity enables you to manipulate 'LandedCostsCodes'. It defines various types of landed costs (for example, insurance, customs) and their default distribution rules. When you record landed costs for deliveries, landed costs are allocated to the goods according to the distribution rule of each type."}]}