{"basePath":"/b1s/v1/","paths":{"/LandedCosts(id)":{"patch":{"produces":["application/json","application/xml"],"description":"Update an instance of 'LandedCosts' with the given payload of type 'LandedCost' in JSON format and with the specified id.","responses":{"200":{"description":"successful operation"}},"parameters":[{"schema":{"$ref":"#/definitions/LandedCost"},"in":"body","name":"body"}],"tags":["LandedCosts"],"consumes":["application/json","application/xml"]},"get":{"produces":["application/json","application/xml"],"description":"Retrieve all or some selected properties from an instance of 'LandedCosts' with the given id.","responses":{"200":{"description":"successful operation"}},"parameters":[{"name":"DocEntry","type":"string"},{"name":"LandedCostNumber","type":"string"},{"name":"PostingDate","type":"string"}],"tags":["LandedCosts"],"consumes":["application/json","application/xml"]},"delete":{"produces":["application/json","application/xml"],"description":"Delete an instance of 'LandedCosts' with the specified id.","responses":{"200":{"description":"successful operation"}},"parameters":[],"tags":["LandedCosts"],"consumes":["application/json","application/xml"]}},"/LandedCosts(id)/CloseLandedCost":{"post":{"produces":["application/json","application/xml"],"description":"Invoke the method 'CloseLandedCost' on this EntitySet with the specified id.","responses":{"200":{"description":"successful operation"}},"parameters":[{"schema":{"$ref":"#/definitions/LandedCost"},"in":"body","name":"body"}],"tags":["LandedCosts"],"consumes":["application/json","application/xml"]}},"/LandedCosts":{"post":{"produces":["application/json","application/xml"],"description":"Create an instance of 'LandedCosts' with the given payload of type 'LandedCost' in JSON format.","responses":{"200":{"description":"successful operation"}},"parameters":[{"schema":{"$ref":"#/definitions/LandedCost"},"in":"body","name":"body"}],"tags":["LandedCosts"],"consumes":["application/json","application/xml"]},"get":{"produces":["application/json","application/xml"],"description":"Retrieve a collection of 'LandedCosts' with all or some selected properties in the given order by specifying the given filter condition.","responses":{"200":{"description":"successful operation"}},"parameters":[{"name":"DocEntry","type":"string"},{"name":"LandedCostNumber","type":"string"},{"name":"Posting","type":"string"}],"tags":["LandedCosts"],"consumes":["application/json","application/xml"]}},"/LandedCosts(id)/CancelLandedCost":{"post":{"produces":["application/json","application/xml"],"description":"Invoke the method 'CancelLandedCost' on this EntitySet with the specified id.","responses":{"200":{"description":"successful operation"}},"parameters":[{"schema":{"$ref":"#/definitions/LandedCost"},"in":"body","name":"body"}],"tags":["LandedCosts"],"consumes":["application/json","application/xml"]}}},"host":"slcdemo.cfapps.sap.hana.ondemand.com","schemes":"https","definitions":{"LandedCost_CostLine":{"type":"object","properties":{"IncludeForCustoms":{"$ref":"#/definitions/BoYesNoEnum"},"Amount":{"type":"number"},"AmountFC":{"type":"number"},"Factor":{"type":"number"},"DocEntry":{"type":"integer"},"LandedCostCode":{"type":"string"},"AllocationBy":{"$ref":"#/definitions/LandedCostAllocationByEnum"},"OpenAmountFC":{"type":"number"},"CostType":{"$ref":"#/definitions/LCCostTypeEnum"},"OpenAmount":{"type":"number"}}},"LCCostTypeEnum":{"type":"string","enum":["asVariableCosts","asFixedCosts"]},"LandedCost":{"type":"object","properties":{"VatGroup":{"type":"string"},"CustomsValueFC":{"type":"number"},"BaseDocumentValueLineTotal":{"type":"number"},"AllocationBy":{"description":"LandedCostAllocationByEnum","type":"string","enum":["asCashValueAfterCustoms","asVolume","asQuantity","asWeight","asCashValueBeforeCustoms","asEqual"]},"ExciseSumFC":{"type":"number"},"CustomsVatFC":{"type":"number"},"BaseDocumentPrice":{"type":"number"},"Weight2":{"type":"number"},"Weight1":{"type":"number"},"LandedCost_CostLines":{"type":"array","items":{"$ref":"#/definitions/LandedCost_CostLine"}},"Currency":{"type":"string"},"LandedCost_ItemLines":{"type":"array","items":{"$ref":"#/definitions/LandedCost_ItemLine"}},"OpenAmountFC":{"type":"number"},"ActualCustoms":{"type":"number"},"OpenAmount":{"type":"number"},"Tax2":{"type":"number"},"Tax1":{"type":"number"},"VendorName":{"type":"string"},"TotalLineProjectedCustoms":{"type":"number"},"OriginLine":{"type":"integer"},"Rate":{"type":"number"},"FixCostsFC":{"type":"number"},"CustomsAffectStock":{"description":"BoYesNoEnum","type":"string","enum":["tYES","tNO"]},"AllocatedUnitCostsLineTotal":{"type":"number"},"BrokerName":{"type":"string"},"Project":{"type":"string"},"Volume":{"type":"number"},"Expenditure":{"type":"number"},"TotalVolume":{"type":"number"},"ReleaseNumber":{"type":"integer"},"AutomaticExpenditure":{"description":"BoYesNoEnum","type":"string","enum":["tYES","tNO"]},"LandedCostCode":{"type":"string"},"ImportLog":{"type":"string"},"TotalFreightCharges":{"type":"number"},"DocumentRate":{"type":"number"},"IncludeForCustoms":{"description":"BoYesNoEnum","type":"string","enum":["tYES","tNO"]},"ProjectedCustoms":{"type":"number"},"FactorWithCustoms":{"type":"number"},"CostType":{"description":"LCCostTypeEnum","type":"string","enum":["asVariableCosts","asFixedCosts"]},"LineNumber":{"type":"integer"},"WarehousePrice":{"type":"number"},"LineTotal":{"type":"number"},"VendorCode":{"type":"string"},"CustomsValue":{"type":"number"},"ExpenditureFC":{"type":"number"},"CustomsVat":{"type":"number"},"OriginalWarehouse":{"type":"string"},"TotalCostsFC":{"type":"number"},"TotalFC":{"type":"number"},"FOBandIncludedCostsFC":{"type":"number"},"Reference":{"type":"string"},"Amount":{"type":"number"},"ExciseAffectStock":{"description":"BoYesNoEnum","type":"string","enum":["tYES","tNO"]},"CustomsAffectsInventory":{"description":"BoYesNoEnum","type":"string","enum":["tYES","tNO"]},"JournalRemarks":{"type":"string"},"InventoryValuation":{"description":"BoYesNoEnum","type":"string","enum":["tYES","tNO"]},"Customs":{"type":"number"},"DocumentCurrency":{"type":"string"},"BillofLadingNumber":{"type":"string"},"LandedCostNumber":{"type":"integer"},"CustomsVatAffectStock":{"description":"BoYesNoEnum","type":"string","enum":["tYES","tNO"]},"AmountFC":{"type":"number"},"ExciseSum":{"type":"number"},"TotalFreightChargesFC":{"type":"number"},"Weight2UnitCode":{"type":"integer"},"ActualCustomsFC":{"type":"number"},"AmountToBalance":{"type":"number"},"DistributionRule4":{"type":"string"},"AmountToBalanceFC":{"type":"number"},"DistributionRule5":{"type":"string"},"DistributionRule2":{"type":"string"},"LineTotalFC":{"type":"number"},"DistributionRule3":{"type":"string"},"BaseDocumentType":{"description":"LandedCostBaseDocumentTypeEnum","type":"string","enum":["asGoodsReceiptPO","asPurchaseInvoice","asEmpty","asDefault","asLandedCosts"]},"ProjectedCustomsFC":{"type":"number"},"Remarks":{"type":"string"},"CustomsCost":{"type":"number"},"Factor":{"type":"number"},"BeforeTax":{"type":"number"},"TransportType":{"type":"integer"},"BaseDocumentValueLineTotalFC":{"type":"number"},"VatPercent":{"type":"number"},"FOBandIncludedCosts":{"type":"number"},"Tax1FC":{"type":"number"},"DocEntry":{"type":"integer"},"WarehousePriceFC":{"type":"number"},"Weight1UnitCode":{"type":"integer"},"TotalCosts":{"type":"number"},"AllocatedCostsLineTotal":{"type":"number"},"BlockNumber":{"type":"string"},"FileNumber":{"type":"string"},"BaseEntry":{"type":"integer"},"CustomsFC":{"type":"number"},"BaseLine":{"type":"integer"},"Warehouse":{"type":"string"},"TransactionNumber":{"type":"integer"},"ClosedDocument":{"description":"LandedCostDocStatusEnum","type":"string","enum":["lcOpen","lcClosed"]},"BeforeTaxFC":{"type":"number"},"ItemDescription":{"type":"string"},"VolumeUoM":{"type":"integer"},"FactorWithoutCustoms":{"type":"number"},"VariantCosts":{"type":"number"},"Number":{"type":"string"},"InventoryUoM":{"type":"string"},"VariantCostsFC":{"type":"number"},"DueDate":{"type":"string"},"PriceList":{"type":"integer"},"DistributionRule":{"type":"string"},"Tax2FC":{"type":"number"},"Broker":{"type":"string"},"Quantity":{"type":"number"},"AttachmentEntry":{"type":"integer"},"CCDNumber":{"type":"string"},"Series":{"type":"integer"},"CustomsCostFC":{"type":"number"},"PostingDate":{"type":"string"},"Total":{"type":"number"},"FixCosts":{"type":"number"},"CustomsGroupRate":{"type":"number"},"AllocatedUnitCostsLineTotalFC":{"type":"number"}}},"LandedCostBaseDocumentTypeEnum":{"type":"string","enum":["asGoodsReceiptPO","asPurchaseInvoice","asEmpty","asDefault","asLandedCosts"]},"LandedCost_ItemLine":{"type":"object","properties":{"DistributionRule4":{"type":"string"},"DistributionRule5":{"type":"string"},"DistributionRule2":{"type":"string"},"LineTotalFC":{"type":"number"},"DistributionRule3":{"type":"string"},"VatGroup":{"type":"string"},"CustomsValueFC":{"type":"number"},"BaseDocumentType":{"$ref":"#/definitions/LandedCostBaseDocumentTypeEnum"},"BaseDocumentValueLineTotal":{"type":"number"},"ProjectedCustomsFC":{"type":"number"},"ExciseSumFC":{"type":"number"},"CustomsVatFC":{"type":"number"},"BaseDocumentPrice":{"type":"number"},"Weight2":{"type":"number"},"CustomsCost":{"type":"number"},"Weight1":{"type":"number"},"Currency":{"type":"string"},"BaseDocumentValueLineTotalFC":{"type":"number"},"VatPercent":{"type":"number"},"TotalLineProjectedCustoms":{"type":"number"},"FOBandIncludedCosts":{"type":"number"},"OriginLine":{"type":"integer"},"Rate":{"type":"number"},"FixCostsFC":{"type":"number"},"CustomsAffectStock":{"$ref":"#/definitions/BoYesNoEnum"},"DocEntry":{"type":"integer"},"AllocatedUnitCostsLineTotal":{"type":"number"},"Project":{"type":"string"},"WarehousePriceFC":{"type":"number"},"Volume":{"type":"number"},"Expenditure":{"type":"number"},"Weight1UnitCode":{"type":"integer"},"TotalVolume":{"type":"number"},"ReleaseNumber":{"type":"integer"},"TotalCosts":{"type":"number"},"AllocatedCostsLineTotal":{"type":"number"},"AutomaticExpenditure":{"$ref":"#/definitions/BoYesNoEnum"},"BlockNumber":{"type":"string"},"ImportLog":{"type":"string"},"BaseEntry":{"type":"integer"},"CustomsFC":{"type":"number"},"BaseLine":{"type":"integer"},"Warehouse":{"type":"string"},"ProjectedCustoms":{"type":"number"},"FactorWithCustoms":{"type":"number"},"ItemDescription":{"type":"string"},"LineNumber":{"type":"integer"},"WarehousePrice":{"type":"number"},"VolumeUoM":{"type":"integer"},"FactorWithoutCustoms":{"type":"number"},"VariantCosts":{"type":"number"},"Number":{"type":"string"},"InventoryUoM":{"type":"string"},"VariantCostsFC":{"type":"number"},"LineTotal":{"type":"number"},"VendorCode":{"type":"string"},"CustomsValue":{"type":"number"},"ExpenditureFC":{"type":"number"},"PriceList":{"type":"integer"},"CustomsVat":{"type":"number"},"OriginalWarehouse":{"type":"string"},"DistributionRule":{"type":"string"},"TotalCostsFC":{"type":"number"},"FOBandIncludedCostsFC":{"type":"number"},"Reference":{"type":"string"},"Quantity":{"type":"number"},"ExciseAffectStock":{"$ref":"#/definitions/BoYesNoEnum"},"InventoryValuation":{"$ref":"#/definitions/BoYesNoEnum"},"CCDNumber":{"type":"string"},"Customs":{"type":"number"},"CustomsCostFC":{"type":"number"},"CustomsVatAffectStock":{"$ref":"#/definitions/BoYesNoEnum"},"ExciseSum":{"type":"number"},"FixCosts":{"type":"number"},"CustomsGroupRate":{"type":"number"},"Weight2UnitCode":{"type":"integer"},"AllocatedUnitCostsLineTotalFC":{"type":"number"}}},"LandedCostAllocationByEnum":{"type":"string","enum":["asCashValueAfterCustoms","asVolume","asQuantity","asWeight","asCashValueBeforeCustoms","asEqual"]},"LandedCostDocStatusEnum":{"type":"string","enum":["lcOpen","lcClosed"]},"BoYesNoEnum":{"type":"string","enum":["tYES","tNO"]}},"swagger":"3.0","info":{"description":"This is a sample server Petstore server.","title":"Swagger For Service Layer","version":"1.0.0"},"tags":[{"name":"LandedCosts","description":"This entity enables you to manipulate 'LandedCosts'."}]}