{"basePath":"/b1s/v1/","paths":{"/LandedCostsService_GetLandedCostList":{"post":{"produces":["application/json","application/xml"],"description":"Invoke the method 'GetLandedCostList' on this service.","responses":{"200":{"description":"successful operation"}},"parameters":[{"schema":{"$ref":"#/definitions/LandedCostsCode"},"in":"body","name":"body"}],"tags":["LandedCostsService"],"consumes":["application/json","application/xml"]}}},"host":"slcdemo.cfapps.sap.hana.ondemand.com","schemes":"https","definitions":{"LandedCostsCode":{"type":"object","properties":{}}},"swagger":"3.0","info":{"description":"This is a sample server Petstore server.","title":"Swagger For Service Layer","version":"1.0.0"},"tags":[{"name":"LandedCostsService","description":"This API enables you to invoke the interfaces defined on 'LandedCostsService'."}]}