{"basePath":"/b1s/v1/","paths":{"/LegalData":{"post":{"produces":["application/json","application/xml"],"description":"Create an instance of 'LegalData' with the given payload of type 'LegalData' in JSON format.","responses":{"200":{"description":"successful operation"}},"parameters":[{"schema":{"$ref":"#/definitions/LegalData"},"in":"body","name":"body"}],"tags":["LegalData"],"consumes":["application/json","application/xml"]},"get":{"produces":["application/json","application/xml"],"description":"Retrieve a collection of 'LegalData' with all or some selected properties in the given order by specifying the given filter condition.","responses":{"200":{"description":"successful operation"}},"parameters":[{"name":"DocEntry","type":"string"},{"name":"SourceObjectType","type":"string"},{"name":"SourceObjectE","type":"string"}],"tags":["LegalData"],"consumes":["application/json","application/xml"]}},"/LegalData(id)":{"patch":{"produces":["application/json","application/xml"],"description":"Update an instance of 'LegalData' with the given payload of type 'LegalData' in JSON format and with the specified id.","responses":{"200":{"description":"successful operation"}},"parameters":[{"schema":{"$ref":"#/definitions/LegalData"},"in":"body","name":"body"}],"tags":["LegalData"],"consumes":["application/json","application/xml"]},"get":{"produces":["application/json","application/xml"],"description":"Retrieve all or some selected properties from an instance of 'LegalData' with the given id.","responses":{"200":{"description":"successful operation"}},"parameters":[{"name":"DocEntry","type":"string"},{"name":"SourceObjectType","type":"string"},{"name":"SourceObjectEntry","type":"string"}],"tags":["LegalData"],"consumes":["application/json","application/xml"]}}},"host":"slcdemo.cfapps.sap.hana.ondemand.com","schemes":"https","definitions":{"LegalDataLineTypeEnum":{"type":"string","enum":["ldlt_DocumentTotal","ldlt_TotalTax","ldlt_TaxPerLine"]},"LegalData":{"type":"object","properties":{"PrinterDllVersion":{"type":"string"},"FiscalNumber":{"type":"string"},"PrinterFirmwareVersion":{"type":"string"},"LegalDataDetailCollection":{"type":"array","items":{"$ref":"#/definitions/LegalDataDetail"}},"Amount":{"type":"number"},"DocEntry":{"type":"integer"},"DocumentNumber":{"type":"string"},"PrinterType":{"type":"string"},"SourceObjectType":{"description":"BoAPARDocumentTypes","type":"string","enum":["bodt_PurchaseCreditNote","bodt_PurchaseDeliveryNote","bodt_Order","bodt_PurchaseOrder","bodt_DeliveryNote","bodt_Quotation","bodt_Return","bodt_PurchaseQutation","bodt_CorrectionAPInvoice","bodt_Invoice","bodt_Zero","bodt_CreditNote","bodt_MinusOne","bodt_PurchaseInvoice","bodt_PurchaseReturn","bodt_CorrectionARInvoice"]},"SourceObjectEntry":{"type":"integer"},"PrinterBrand":{"type":"string"},"TaxCode":{"type":"string"},"DateOfPrinting":{"type":"string"},"PrinterModel":{"type":"string"},"LineSequence":{"type":"integer"},"TaxRate":{"type":"number"},"FiscalSeries":{"type":"string"},"TimeOfPrinting":{"type":"array","items":{}},"FiscalUserID":{"type":"integer"},"LineType":{"description":"LegalDataLineTypeEnum","type":"string","enum":["ldlt_DocumentTotal","ldlt_TotalTax","ldlt_TaxPerLine"]}}},"BoAPARDocumentTypes":{"type":"string","enum":["bodt_PurchaseCreditNote","bodt_PurchaseDeliveryNote","bodt_Order","bodt_PurchaseOrder","bodt_DeliveryNote","bodt_Quotation","bodt_Return","bodt_PurchaseQutation","bodt_CorrectionAPInvoice","bodt_Invoice","bodt_Zero","bodt_CreditNote","bodt_MinusOne","bodt_PurchaseInvoice","bodt_PurchaseReturn","bodt_CorrectionARInvoice"]},"LegalDataDetail":{"type":"object","properties":{"TaxCode":{"type":"string"},"LineSequence":{"type":"integer"},"Amount":{"type":"number"},"TaxRate":{"type":"number"},"DocEntry":{"type":"integer"},"LineType":{"$ref":"#/definitions/LegalDataLineTypeEnum"}}}},"swagger":"3.0","info":{"description":"This is a sample server Petstore server.","title":"Swagger For Service Layer","version":"1.0.0"},"tags":[{"name":"LegalData","description":"This entity enables you to manipulate 'LegalData'."}]}