{"basePath":"/b1s/v1/","paths":{"/LengthMeasures(id)":{"patch":{"produces":["application/json","application/xml"],"description":"Update an instance of 'LengthMeasures' with the given payload of type 'LengthMeasure' in JSON format and with the specified id.","responses":{"200":{"description":"successful operation"}},"parameters":[{"schema":{"$ref":"#/definitions/LengthMeasure"},"in":"body","name":"body"}],"tags":["LengthMeasures"],"consumes":["application/json","application/xml"]},"get":{"produces":["application/json","application/xml"],"description":"Retrieve all or some selected properties from an instance of 'LengthMeasures' with the given id.","responses":{"200":{"description":"successful operation"}},"parameters":[{"name":"UnitCode","type":"string"},{"name":"UnitDisplay","type":"string"},{"name":"UnitName","type":"string"}],"tags":["LengthMeasures"],"consumes":["application/json","application/xml"]},"delete":{"produces":["application/json","application/xml"],"description":"Delete an instance of 'LengthMeasures' with the specified id.","responses":{"200":{"description":"successful operation"}},"parameters":[],"tags":["LengthMeasures"],"consumes":["application/json","application/xml"]}},"/LengthMeasures":{"post":{"produces":["application/json","application/xml"],"description":"Create an instance of 'LengthMeasures' with the given payload of type 'LengthMeasure' in JSON format.","responses":{"200":{"description":"successful operation"}},"parameters":[{"schema":{"$ref":"#/definitions/LengthMeasure"},"in":"body","name":"body"}],"tags":["LengthMeasures"],"consumes":["application/json","application/xml"]},"get":{"produces":["application/json","application/xml"],"description":"Retrieve a collection of 'LengthMeasures' with all or some selected properties in the given order by specifying the given filter condition.","responses":{"200":{"description":"successful operation"}},"parameters":[{"name":"UnitCode","type":"string"},{"name":"UnitDisplay","type":"string"},{"name":"Unit","type":"string"}],"tags":["LengthMeasures"],"consumes":["application/json","application/xml"]}}},"host":"slcdemo.cfapps.sap.hana.ondemand.com","schemes":"https","definitions":{"LengthMeasure":{"type":"object","properties":{"UnitCode":{"type":"integer"},"UnitLengthinmm":{"type":"number"},"UnitCodeforQuantityDisplay":{"type":"string"},"UnitName":{"type":"string"},"UnitDisplay":{"type":"string"}}}},"swagger":"3.0","info":{"description":"This is a sample server Petstore server.","title":"Swagger For Service Layer","version":"1.0.0"},"tags":[{"name":"LengthMeasures","description":"This entity enables you to manipulate 'LengthMeasures'. It defines the length and width measure units that are used for item records."}]}