{"basePath":"/b1s/v1/","paths":{"/LicenseService_GetInstallationNumber":{"post":{"produces":["application/json","application/xml"],"description":"Invoke the method 'GetInstallationNumber' on this service.","responses":{"200":{"description":"successful operation"}},"parameters":[{"schema":{"$ref":"#/definitions/LengthMeasure"},"in":"body","name":"body"}],"tags":["LicenseService"],"consumes":["application/json","application/xml"]}}},"host":"slcdemo.cfapps.sap.hana.ondemand.com","schemes":"https","definitions":{"LengthMeasure":{"type":"object","properties":{}}},"swagger":"3.0","info":{"description":"This is a sample server Petstore server.","title":"Swagger For Service Layer","version":"1.0.0"},"tags":[{"name":"LicenseService","description":"This API enables you to invoke the interfaces defined on 'LicenseService'."}]}