{"basePath":"/b1s/v1/","paths":{"/LocalEra(id)":{"patch":{"produces":["application/json","application/xml"],"description":"Update an instance of 'LocalEra' with the given payload of type 'LocalEra' in JSON format and with the specified id.","responses":{"200":{"description":"successful operation"}},"parameters":[{"schema":{"$ref":"#/definitions/LocalEra"},"in":"body","name":"body"}],"tags":["LocalEra"],"consumes":["application/json","application/xml"]},"get":{"produces":["application/json","application/xml"],"description":"Retrieve all or some selected properties from an instance of 'LocalEra' with the given id.","responses":{"200":{"description":"successful operation"}},"parameters":[{"name":"EraName","type":"string"},{"name":"StartDate","type":"string"},{"name":"Code","type":"string"}],"tags":["LocalEra"],"consumes":["application/json","application/xml"]},"delete":{"produces":["application/json","application/xml"],"description":"Delete an instance of 'LocalEra' with the specified id.","responses":{"200":{"description":"successful operation"}},"parameters":[],"tags":["LocalEra"],"consumes":["application/json","application/xml"]}},"/LocalEra":{"post":{"produces":["application/json","application/xml"],"description":"Create an instance of 'LocalEra' with the given payload of type 'LocalEra' in JSON format.","responses":{"200":{"description":"successful operation"}},"parameters":[{"schema":{"$ref":"#/definitions/LocalEra"},"in":"body","name":"body"}],"tags":["LocalEra"],"consumes":["application/json","application/xml"]},"get":{"produces":["application/json","application/xml"],"description":"Retrieve a collection of 'LocalEra' with all or some selected properties in the given order by specifying the given filter condition.","responses":{"200":{"description":"successful operation"}},"parameters":[{"name":"EraName","type":"string"},{"name":"StartDate","type":"string"}],"tags":["LocalEra"],"consumes":["application/json","application/xml"]}}},"host":"slcdemo.cfapps.sap.hana.ondemand.com","schemes":"https","definitions":{"LocalEra":{"type":"object","properties":{"StartDate":{"type":"string"},"EraName":{"type":"string"},"Code":{"type":"string"}}}},"swagger":"3.0","info":{"description":"This is a sample server Petstore server.","title":"Swagger For Service Layer","version":"1.0.0"},"tags":[{"name":"LocalEra","description":"This entity enables you to manipulate 'LocalEra'."}]}