{"basePath":"/b1s/v1/","paths":{"/Logout":{"post":{"produces":["application/json","application/xml"],"description":"Logout.","responses":{"200":{"description":"successful operation"}},"parameters":[{"schema":{"$ref":"#/definitions/LocalEra"},"in":"body","name":"body"}],"tags":["Logout"],"consumes":["application/json","application/xml"]}}},"host":"slcdemo.cfapps.sap.hana.ondemand.com","schemes":"https","definitions":{"LocalEra":{"type":"object","properties":{}}},"swagger":"3.0","info":{"description":"This is a sample server Petstore server.","title":"Swagger For Service Layer","version":"1.0.0"},"tags":[{"name":"Logout","description":"\n\t\tBy default, a login session will expire and the user will be logged out automatically if there is no new request within 30 minutes. \n\t\tYou can change the default expire time by modifying the value of the \"SessionTimeout\" property in file \"{USER_INSTALL_DIR}/ServiceLayer/conf/b1s.conf\". \n\t\tHere, \"{USER_INSTALL_DIR}\" stands for the installation folder.\n\t\t"}]}