{"basePath":"/b1s/v1/","paths":{"/Manufacturers(id)":{"patch":{"produces":["application/json","application/xml"],"description":"Update an instance of 'Manufacturers' with the given payload of type 'Manufacturer' in JSON format and with the specified id.","responses":{"200":{"description":"successful operation"}},"parameters":[{"schema":{"$ref":"#/definitions/Manufacturer"},"in":"body","name":"body"}],"tags":["Manufacturers"],"consumes":["application/json","application/xml"]},"get":{"produces":["application/json","application/xml"],"description":"Retrieve all or some selected properties from an instance of 'Manufacturers' with the given id.","responses":{"200":{"description":"successful operation"}},"parameters":[{"name":"Code","type":"string"},{"name":"ManufacturerName","type":"string"}],"tags":["Manufacturers"],"consumes":["application/json","application/xml"]},"delete":{"produces":["application/json","application/xml"],"description":"Delete an instance of 'Manufacturers' with the specified id.","responses":{"200":{"description":"successful operation"}},"parameters":[],"tags":["Manufacturers"],"consumes":["application/json","application/xml"]}},"/Manufacturers":{"post":{"produces":["application/json","application/xml"],"description":"Create an instance of 'Manufacturers' with the given payload of type 'Manufacturer' in JSON format.","responses":{"200":{"description":"successful operation"}},"parameters":[{"schema":{"$ref":"#/definitions/Manufacturer"},"in":"body","name":"body"}],"tags":["Manufacturers"],"consumes":["application/json","application/xml"]},"get":{"produces":["application/json","application/xml"],"description":"Retrieve a collection of 'Manufacturers' with all or some selected properties in the given order by specifying the given filter condition.","responses":{"200":{"description":"successful operation"}},"parameters":[{"name":"Code","type":"string"},{"name":"Manufacturer","type":"string"}],"tags":["Manufacturers"],"consumes":["application/json","application/xml"]}}},"host":"slcdemo.cfapps.sap.hana.ondemand.com","schemes":"https","definitions":{"Manufacturer":{"type":"object","properties":{"ManufacturerName":{"type":"string"},"Code":{"type":"integer"}}}},"swagger":"3.0","info":{"description":"This is a sample server Petstore server.","title":"Swagger For Service Layer","version":"1.0.0"},"tags":[{"name":"Manufacturers","description":"This entity enables you to manipulate 'Manufacturers'. It defines manufacturers used in the Item master data."}]}