{"basePath":"/b1s/v1/","paths":{"/MaterialRevaluationFIFOService_GetMaterialRevaluationFIFO":{"post":{"produces":["application/json","application/xml"],"description":"Invoke the method 'GetMaterialRevaluationFIFO' on this service by specifying the payload 'MaterialRevaluationFIFOParams' in the JSON format.","responses":{"200":{"description":"successful operation"}},"parameters":[{"schema":{"$ref":"#/definitions/MaterialRevaluation"},"in":"body","name":"body"}],"tags":["MaterialRevaluationFIFOService"],"consumes":["application/json","application/xml"]}}},"host":"slcdemo.cfapps.sap.hana.ondemand.com","schemes":"https","definitions":{"MaterialRevaluationFIFOParams":{"type":"object","properties":{"ItemCode":{"type":"string"},"ShowIssuedLayers":{"$ref":"#/definitions/BoYesNoEnum"},"LocationCode":{"type":"string"},"LocationType":{"type":"string"}}},"MaterialRevaluation":{"type":"object","properties":{}},"BoYesNoEnum":{"type":"string","enum":["tYES","tNO"]}},"swagger":"3.0","info":{"description":"This is a sample server Petstore server.","title":"Swagger For Service Layer","version":"1.0.0"},"tags":[{"name":"MaterialRevaluationFIFOService","description":"This API enables you to invoke the interfaces defined on 'MaterialRevaluationFIFOService'."}]}