{"basePath":"/b1s/v1/","paths":{"/MaterialRevaluationSNBService_GetList":{"post":{"produces":["application/json","application/xml"],"description":"Invoke the method 'GetList' on this service by specifying the payload 'MaterialRevaluationSNBParam' in the JSON format.","responses":{"200":{"description":"successful operation"}},"parameters":[{"schema":{"$ref":"#/definitions/MaterialRevaluation"},"in":"body","name":"body"}],"tags":["MaterialRevaluationSNBService"],"consumes":["application/json","application/xml"]}}},"host":"slcdemo.cfapps.sap.hana.ondemand.com","schemes":"https","definitions":{"MaterialRevaluationSNBParam":{"type":"object","properties":{"ItemCode":{"type":"string"}}},"MaterialRevaluation":{"type":"object","properties":{}}},"swagger":"3.0","info":{"description":"This is a sample server Petstore server.","title":"Swagger For Service Layer","version":"1.0.0"},"tags":[{"name":"MaterialRevaluationSNBService","description":"This API enables you to invoke the interfaces defined on 'MaterialRevaluationSNBService'."}]}