{"basePath":"/b1s/v1/","paths":{"/MaterialRevaluation(id)":{"patch":{"produces":["application/json","application/xml"],"description":"Update an instance of 'MaterialRevaluation' with the given payload of type 'MaterialRevaluation' in JSON format and with the specified id.","responses":{"200":{"description":"successful operation"}},"parameters":[{"schema":{"$ref":"#/definitions/MaterialRevaluation"},"in":"body","name":"body"}],"tags":["MaterialRevaluation"],"consumes":["application/json","application/xml"]},"get":{"produces":["application/json","application/xml"],"description":"Retrieve all or some selected properties from an instance of 'MaterialRevaluation' with the given id.","responses":{"200":{"description":"successful operation"}},"parameters":[{"name":"DocNum","type":"string"},{"name":"DocDate","type":"string"},{"name":"Reference1","type":"string"}],"tags":["MaterialRevaluation"],"consumes":["application/json","application/xml"]},"delete":{"produces":["application/json","application/xml"],"description":"Delete an instance of 'MaterialRevaluation' with the specified id.","responses":{"200":{"description":"successful operation"}},"parameters":[],"tags":["MaterialRevaluation"],"consumes":["application/json","application/xml"]}},"/MaterialRevaluation(id)/Close":{"post":{"produces":["application/json","application/xml"],"description":"Invoke the method 'Close' on this EntitySet with the specified id.","responses":{"200":{"description":"successful operation"}},"parameters":[{"schema":{"$ref":"#/definitions/MaterialRevaluation"},"in":"body","name":"body"}],"tags":["MaterialRevaluation"],"consumes":["application/json","application/xml"]}},"/MaterialRevaluation(id)/Cancel":{"post":{"produces":["application/json","application/xml"],"description":"Invoke the method 'Cancel' on this EntitySet with the specified id.","responses":{"200":{"description":"successful operation"}},"parameters":[{"schema":{"$ref":"#/definitions/MaterialRevaluation"},"in":"body","name":"body"}],"tags":["MaterialRevaluation"],"consumes":["application/json","application/xml"]}},"/MaterialRevaluation":{"post":{"produces":["application/json","application/xml"],"description":"Create an instance of 'MaterialRevaluation' with the given payload of type 'MaterialRevaluation' in JSON format.","responses":{"200":{"description":"successful operation"}},"parameters":[{"schema":{"$ref":"#/definitions/MaterialRevaluation"},"in":"body","name":"body"}],"tags":["MaterialRevaluation"],"consumes":["application/json","application/xml"]},"get":{"produces":["application/json","application/xml"],"description":"Retrieve a collection of 'MaterialRevaluation' with all or some selected properties in the given order by specifying the given filter condition.","responses":{"200":{"description":"successful operation"}},"parameters":[{"name":"DocNum","type":"string"},{"name":"DocDate","type":"string"},{"name":"Refere","type":"string"}],"tags":["MaterialRevaluation"],"consumes":["application/json","application/xml"]}}},"host":"slcdemo.cfapps.sap.hana.ondemand.com","schemes":"https","definitions":{"FIFOLayer":{"type":"object","properties":{"LayerID":{"type":"integer"},"Price":{"type":"number"},"LineTotal":{"type":"number"},"Quantity":{"type":"number"},"TransactionSequenceNum":{"type":"integer"},"BaseLine":{"type":"integer"}}},"MaterialRevaluation":{"type":"object","properties":{"CreationDate":{"type":"string"},"DebitCredit":{"type":"number"},"CardName":{"type":"string"},"DistributionRule4":{"type":"string"},"RevaluationIncrementAccount":{"type":"string"},"DistributionRule5":{"type":"string"},"DistributionRule2":{"type":"string"},"RevaluationIncomeAccount":{"type":"string"},"DistributionRule3":{"type":"string"},"MaterialRevaluationLines":{"type":"array","items":{"$ref":"#/definitions/MaterialRevaluationLine"}},"WarehouseCode":{"type":"string"},"UpdateDate":{"type":"string"},"LineNum":{"type":"integer"},"ManufactureNumber":{"type":"string"},"TaxDate":{"type":"string"},"RevaluationDecrementAccount":{"type":"string"},"DocNum":{"type":"integer"},"UserSignature":{"type":"integer"},"AdmissionDate":{"type":"string"},"InflationRevaluation":{"description":"BoYesNoEnum","type":"string","enum":["tYES","tNO"]},"DocTime":{"type":"array","items":{}},"DocEntry":{"type":"integer"},"RevaluationExpenseAccount":{"type":"string"},"DataSource":{"type":"string"},"TransactionSequenceNum":{"type":"integer"},"Project":{"type":"string"},"ActualPrice":{"type":"number"},"LayerID":{"type":"integer"},"SystemNumber":{"type":"integer"},"Price":{"type":"number"},"Reference1":{"type":"string"},"Reference2":{"type":"string"},"BaseLine":{"type":"integer"},"NewCost":{"type":"number"},"ItemCode":{"type":"string"},"DocDate":{"type":"string"},"RevalType":{"type":"string"},"ItemDescription":{"type":"string"},"LineTotal":{"type":"number"},"FIFOLayers":{"type":"array","items":{"$ref":"#/definitions/FIFOLayer"}},"SNBLinesCollection":{"type":"array","items":{"$ref":"#/definitions/SNBLines"}},"LotNumber":{"type":"string"},"DistributionRule":{"type":"string"},"Comments":{"type":"string"},"CardCode":{"type":"string"},"Quantity":{"type":"number"},"RevalAmountToStock":{"type":"number"},"TransNum":{"type":"integer"},"Series":{"type":"integer"},"OnHand":{"type":"number"},"SnbAbsEntry":{"type":"integer"},"ExpirationDate":{"type":"string"},"JournalMemo":{"type":"string"}}},"MaterialRevaluationLine":{"type":"object","properties":{"DistributionRule":{"type":"string"},"DebitCredit":{"type":"number"},"ItemCode":{"type":"string"},"DistributionRule4":{"type":"string"},"RevaluationIncrementAccount":{"type":"string"},"DistributionRule5":{"type":"string"},"DistributionRule2":{"type":"string"},"DistributionRule3":{"type":"string"},"Quantity":{"type":"number"},"DocEntry":{"type":"integer"},"RevalAmountToStock":{"type":"number"},"ItemDescription":{"type":"string"},"WarehouseCode":{"type":"string"},"LineNum":{"type":"integer"},"OnHand":{"type":"number"},"Project":{"type":"string"},"ActualPrice":{"type":"number"},"Price":{"type":"number"},"RevaluationDecrementAccount":{"type":"string"},"FIFOLayers":{"type":"array","items":{"$ref":"#/definitions/FIFOLayer"}},"SNBLinesCollection":{"type":"array","items":{"$ref":"#/definitions/SNBLines"}}}},"SNBLines":{"type":"object","properties":{"NewCost":{"type":"number"},"DebitCredit":{"type":"number"},"AdmissionDate":{"type":"string"},"SnbAbsEntry":{"type":"integer"},"SystemNumber":{"type":"integer"},"ManufactureNumber":{"type":"string"},"ExpirationDate":{"type":"string"},"LotNumber":{"type":"string"},"BaseLine":{"type":"integer"}}},"BoYesNoEnum":{"type":"string","enum":["tYES","tNO"]}},"swagger":"3.0","info":{"description":"This is a sample server Petstore server.","title":"Swagger For Service Layer","version":"1.0.0"},"tags":[{"name":"MaterialRevaluation","description":"This entity enables you to manipulate 'MaterialRevaluation'. It allows to update the items' price (average price or standard price only), revaluate the stock, and create journal entries accordingly."}]}