{"basePath":"/b1s/v1/","paths":{"/MaterialGroups":{"post":{"produces":["application/json","application/xml"],"description":"Create an instance of 'MaterialGroups' with the given payload of type 'MaterialGroup' in JSON format.","responses":{"200":{"description":"successful operation"}},"parameters":[{"schema":{"$ref":"#/definitions/MaterialGroup"},"in":"body","name":"body"}],"tags":["MaterialGroups"],"consumes":["application/json","application/xml"]},"get":{"produces":["application/json","application/xml"],"description":"Retrieve a collection of 'MaterialGroups' with all or some selected properties in the given order by specifying the given filter condition.","responses":{"200":{"description":"successful operation"}},"parameters":[{"name":"AbsEntry","type":"string"},{"name":"MaterialGroupCode","type":"string"},{"name":"Descrip","type":"string"}],"tags":["MaterialGroups"],"consumes":["application/json","application/xml"]}},"/MaterialGroups(id)":{"patch":{"produces":["application/json","application/xml"],"description":"Update an instance of 'MaterialGroups' with the given payload of type 'MaterialGroup' in JSON format and with the specified id.","responses":{"200":{"description":"successful operation"}},"parameters":[{"schema":{"$ref":"#/definitions/MaterialGroup"},"in":"body","name":"body"}],"tags":["MaterialGroups"],"consumes":["application/json","application/xml"]},"get":{"produces":["application/json","application/xml"],"description":"Retrieve all or some selected properties from an instance of 'MaterialGroups' with the given id.","responses":{"200":{"description":"successful operation"}},"parameters":[{"name":"AbsEntry","type":"string"},{"name":"MaterialGroupCode","type":"string"},{"name":"Description","type":"string"}],"tags":["MaterialGroups"],"consumes":["application/json","application/xml"]},"delete":{"produces":["application/json","application/xml"],"description":"Delete an instance of 'MaterialGroups' with the specified id.","responses":{"200":{"description":"successful operation"}},"parameters":[],"tags":["MaterialGroups"],"consumes":["application/json","application/xml"]}}},"host":"slcdemo.cfapps.sap.hana.ondemand.com","schemes":"https","definitions":{"MaterialGroup":{"type":"object","properties":{"Description":{"type":"string"},"AbsEntry":{"type":"integer"},"MaterialGroupCode":{"type":"string"}}}},"swagger":"3.0","info":{"description":"This is a sample server Petstore server.","title":"Swagger For Service Layer","version":"1.0.0"},"tags":[{"name":"MaterialGroups","description":"This entity enables you to manipulate 'MaterialGroups'."}]}