{"basePath":"/b1s/v1/","paths":{"/MessagesService_GetOutbox":{"post":{"produces":["application/json","application/xml"],"description":"Invoke the method 'GetOutbox' on this service.","responses":{"200":{"description":"successful operation"}},"parameters":[{"schema":{"$ref":"#/definitions/Message"},"in":"body","name":"body"}],"tags":["MessagesService"],"consumes":["application/json","application/xml"]}},"/MessagesService_SendMessage":{"post":{"produces":["application/json","application/xml"],"description":"Invoke the method 'SendMessage' on this service by specifying the payload 'Message' in the JSON format.","responses":{"200":{"description":"successful operation"}},"parameters":[{"schema":{"$ref":"#/definitions/Message"},"in":"body","name":"body"}],"tags":["MessagesService"],"consumes":["application/json","application/xml"]}},"/MessagesService_GetInbox":{"post":{"produces":["application/json","application/xml"],"description":"Invoke the method 'GetInbox' on this service.","responses":{"200":{"description":"successful operation"}},"parameters":[{"schema":{"$ref":"#/definitions/Message"},"in":"body","name":"body"}],"tags":["MessagesService"],"consumes":["application/json","application/xml"]}},"/MessagesService_GetSentMessages":{"post":{"produces":["application/json","application/xml"],"description":"Invoke the method 'GetSentMessages' on this service.","responses":{"200":{"description":"successful operation"}},"parameters":[{"schema":{"$ref":"#/definitions/Message"},"in":"body","name":"body"}],"tags":["MessagesService"],"consumes":["application/json","application/xml"]}}},"host":"slcdemo.cfapps.sap.hana.ondemand.com","schemes":"https","definitions":{"BoMsgRcpTypes":{"type":"string","enum":["rt_RandomUser","rt_ContactPerson","rt_InternalUser"]},"MessageDataLine":{"type":"object","properties":{"Value":{"type":"string"},"ObjectKey":{"type":"string"},"Object":{"type":"string"}}},"Message":{"type":"object","properties":{"User":{"type":"integer"},"CellularNumber":{"type":"string"},"NameTo":{"type":"string"},"Priority":{"description":"BoMsgPriorities","type":"string","enum":["pr_High","pr_Normal","pr_Low"]},"ObjectKey":{"type":"string"},"UserCode":{"type":"string"},"Text":{"type":"string"},"Attachment":{"type":"integer"},"SendSMS":{"description":"BoYesNoEnum","type":"string","enum":["tYES","tNO"]},"SendEmail":{"description":"BoYesNoEnum","type":"string","enum":["tYES","tNO"]},"Code":{"type":"integer"},"Subject":{"type":"string"},"EmailAddress":{"type":"string"},"SendFax":{"description":"BoYesNoEnum","type":"string","enum":["tYES","tNO"]},"ColumnName":{"type":"string"},"SendInternal":{"description":"BoYesNoEnum","type":"string","enum":["tYES","tNO"]},"FaxNumber":{"type":"string"},"Value":{"type":"string"},"Object":{"type":"string"},"MessageDataLines":{"type":"array","items":{"$ref":"#/definitions/MessageDataLine"}},"MessageDataColumns":{"type":"array","items":{"$ref":"#/definitions/MessageDataColumn"}},"RecipientCollection":{"type":"array","items":{"$ref":"#/definitions/Recipient"}},"UserType":{"description":"BoMsgRcpTypes","type":"string","enum":["rt_RandomUser","rt_ContactPerson","rt_InternalUser"]},"Link":{"description":"BoYesNoEnum","type":"string","enum":["tYES","tNO"]}}},"Recipient":{"type":"object","properties":{"SendInternal":{"$ref":"#/definitions/BoYesNoEnum"},"CellularNumber":{"type":"string"},"NameTo":{"type":"string"},"FaxNumber":{"type":"string"},"UserCode":{"type":"string"},"SendSMS":{"$ref":"#/definitions/BoYesNoEnum"},"SendEmail":{"$ref":"#/definitions/BoYesNoEnum"},"UserType":{"$ref":"#/definitions/BoMsgRcpTypes"},"EmailAddress":{"type":"string"},"SendFax":{"$ref":"#/definitions/BoYesNoEnum"}}},"BoMsgPriorities":{"type":"string","enum":["pr_High","pr_Normal","pr_Low"]},"MessageDataColumn":{"type":"object","properties":{"ColumnName":{"type":"string"},"MessageDataLines":{"type":"array","items":{"$ref":"#/definitions/MessageDataLine"}},"Link":{"$ref":"#/definitions/BoYesNoEnum"}}},"BoYesNoEnum":{"type":"string","enum":["tYES","tNO"]}},"swagger":"3.0","info":{"description":"This is a sample server Petstore server.","title":"Swagger For Service Layer","version":"1.0.0"},"tags":[{"name":"MessagesService","description":"\n\t\t\tThis API enables you to invoke the interfaces defined on 'MessagesService'. \n\t\t\tTo be specific, this service enables to manage the inbox and outbox messages, and to send messages.\n\t\t"}]}