{"basePath":"/b1s/v1/","paths":{"/Messages":{"post":{"produces":["application/json","application/xml"],"description":"Create an instance of 'Messages' with the given payload of type 'Message' in JSON format.","responses":{"200":{"description":"successful operation"}},"parameters":[{"schema":{"$ref":"#/definitions/Message"},"in":"body","name":"body"}],"tags":["Messages"],"consumes":["application/json","application/xml"]},"get":{"produces":["application/json","application/xml"],"description":"Retrieve a collection of 'Messages' with all or some selected properties in the given order by specifying the given filter condition.","responses":{"200":{"description":"successful operation"}},"parameters":[{"name":"Code","type":"string"},{"name":"User","type":"string"},{"name":"Prio","type":"string"}],"tags":["Messages"],"consumes":["application/json","application/xml"]}},"/Messages(id)":{"get":{"produces":["application/json","application/xml"],"description":"Retrieve all or some selected properties from an instance of 'Messages' with the given id.","responses":{"200":{"description":"successful operation"}},"parameters":[{"name":"Code","type":"string"},{"name":"User","type":"string"},{"name":"Priority","type":"string"}],"tags":["Messages"],"consumes":["application/json","application/xml"]}},"/Messages(id)/GetMessage":{"post":{"produces":["application/json","application/xml"],"description":"Invoke the method 'GetMessage' on this EntitySet with the specified id. It is functionally equivalent to 'GET Messages(id)'","responses":{"200":{"description":"successful operation"}},"parameters":[{"schema":{"$ref":"#/definitions/Message"},"in":"body","name":"body"}],"tags":["Messages"],"consumes":["application/json","application/xml"]}}},"host":"slcdemo.cfapps.sap.hana.ondemand.com","schemes":"https","definitions":{"BoMsgRcpTypes":{"type":"string","enum":["rt_RandomUser","rt_ContactPerson","rt_InternalUser"]},"MessageDataLine":{"type":"object","properties":{"Value":{"type":"string"},"ObjectKey":{"type":"string"},"Object":{"type":"string"}}},"Message":{"type":"object","properties":{"User":{"type":"integer"},"CellularNumber":{"type":"string"},"NameTo":{"type":"string"},"Priority":{"description":"BoMsgPriorities","type":"string","enum":["pr_High","pr_Normal","pr_Low"]},"ObjectKey":{"type":"string"},"UserCode":{"type":"string"},"Text":{"type":"string"},"Attachment":{"type":"integer"},"SendSMS":{"description":"BoYesNoEnum","type":"string","enum":["tYES","tNO"]},"SendEmail":{"description":"BoYesNoEnum","type":"string","enum":["tYES","tNO"]},"Code":{"type":"integer"},"Subject":{"type":"string"},"EmailAddress":{"type":"string"},"SendFax":{"description":"BoYesNoEnum","type":"string","enum":["tYES","tNO"]},"ColumnName":{"type":"string"},"SendInternal":{"description":"BoYesNoEnum","type":"string","enum":["tYES","tNO"]},"FaxNumber":{"type":"string"},"Value":{"type":"string"},"Object":{"type":"string"},"MessageDataLines":{"type":"array","items":{"$ref":"#/definitions/MessageDataLine"}},"MessageDataColumns":{"type":"array","items":{"$ref":"#/definitions/MessageDataColumn"}},"RecipientCollection":{"type":"array","items":{"$ref":"#/definitions/Recipient"}},"UserType":{"description":"BoMsgRcpTypes","type":"string","enum":["rt_RandomUser","rt_ContactPerson","rt_InternalUser"]},"Link":{"description":"BoYesNoEnum","type":"string","enum":["tYES","tNO"]}}},"Recipient":{"type":"object","properties":{"SendInternal":{"$ref":"#/definitions/BoYesNoEnum"},"CellularNumber":{"type":"string"},"NameTo":{"type":"string"},"FaxNumber":{"type":"string"},"UserCode":{"type":"string"},"SendSMS":{"$ref":"#/definitions/BoYesNoEnum"},"SendEmail":{"$ref":"#/definitions/BoYesNoEnum"},"UserType":{"$ref":"#/definitions/BoMsgRcpTypes"},"EmailAddress":{"type":"string"},"SendFax":{"$ref":"#/definitions/BoYesNoEnum"}}},"BoMsgPriorities":{"type":"string","enum":["pr_High","pr_Normal","pr_Low"]},"MessageDataColumn":{"type":"object","properties":{"ColumnName":{"type":"string"},"MessageDataLines":{"type":"array","items":{"$ref":"#/definitions/MessageDataLine"}},"Link":{"$ref":"#/definitions/BoYesNoEnum"}}},"BoYesNoEnum":{"type":"string","enum":["tYES","tNO"]}},"swagger":"3.0","info":{"description":"This is a sample server Petstore server.","title":"Swagger For Service Layer","version":"1.0.0"},"tags":[{"name":"Messages","description":"\n\t\tThis entity enables you to manipulate 'Messages'. You can also specify the OData query options to query the messages, which is a combination of Inbox messages, Outbox messages and to-send messages.\n\t\t"}]}