{"basePath":"/b1s/v1/","paths":{"/MobileAddOnSetting":{"post":{"produces":["application/json","application/xml"],"description":"Create an instance of 'MobileAddOnSetting' with the given payload of type 'MobileAddOnSetting' in JSON format.","responses":{"200":{"description":"successful operation"}},"parameters":[{"schema":{"$ref":"#/definitions/MobileAddOnSetting"},"in":"body","name":"body"}],"tags":["MobileAddOnSetting"],"consumes":["application/json","application/xml"]},"get":{"produces":["application/json","application/xml"],"description":"Retrieve a collection of 'MobileAddOnSetting' with all or some selected properties in the given order by specifying the given filter condition.","responses":{"200":{"description":"successful operation"}},"parameters":[{"name":"Code","type":"string"},{"name":"Description","type":"string"}],"tags":["MobileAddOnSetting"],"consumes":["application/json","application/xml"]}},"/MobileAddOnSetting(id)":{"patch":{"produces":["application/json","application/xml"],"description":"Update an instance of 'MobileAddOnSetting' with the given payload of type 'MobileAddOnSetting' in JSON format and with the specified id.","responses":{"200":{"description":"successful operation"}},"parameters":[{"schema":{"$ref":"#/definitions/MobileAddOnSetting"},"in":"body","name":"body"}],"tags":["MobileAddOnSetting"],"consumes":["application/json","application/xml"]},"get":{"produces":["application/json","application/xml"],"description":"Retrieve all or some selected properties from an instance of 'MobileAddOnSetting' with the given id.","responses":{"200":{"description":"successful operation"}},"parameters":[{"name":"Code","type":"string"},{"name":"Description","type":"string"},{"name":"Url","type":"string"}],"tags":["MobileAddOnSetting"],"consumes":["application/json","application/xml"]},"delete":{"produces":["application/json","application/xml"],"description":"Delete an instance of 'MobileAddOnSetting' with the specified id.","responses":{"200":{"description":"successful operation"}},"parameters":[],"tags":["MobileAddOnSetting"],"consumes":["application/json","application/xml"]}}},"host":"slcdemo.cfapps.sap.hana.ondemand.com","schemes":"https","definitions":{"LogonMethodEnum":{"type":"string","enum":["lmNoControl","lmStandardLogon","lmBOneIntegrationFramework"]},"ViewStyleTypeEnum":{"type":"string","enum":["vstLandscape","vstPage","vstFullScreen"]},"MobileAddonSettingTypeEnum":{"type":"string","enum":["mastHome","mastModule"]},"MobileAddOnSetting":{"type":"object","properties":{"Type":{"description":"MobileAddonSettingTypeEnum","type":"string","enum":["mastHome","mastModule"]},"B1SalesApp":{"description":"BoYesNoEnum","type":"string","enum":["tYES","tNO"]},"Description":{"type":"string"},"LogonMethod":{"description":"LogonMethodEnum","type":"string","enum":["lmNoControl","lmStandardLogon","lmBOneIntegrationFramework"]},"Enable":{"description":"BoYesNoEnum","type":"string","enum":["tYES","tNO"]},"ViewStyle":{"description":"ViewStyleTypeEnum","type":"string","enum":["vstLandscape","vstPage","vstFullScreen"]},"B1MobileApp":{"description":"BoYesNoEnum","type":"string","enum":["tYES","tNO"]},"Code":{"type":"string"},"Url":{"type":"string"},"Provider":{"type":"string"}}},"BoYesNoEnum":{"type":"string","enum":["tYES","tNO"]}},"swagger":"3.0","info":{"description":"This is a sample server Petstore server.","title":"Swagger For Service Layer","version":"1.0.0"},"tags":[{"name":"MobileAddOnSetting","description":"This entity enables you to manipulate 'MobileAddOnSetting'."}]}