{"basePath":"/b1s/v1/","paths":{"/MultiLanguageTranslations":{"post":{"produces":["application/json","application/xml"],"description":"Create an instance of 'MultiLanguageTranslations' with the given payload of type 'MultiLanguageTranslation' in JSON format.","responses":{"200":{"description":"successful operation"}},"parameters":[{"schema":{"$ref":"#/definitions/MultiLanguageTranslation"},"in":"body","name":"body"}],"tags":["MultiLanguageTranslations"],"consumes":["application/json","application/xml"]},"get":{"produces":["application/json","application/xml"],"description":"Retrieve a collection of 'MultiLanguageTranslations' with all or some selected properties in the given order by specifying the given filter condition.","responses":{"200":{"description":"successful operation"}},"parameters":[{"name":"Numerator","type":"string"},{"name":"TableName","type":"string"},{"name":"FieldA","type":"string"}],"tags":["MultiLanguageTranslations"],"consumes":["application/json","application/xml"]}},"/MultiLanguageTranslations(id)":{"patch":{"produces":["application/json","application/xml"],"description":"Update an instance of 'MultiLanguageTranslations' with the given payload of type 'MultiLanguageTranslation' in JSON format and with the specified id.","responses":{"200":{"description":"successful operation"}},"parameters":[{"schema":{"$ref":"#/definitions/MultiLanguageTranslation"},"in":"body","name":"body"}],"tags":["MultiLanguageTranslations"],"consumes":["application/json","application/xml"]},"get":{"produces":["application/json","application/xml"],"description":"Retrieve all or some selected properties from an instance of 'MultiLanguageTranslations' with the given id.","responses":{"200":{"description":"successful operation"}},"parameters":[{"name":"Numerator","type":"string"},{"name":"TableName","type":"string"},{"name":"FieldAlias","type":"string"}],"tags":["MultiLanguageTranslations"],"consumes":["application/json","application/xml"]},"delete":{"produces":["application/json","application/xml"],"description":"Delete an instance of 'MultiLanguageTranslations' with the specified id.","responses":{"200":{"description":"successful operation"}},"parameters":[],"tags":["MultiLanguageTranslations"],"consumes":["application/json","application/xml"]}}},"host":"slcdemo.cfapps.sap.hana.ondemand.com","schemes":"https","definitions":{"TranslationsInUserLanguage":{"type":"object","properties":{"LanguageCodeOfUserLanguage":{"type":"integer"},"KeyFromHeaderTable":{"type":"integer"},"Translationscontent":{"type":"string"}}},"MultiLanguageTranslation":{"type":"object","properties":{"Numerator":{"type":"integer"},"TableName":{"type":"string"},"TranslationsInUserLanguages":{"type":"array","items":{"$ref":"#/definitions/TranslationsInUserLanguage"}},"PrimaryKeyofobject":{"type":"string"},"LanguageCodeOfUserLanguage":{"type":"integer"},"KeyFromHeaderTable":{"type":"integer"},"Translationscontent":{"type":"string"},"FieldAlias":{"type":"string"}}}},"swagger":"3.0","info":{"description":"This is a sample server Petstore server.","title":"Swagger For Service Layer","version":"1.0.0"},"tags":[{"name":"MultiLanguageTranslations","description":"This entity enables you to manipulate 'MultiLanguageTranslations'. It allows to translate alphanumeric data of specified fields in master data objects (such as BusinessPartners and Items) to foreign languages and then printing documents in the translated languages."}]}