{"basePath":"/b1s/v1/","paths":{"/NatureOfAssessees":{"post":{"produces":["application/json","application/xml"],"description":"Create an instance of 'NatureOfAssessees' with the given payload of type 'NatureOfAssessee' in JSON format.","responses":{"200":{"description":"successful operation"}},"parameters":[{"schema":{"$ref":"#/definitions/NatureOfAssessee"},"in":"body","name":"body"}],"tags":["NatureOfAssessees"],"consumes":["application/json","application/xml"]},"get":{"produces":["application/json","application/xml"],"description":"Retrieve a collection of 'NatureOfAssessees' with all or some selected properties in the given order by specifying the given filter condition.","responses":{"200":{"description":"successful operation"}},"parameters":[{"name":"AbsEntry","type":"string"},{"name":"Code","type":"string"},{"name":"Descrip","type":"string"}],"tags":["NatureOfAssessees"],"consumes":["application/json","application/xml"]}},"/NatureOfAssessees(id)":{"patch":{"produces":["application/json","application/xml"],"description":"Update an instance of 'NatureOfAssessees' with the given payload of type 'NatureOfAssessee' in JSON format and with the specified id.","responses":{"200":{"description":"successful operation"}},"parameters":[{"schema":{"$ref":"#/definitions/NatureOfAssessee"},"in":"body","name":"body"}],"tags":["NatureOfAssessees"],"consumes":["application/json","application/xml"]},"get":{"produces":["application/json","application/xml"],"description":"Retrieve all or some selected properties from an instance of 'NatureOfAssessees' with the given id.","responses":{"200":{"description":"successful operation"}},"parameters":[{"name":"AbsEntry","type":"string"},{"name":"Code","type":"string"},{"name":"Description","type":"string"}],"tags":["NatureOfAssessees"],"consumes":["application/json","application/xml"]},"delete":{"produces":["application/json","application/xml"],"description":"Delete an instance of 'NatureOfAssessees' with the specified id.","responses":{"200":{"description":"successful operation"}},"parameters":[],"tags":["NatureOfAssessees"],"consumes":["application/json","application/xml"]}}},"host":"slcdemo.cfapps.sap.hana.ondemand.com","schemes":"https","definitions":{"NatureOfAssessee":{"type":"object","properties":{"Description":{"type":"string"},"AssesseeType":{"description":"AssesseeTypeEnum","type":"string","enum":["atCompany","atOthers"]},"AbsEntry":{"type":"integer"},"Code":{"type":"string"}}},"AssesseeTypeEnum":{"type":"string","enum":["atCompany","atOthers"]}},"swagger":"3.0","info":{"description":"This is a sample server Petstore server.","title":"Swagger For Service Layer","version":"1.0.0"},"tags":[{"name":"NatureOfAssessees","description":"This entity enables you to manipulate 'NatureOfAssessees'."}]}