{"basePath":"/b1s/v1/","paths":{"/NCMCodesSetup":{"post":{"produces":["application/json","application/xml"],"description":"Create an instance of 'NCMCodesSetup' with the given payload of type 'NCMCodeSetup' in JSON format.","responses":{"200":{"description":"successful operation"}},"parameters":[{"schema":{"$ref":"#/definitions/NCMCodeSetup"},"in":"body","name":"body"}],"tags":["NCMCodesSetup"],"consumes":["application/json","application/xml"]},"get":{"produces":["application/json","application/xml"],"description":"Retrieve a collection of 'NCMCodesSetup' with all or some selected properties in the given order by specifying the given filter condition.","responses":{"200":{"description":"successful operation"}},"parameters":[{"name":"AbsEntry","type":"string"},{"name":"NCMCode","type":"string"},{"name":"Descrip","type":"string"}],"tags":["NCMCodesSetup"],"consumes":["application/json","application/xml"]}},"/NCMCodesSetup(id)":{"patch":{"produces":["application/json","application/xml"],"description":"Update an instance of 'NCMCodesSetup' with the given payload of type 'NCMCodeSetup' in JSON format and with the specified id.","responses":{"200":{"description":"successful operation"}},"parameters":[{"schema":{"$ref":"#/definitions/NCMCodeSetup"},"in":"body","name":"body"}],"tags":["NCMCodesSetup"],"consumes":["application/json","application/xml"]},"get":{"produces":["application/json","application/xml"],"description":"Retrieve all or some selected properties from an instance of 'NCMCodesSetup' with the given id.","responses":{"200":{"description":"successful operation"}},"parameters":[{"name":"AbsEntry","type":"string"},{"name":"NCMCode","type":"string"},{"name":"Description","type":"string"}],"tags":["NCMCodesSetup"],"consumes":["application/json","application/xml"]},"delete":{"produces":["application/json","application/xml"],"description":"Delete an instance of 'NCMCodesSetup' with the specified id.","responses":{"200":{"description":"successful operation"}},"parameters":[],"tags":["NCMCodesSetup"],"consumes":["application/json","application/xml"]}}},"host":"slcdemo.cfapps.sap.hana.ondemand.com","schemes":"https","definitions":{"NCMCodeSetup":{"type":"object","properties":{"NCMCode":{"type":"string"},"Description":{"type":"string"},"AbsEntry":{"type":"integer"}}}},"swagger":"3.0","info":{"description":"This is a sample server Petstore server.","title":"Swagger For Service Layer","version":"1.0.0"},"tags":[{"name":"NCMCodesSetup","description":"This entity enables you to manipulate 'NCMCodesSetup'."}]}