{"basePath":"/b1s/v1/","paths":{"/NFModels":{"post":{"produces":["application/json","application/xml"],"description":"Create an instance of 'NFModels' with the given payload of type 'NFModel' in JSON format.","responses":{"200":{"description":"successful operation"}},"parameters":[{"schema":{"$ref":"#/definitions/NFModel"},"in":"body","name":"body"}],"tags":["NFModels"],"consumes":["application/json","application/xml"]},"get":{"produces":["application/json","application/xml"],"description":"Retrieve a collection of 'NFModels' with all or some selected properties in the given order by specifying the given filter condition.","responses":{"200":{"description":"successful operation"}},"parameters":[{"name":"AbsEntry","type":"string"},{"name":"NFMName","type":"string"},{"name":"NFMDescrip","type":"string"}],"tags":["NFModels"],"consumes":["application/json","application/xml"]}},"/NFModels(id)":{"patch":{"produces":["application/json","application/xml"],"description":"Update an instance of 'NFModels' with the given payload of type 'NFModel' in JSON format and with the specified id.","responses":{"200":{"description":"successful operation"}},"parameters":[{"schema":{"$ref":"#/definitions/NFModel"},"in":"body","name":"body"}],"tags":["NFModels"],"consumes":["application/json","application/xml"]},"get":{"produces":["application/json","application/xml"],"description":"Retrieve all or some selected properties from an instance of 'NFModels' with the given id.","responses":{"200":{"description":"successful operation"}},"parameters":[{"name":"AbsEntry","type":"string"},{"name":"NFMName","type":"string"},{"name":"NFMDescription","type":"string"}],"tags":["NFModels"],"consumes":["application/json","application/xml"]},"delete":{"produces":["application/json","application/xml"],"description":"Delete an instance of 'NFModels' with the specified id.","responses":{"200":{"description":"successful operation"}},"parameters":[],"tags":["NFModels"],"consumes":["application/json","application/xml"]}}},"host":"slcdemo.cfapps.sap.hana.ondemand.com","schemes":"https","definitions":{"NFModel":{"type":"object","properties":{"NFMDescription":{"type":"string"},"NFMCode":{"type":"string"},"NFMName":{"type":"string"},"AbsEntry":{"type":"string"}}}},"swagger":"3.0","info":{"description":"This is a sample server Petstore server.","title":"Swagger For Service Layer","version":"1.0.0"},"tags":[{"name":"NFModels","description":"This entity enables you to manipulate 'NFModels'."}]}