{"basePath":"/b1s/v1/","paths":{"/NFTaxCategories":{"post":{"produces":["application/json","application/xml"],"description":"Create an instance of 'NFTaxCategories' with the given payload of type 'NFTaxCategory' in JSON format.","responses":{"200":{"description":"successful operation"}},"parameters":[{"schema":{"$ref":"#/definitions/NFTaxCategory"},"in":"body","name":"body"}],"tags":["NFTaxCategories"],"consumes":["application/json","application/xml"]},"get":{"produces":["application/json","application/xml"],"description":"Retrieve a collection of 'NFTaxCategories' with all or some selected properties in the given order by specifying the given filter condition.","responses":{"200":{"description":"successful operation"}},"parameters":[{"name":"AbsId","type":"string"},{"name":"Code","type":"string"},{"name":"Lo","type":"string"}],"tags":["NFTaxCategories"],"consumes":["application/json","application/xml"]}},"/NFTaxCategories(id)":{"patch":{"produces":["application/json","application/xml"],"description":"Update an instance of 'NFTaxCategories' with the given payload of type 'NFTaxCategory' in JSON format and with the specified id.","responses":{"200":{"description":"successful operation"}},"parameters":[{"schema":{"$ref":"#/definitions/NFTaxCategory"},"in":"body","name":"body"}],"tags":["NFTaxCategories"],"consumes":["application/json","application/xml"]},"get":{"produces":["application/json","application/xml"],"description":"Retrieve all or some selected properties from an instance of 'NFTaxCategories' with the given id.","responses":{"200":{"description":"successful operation"}},"parameters":[{"name":"AbsId","type":"string"},{"name":"Code","type":"string"},{"name":"Locked","type":"string"}],"tags":["NFTaxCategories"],"consumes":["application/json","application/xml"]},"delete":{"produces":["application/json","application/xml"],"description":"Delete an instance of 'NFTaxCategories' with the specified id.","responses":{"200":{"description":"successful operation"}},"parameters":[],"tags":["NFTaxCategories"],"consumes":["application/json","application/xml"]}}},"host":"slcdemo.cfapps.sap.hana.ondemand.com","schemes":"https","definitions":{"BoYesNoEnum":{"type":"string","enum":["tYES","tNO"]},"NFTaxCategory":{"type":"object","properties":{"Locked":{"description":"BoYesNoEnum","type":"string","enum":["tYES","tNO"]},"GPCId":{"type":"integer"},"Code":{"type":"string"},"AbsId":{"type":"integer"}}}},"swagger":"3.0","info":{"description":"This is a sample server Petstore server.","title":"Swagger For Service Layer","version":"1.0.0"},"tags":[{"name":"NFTaxCategories","description":"This entity enables you to manipulate 'NFTaxCategories'."}]}