{"basePath":"/b1s/v1/","paths":{"/OccurrenceCodes":{"post":{"produces":["application/json","application/xml"],"description":"\n\t\t\t\t\tCreate an instance of 'OccurrenceCodes' with the given payload of type 'OccurenceCode' in JSON format.\n\t\t\t\t","responses":{"200":{"description":"successful operation"}},"parameters":[{"schema":{"$ref":"#/definitions/OccurenceCode"},"in":"body","name":"body"}],"tags":["OccurrenceCodes"],"consumes":["application/json","application/xml"]},"get":{"produces":["application/json","application/xml"],"description":"\n\t\t\t\t\tRetrieve a collection of 'OccurrenceCodes' with all or some selected properties in the given order by specifying the given filter condition.\n\t\t\t\t","responses":{"200":{"description":"successful operation"}},"parameters":[{"name":"AbsEntry","type":"string"},{"name":"Code","type":"string"},{"name":"Descrip","type":"string"}],"tags":["OccurrenceCodes"],"consumes":["application/json","application/xml"]}},"/OccurrenceCodes(id)":{"patch":{"produces":["application/json","application/xml"],"description":"\n\t\t\t\t\tUpdate an instance of 'OccurrenceCodes' with the given payload of type 'OccurenceCode' in JSON format and with the specified id.\n\t\t\t\t","responses":{"200":{"description":"successful operation"}},"parameters":[{"schema":{"$ref":"#/definitions/OccurenceCode"},"in":"body","name":"body"}],"tags":["OccurrenceCodes"],"consumes":["application/json","application/xml"]},"get":{"produces":["application/json","application/xml"],"description":"\n\t\t\t\t\tRetrieve all or some selected properties from an instance of 'OccurrenceCodes' with the given id.\n\t\t\t\t","responses":{"200":{"description":"successful operation"}},"parameters":[{"name":"AbsEntry","type":"string"},{"name":"Code","type":"string"},{"name":"Description","type":"string"}],"tags":["OccurrenceCodes"],"consumes":["application/json","application/xml"]},"delete":{"produces":["application/json","application/xml"],"description":"\n\t\t\t\t\tDelete an instance of 'OccurrenceCodes' with the specified id.\n\t\t\t\t","responses":{"200":{"description":"successful operation"}},"parameters":[],"tags":["OccurrenceCodes"],"consumes":["application/json","application/xml"]}}},"host":"slcdemo.cfapps.sap.hana.ondemand.com","schemes":"https","definitions":{"BoBoeStatus":{"type":"string","enum":["boes_Failed","boes_Cancelled","boes_Deposited","boes_Closed","boes_Created","boes_Sent","boes_Paid"]},"OccurenceCode":{"type":"object","properties":{"RequestedBoeStatus":{"description":"BoBoeStatus","type":"string","enum":["boes_Failed","boes_Cancelled","boes_Deposited","boes_Closed","boes_Created","boes_Sent","boes_Paid"]},"IsMovement":{"description":"BoYesNoEnum","type":"string","enum":["tYES","tNO"]},"Description":{"type":"string"},"Note":{"type":"string"},"AbsEntry":{"type":"integer"},"Code":{"type":"string"}}},"BoYesNoEnum":{"type":"string","enum":["tYES","tNO"]}},"swagger":"3.0","info":{"description":"This is a sample server Petstore server.","title":"Swagger For Service Layer","version":"1.0.0"},"tags":[{"name":"OccurrenceCodes","description":"\n\t\t\tThis entity enables you to manipulate 'OccurrenceCodes'.\n\t\t"}]}