{"basePath":"/b1s/v1/","paths":{"/PackagesTypes":{"post":{"produces":["application/json","application/xml"],"description":"Create an instance of 'PackagesTypes' with the given payload of type 'PackagesType' in JSON format.","responses":{"200":{"description":"successful operation"}},"parameters":[{"schema":{"$ref":"#/definitions/PackagesType"},"in":"body","name":"body"}],"tags":["PackagesTypes"],"consumes":["application/json","application/xml"]},"get":{"produces":["application/json","application/xml"],"description":"Retrieve a collection of 'PackagesTypes' with all or some selected properties in the given order by specifying the given filter condition.","responses":{"200":{"description":"successful operation"}},"parameters":[{"name":"Type","type":"string"},{"name":"Code","type":"string"},{"name":"Len","type":"string"}],"tags":["PackagesTypes"],"consumes":["application/json","application/xml"]}},"/PackagesTypes(id)":{"patch":{"produces":["application/json","application/xml"],"description":"Update an instance of 'PackagesTypes' with the given payload of type 'PackagesType' in JSON format and with the specified id.","responses":{"200":{"description":"successful operation"}},"parameters":[{"schema":{"$ref":"#/definitions/PackagesType"},"in":"body","name":"body"}],"tags":["PackagesTypes"],"consumes":["application/json","application/xml"]},"get":{"produces":["application/json","application/xml"],"description":"Retrieve all or some selected properties from an instance of 'PackagesTypes' with the given id.","responses":{"200":{"description":"successful operation"}},"parameters":[{"name":"Type","type":"string"},{"name":"Code","type":"string"},{"name":"Length1","type":"string"}],"tags":["PackagesTypes"],"consumes":["application/json","application/xml"]},"delete":{"produces":["application/json","application/xml"],"description":"Delete an instance of 'PackagesTypes' with the specified id.","responses":{"200":{"description":"successful operation"}},"parameters":[],"tags":["PackagesTypes"],"consumes":["application/json","application/xml"]}}},"host":"slcdemo.cfapps.sap.hana.ondemand.com","schemes":"https","definitions":{"PackagesType":{"type":"object","properties":{"Width2":{"type":"number"},"Width2Unit":{"type":"integer"},"Length2Unit":{"type":"integer"},"Height1Unit":{"type":"integer"},"Width1":{"type":"number"},"Length1Unit":{"type":"integer"},"Weight1Unit":{"type":"integer"},"Code":{"type":"integer"},"Width1Unit":{"type":"integer"},"Type":{"type":"string"},"Volume":{"type":"number"},"Weight2":{"type":"number"},"Height2Unit":{"type":"integer"},"Weight1":{"type":"number"},"Height1":{"type":"number"},"Height2":{"type":"number"},"VolumeUnit":{"type":"integer"},"Length1":{"type":"number"},"Length2":{"type":"number"},"Weight2Unit":{"type":"integer"}}}},"swagger":"3.0","info":{"description":"This is a sample server Petstore server.","title":"Swagger For Service Layer","version":"1.0.0"},"tags":[{"name":"PackagesTypes","description":"This entity enables you to manipulate 'PackagesTypes'. It represents various packaging types for deliveries."}]}