{"basePath":"/b1s/v1/","paths":{"/PartnersSetups":{"post":{"produces":["application/json","application/xml"],"description":"\n\t\t\t\t\tCreate an instance of 'PartnersSetups' with the given payload of type 'PartnersSetupParams' in JSON format.\n\t\t\t\t","responses":{"200":{"description":"successful operation"}},"parameters":[{"schema":{"$ref":"#/definitions/PartnersSetupParams"},"in":"body","name":"body"}],"tags":["PartnersSetups"],"consumes":["application/json","application/xml"]},"get":{"produces":["application/json","application/xml"],"description":"\n\t\t\t\t\tRetrieve a collection of 'PartnersSetups' with all or some selected properties in the given order by specifying the given filter condition.\n\t\t\t\t","responses":{"200":{"description":"successful operation"}},"parameters":[{"name":"PartnerID","type":"string"},{"name":"Name","type":"string"},{"name":"DefaultRelation","type":"string"}],"tags":["PartnersSetups"],"consumes":["application/json","application/xml"]}},"/PartnersSetups(id)":{"patch":{"produces":["application/json","application/xml"],"description":"\n\t\t\t\t\tUpdate an instance of 'PartnersSetups' with the given payload of type 'PartnersSetupParams' in JSON format and with the specified id.\n\t\t\t\t","responses":{"200":{"description":"successful operation"}},"parameters":[{"schema":{"$ref":"#/definitions/PartnersSetupParams"},"in":"body","name":"body"}],"tags":["PartnersSetups"],"consumes":["application/json","application/xml"]},"get":{"produces":["application/json","application/xml"],"description":"\n\t\t\t\t\tRetrieve all or some selected properties from an instance of 'PartnersSetups' with the given id.\n\t\t\t\t","responses":{"200":{"description":"successful operation"}},"parameters":[{"name":"PartnerID","type":"string"},{"name":"Name","type":"string"},{"name":"DefaultRelationship","type":"string"}],"tags":["PartnersSetups"],"consumes":["application/json","application/xml"]},"delete":{"produces":["application/json","application/xml"],"description":"\n\t\t\t\t\tDelete an instance of 'PartnersSetups' with the specified id.\n\t\t\t\t","responses":{"200":{"description":"successful operation"}},"parameters":[],"tags":["PartnersSetups"],"consumes":["application/json","application/xml"]}}},"host":"slcdemo.cfapps.sap.hana.ondemand.com","schemes":"https","definitions":{"PartnersSetupParams":{"type":"object","properties":{"DefaultRelationship":{"type":"integer"},"RelatedBP":{"type":"string"},"Details":{"type":"string"},"PartnerID":{"type":"integer"},"Name":{"type":"string"}}}},"swagger":"3.0","info":{"description":"This is a sample server Petstore server.","title":"Swagger For Service Layer","version":"1.0.0"},"tags":[{"name":"PartnersSetups","description":"\n\t\t\tThis entity enables you to manipulate 'PartnersSetups'.\n\t\t"}]}