{"basePath":"/b1s/v1/","paths":{"/PaymentCalculationService_GetPaymentAmount":{"post":{"produces":["application/json","application/xml"],"description":"\n\t\t\t\t\tInvoke the method 'GetPaymentAmount' on this service by specifying the payload 'PaymentBPCode,PaymentInvoiceEntries' in the JSON format.\n\t\t\t\t","responses":{"200":{"description":"successful operation"}},"parameters":[{"schema":{"$ref":"#/definitions/PaymentBlock"},"in":"body","name":"body"}],"tags":["PaymentCalculationService"],"consumes":["application/json","application/xml"]}}},"host":"slcdemo.cfapps.sap.hana.ondemand.com","schemes":"https","definitions":{"PaymentInvoiceEntry":{"type":"object","properties":{"InstallmentId":{"type":"integer"},"DocEntry":{"type":"integer"},"DocType":{"$ref":"#/definitions/PaymentInvoiceTypeEnum"}}},"PaymentBlock":{"type":"object","properties":{}},"PaymentBPCode":{"type":"object","properties":{"BPCode":{"type":"string"},"Date":{"type":"string"}}},"PaymentInvoiceTypeEnum":{"type":"string","enum":["itARInvoice","itARDownPaymentInvoice"]}},"swagger":"3.0","info":{"description":"This is a sample server Petstore server.","title":"Swagger For Service Layer","version":"1.0.0"},"tags":[{"name":"PaymentCalculationService","description":"\n\t\t\tThis API enables you to invoke the interfaces defined on 'PaymentCalculationService'.\n\t\t"}]}