{"basePath":"/b1s/v1/","paths":{"/PaymentRunExport":{"get":{"produces":["application/json","application/xml"],"description":"Retrieve a collection of 'PaymentRunExport' with all or some selected properties in the given order by specifying the given filter condition.","responses":{"200":{"description":"successful operation"}},"parameters":[{"name":"AbsoluteEntry","type":"string"},{"name":"RunDate","type":"string"},{"name":"Vendo","type":"string"}],"tags":["PaymentRunExport"],"consumes":["application/json","application/xml"]}},"/PaymentRunExport(id)":{"get":{"produces":["application/json","application/xml"],"description":"Retrieve all or some selected properties from an instance of 'PaymentRunExport' with the given id.","responses":{"200":{"description":"successful operation"}},"parameters":[{"name":"AbsoluteEntry","type":"string"},{"name":"RunDate","type":"string"},{"name":"VendorNum","type":"string"}],"tags":["PaymentRunExport"],"consumes":["application/json","application/xml"]}}},"host":"slcdemo.cfapps.sap.hana.ondemand.com","schemes":"https","definitions":{"PaymentRunExport":{"type":"object","properties":{"OrganizationNumber":{"type":"string"},"PayeeTaxNumber":{"type":"string"},"BankCountry":{"type":"string"},"PaymentFormat":{"type":"string"},"PayeeBankBlock":{"type":"string"},"UserMobilePhoneNumber":{"type":"string"},"CompanyZipCode":{"type":"string"},"PayeeState":{"type":"string"},"PayeeBankState":{"type":"string"},"Currency":{"type":"string"},"DocumentLocalCurrency":{"type":"string"},"DocNum":{"type":"integer"},"DocAmountLocal":{"type":"number"},"Status":{"description":"BoOpexStatus","type":"string","enum":["bos_Close","bos_Open"]},"PaymentBankChargesAllocationCode":{"type":"string"},"DocumentObjectType":{"type":"string"},"BPDebitPayableAccount":{"type":"string"},"DocumentObjectTypeEx":{"type":"string"},"PayeeBankZip":{"type":"string"},"VendorIsrBillerID":{"type":"string"},"PayeePostalCode":{"type":"string"},"RunDate":{"type":"string"},"PaymentMeans":{"type":"string"},"DocumentPaymentTerms":{"type":"integer"},"DateOfPaymentRun":{"type":"string"},"DocRate":{"type":"number"},"DocumentTaxAmount":{"type":"number"},"PayeeCity":{"type":"string"},"PaymentOrderNum":{"type":"integer"},"PayeeBankBISR":{"description":"BoYesNoEnum","type":"string","enum":["tYES","tNO"]},"PayeeBankPostOffice":{"description":"BoYesNoEnum","type":"string","enum":["tYES","tNO"]},"DocumentRate":{"type":"number"},"PaymentBankUserNo1":{"type":"string"},"PaymentBankUserNo2":{"type":"string"},"PaymentBankUserNo3":{"type":"string"},"PayeeCountry":{"type":"string"},"PaymentBankUserNo4":{"type":"string"},"PayeeName":{"type":"string"},"VendorNum":{"type":"string"},"DocumentPostingDate":{"type":"string"},"DocumentTotal":{"type":"number"},"PayeeBankStreet":{"type":"string"},"CompanyStreet":{"type":"string"},"DocNumOffieldPaid":{"type":"integer"},"DocCashDiscountForign":{"type":"number"},"UserDepartment":{"type":"integer"},"AbsoluteEntry":{"type":"integer"},"PayeeBankHouseBank":{"description":"BoYesNoEnum","type":"string","enum":["tYES","tNO"]},"PayeeBankCity":{"type":"string"},"FormatName":{"type":"string"},"CompanyBlock":{"type":"string"},"CustomerNum":{"type":"string"},"DocumentRemarks":{"type":"string"},"BankIBAN":{"type":"string"},"GLAccount":{"type":"string"},"PayeeReferenceDetails":{"type":"string"},"BankAccount":{"type":"string"},"BankCode":{"type":"string"},"CompanyState":{"type":"string"},"DocumentNumber":{"type":"integer"},"PaymentKeyCode":{"type":"string"},"DocumentTaxAmountFC":{"type":"number"},"DocumentCurrency":{"type":"string"},"PayeeBankName":{"type":"string"},"CompanyCity":{"type":"string"},"VendorRefNum":{"type":"string"},"PayeeBankCtrlKey":{"type":"string"},"PayeeBankNextCheckNumber":{"type":"integer"},"PayeeBankBranch":{"type":"string"},"FreeText3":{"type":"string"},"FreeText1":{"type":"string"},"FreeText2":{"type":"string"},"PayeeBankCountry":{"type":"string"},"CompanyName":{"type":"string"},"CustomerNumber":{"type":"string"},"WizCode":{"type":"integer"},"PaymentBankBranch":{"type":"string"},"EUInternalTransfer":{"description":"BoYesNoEnum","type":"string","enum":["tYES","tNO"]},"PaymentWizardCode":{"type":"integer"},"CompanyTaxNum":{"type":"string"},"OrderingParty":{"type":"string"},"PayeeBankUserNum3":{"type":"string"},"PayeeBankUserNum4":{"type":"string"},"PayeeBankUserNum1":{"type":"string"},"PaymentBankCharges":{"type":"string"},"PaymentRunExport_Lines":{"type":"array","items":{"$ref":"#/definitions/PaymentRunExport_Line"}},"PayeeBankUserNum2":{"type":"string"},"Countery":{"type":"string"},"PaymentDocNum":{"type":"integer"},"PayeeBankCounty":{"type":"string"},"CompIsrBillerID":{"type":"string"},"PaymentMethod":{"type":"string"},"PayeeBankAccount":{"type":"string"},"PaymentNumber":{"type":"integer"},"UserEMail":{"type":"string"},"PayeeStreet":{"type":"string"},"FiscalYear":{"type":"string"},"DocAmountForign":{"type":"number"},"PayeeBankCode":{"type":"string"},"InstructionKey":{"type":"string"},"RowType":{"description":"PaymentRunExportRowTypeEnum","type":"string","enum":["prtGeneral","prtPayToAccount","prtPayOnAccount"]},"VendorNumber":{"type":"string"},"PaymentDocReference":{"type":"string"},"CompanyAddress":{"type":"string"},"PayeeBankIBAN":{"type":"string"},"PaymentTermsPeriod":{"type":"integer"},"PaymentBankControlKey":{"type":"string"},"AdditionalIdNumber":{"type":"string"},"DocumentTotalFC":{"type":"number"},"DocumentTaxDate":{"type":"string"},"FilePath":{"type":"string"},"UserName":{"type":"string"},"DocCurrnecy":{"type":"string"},"PayeeBankSwiftNum":{"type":"string"},"RowNumber":{"type":"integer"},"UserFaxNumber":{"type":"string"},"PostingDate":{"type":"string"},"CollectionAuthorization":{"description":"BoYesNoEnum","type":"string","enum":["tYES","tNO"]},"CompanyCounty":{"type":"string"},"DebitMemo":{"description":"BoYesNoEnum","type":"string","enum":["tYES","tNO"]},"PaymentDonewithCheck":{"description":"BoYesNoEnum","type":"string","enum":["tYES","tNO"]},"DocCashDiscount":{"type":"number"}}},"PaymentRunExportRowTypeEnum":{"type":"string","enum":["prtGeneral","prtPayToAccount","prtPayOnAccount"]},"PaymentRunExport_Line":{"type":"object","properties":{"FreeText3":{"type":"string"},"DocumentRate":{"type":"number"},"FreeText1":{"type":"string"},"FiscalYear":{"type":"string"},"FreeText2":{"type":"string"},"VendorNumber":{"type":"string"},"DocumentPostingDate":{"type":"string"},"DocumentTotal":{"type":"number"},"PaymentDocReference":{"type":"string"},"PaymentTermsPeriod":{"type":"integer"},"CustomerNumber":{"type":"string"},"DocumentTotalFC":{"type":"number"},"DocumentLocalCurrency":{"type":"string"},"DocumentTaxDate":{"type":"string"},"PaymentWizardCode":{"type":"integer"},"DocumentObjectType":{"type":"string"},"BPDebitPayableAccount":{"type":"string"},"DocumentObjectTypeEx":{"type":"string"},"DocumentRemarks":{"type":"string"},"DocumentNumber":{"type":"integer"},"DocumentTaxAmountFC":{"type":"number"},"PaymentMeans":{"type":"string"},"DocumentPaymentTerms":{"type":"integer"},"RowNumber":{"type":"integer"},"DateOfPaymentRun":{"type":"string"},"DocumentCurrency":{"type":"string"},"PaymentDocNum":{"type":"integer"},"DocumentTaxAmount":{"type":"number"},"VendorRefNum":{"type":"string"},"PaymentOrderNum":{"type":"integer"},"PaymentNumber":{"type":"integer"}}},"BoOpexStatus":{"type":"string","enum":["bos_Close","bos_Open"]},"BoYesNoEnum":{"type":"string","enum":["tYES","tNO"]}},"swagger":"3.0","info":{"description":"This is a sample server Petstore server.","title":"Swagger For Service Layer","version":"1.0.0"},"tags":[{"name":"PaymentRunExport","description":"This entity enables you to manipulate 'PaymentRunExport'. It allows you to export data of automatic payments for both incoming payments and outgoing payments to vendors."}]}