{"basePath":"/b1s/v1/","paths":{"/PaymentBlocks(id)":{"patch":{"produces":["application/json","application/xml"],"description":"\n\t\t\t\t\tUpdate an instance of 'PaymentBlocks' with the given payload of type 'PaymentBlock' in JSON format and with the specified id.\n\t\t\t\t","responses":{"200":{"description":"successful operation"}},"parameters":[{"schema":{"$ref":"#/definitions/PaymentBlock"},"in":"body","name":"body"}],"tags":["PaymentBlocks"],"consumes":["application/json","application/xml"]},"get":{"produces":["application/json","application/xml"],"description":"\n\t\t\t\t\tRetrieve all or some selected properties from an instance of 'PaymentBlocks' with the given id.\n\t\t\t\t","responses":{"200":{"description":"successful operation"}},"parameters":[{"name":"AbsEntry","type":"string"},{"name":"PaymentBlockCode","type":"string"}],"tags":["PaymentBlocks"],"consumes":["application/json","application/xml"]},"delete":{"produces":["application/json","application/xml"],"description":"\n\t\t\t\t\tDelete an instance of 'PaymentBlocks' with the specified id.\n\t\t\t\t","responses":{"200":{"description":"successful operation"}},"parameters":[],"tags":["PaymentBlocks"],"consumes":["application/json","application/xml"]}},"/PaymentBlocks":{"post":{"produces":["application/json","application/xml"],"description":"\n\t\t\t\t\tCreate an instance of 'PaymentBlocks' with the given payload of type 'PaymentBlock' in JSON format.\n\t\t\t\t","responses":{"200":{"description":"successful operation"}},"parameters":[{"schema":{"$ref":"#/definitions/PaymentBlock"},"in":"body","name":"body"}],"tags":["PaymentBlocks"],"consumes":["application/json","application/xml"]},"get":{"produces":["application/json","application/xml"],"description":"\n\t\t\t\t\tRetrieve a collection of 'PaymentBlocks' with all or some selected properties in the given order by specifying the given filter condition.\n\t\t\t\t","responses":{"200":{"description":"successful operation"}},"parameters":[{"name":"AbsEntry","type":"string"},{"name":"PaymentBlock","type":"string"}],"tags":["PaymentBlocks"],"consumes":["application/json","application/xml"]}}},"host":"slcdemo.cfapps.sap.hana.ondemand.com","schemes":"https","definitions":{"PaymentBlock":{"type":"object","properties":{"PaymentBlockCode":{"type":"string"},"AbsEntry":{"type":"integer"}}}},"swagger":"3.0","info":{"description":"This is a sample server Petstore server.","title":"Swagger For Service Layer","version":"1.0.0"},"tags":[{"name":"PaymentBlocks","description":"\n\t\t\tThis entity enables you to manipulate 'PaymentBlocks'.\n\t\t"}]}