{"basePath":"/b1s/v1/","paths":{"/PaymentTermsTypes(id)":{"patch":{"produces":["application/json","application/xml"],"description":"Update an instance of 'PaymentTermsTypes' with the given payload of type 'PaymentTermsType' in JSON format and with the specified id.","responses":{"200":{"description":"successful operation"}},"parameters":[{"schema":{"$ref":"#/definitions/PaymentTermsType"},"in":"body","name":"body"}],"tags":["PaymentTermsTypes"],"consumes":["application/json","application/xml"]},"get":{"produces":["application/json","application/xml"],"description":"Retrieve all or some selected properties from an instance of 'PaymentTermsTypes' with the given id.","responses":{"200":{"description":"successful operation"}},"parameters":[{"name":"GroupNumber","type":"string"},{"name":"PaymentTermsGroupName","type":"string"},{"name":"StartFrom","type":"string"}],"tags":["PaymentTermsTypes"],"consumes":["application/json","application/xml"]},"delete":{"produces":["application/json","application/xml"],"description":"Delete an instance of 'PaymentTermsTypes' with the specified id.","responses":{"200":{"description":"successful operation"}},"parameters":[],"tags":["PaymentTermsTypes"],"consumes":["application/json","application/xml"]}},"/PaymentTermsTypes":{"post":{"produces":["application/json","application/xml"],"description":"Create an instance of 'PaymentTermsTypes' with the given payload of type 'PaymentTermsType' in JSON format.","responses":{"200":{"description":"successful operation"}},"parameters":[{"schema":{"$ref":"#/definitions/PaymentTermsType"},"in":"body","name":"body"}],"tags":["PaymentTermsTypes"],"consumes":["application/json","application/xml"]},"get":{"produces":["application/json","application/xml"],"description":"Retrieve a collection of 'PaymentTermsTypes' with all or some selected properties in the given order by specifying the given filter condition.","responses":{"200":{"description":"successful operation"}},"parameters":[{"name":"GroupNumber","type":"string"},{"name":"PaymentTermsGroupName","type":"string"},{"name":"Start","type":"string"}],"tags":["PaymentTermsTypes"],"consumes":["application/json","application/xml"]}}},"host":"slcdemo.cfapps.sap.hana.ondemand.com","schemes":"https","definitions":{"BoOpenIncPayment":{"type":"string","enum":["oip_BankTransfer","oip_Cash","oip_Credit","oip_No","oip_Checks"]},"BoBaselineDate":{"type":"string","enum":["bld_PostingDate","bld_TaxDate","bld_SystemDate","bld_ClosingDate"]},"BoPayTermDueTypes":{"type":"string","enum":["pdt_None","pdt_MonthEnd","pdt_HalfMonth","pdt_MonthStart"]},"PaymentTermsType":{"type":"object","properties":{"LoadLimit":{"type":"number"},"GeneralDiscount":{"type":"number"},"NumberOfAdditionalDays":{"type":"integer"},"GroupNumber":{"type":"integer"},"CreditLimit":{"type":"number"},"DiscountCode":{"type":"string"},"StartFrom":{"description":"BoPayTermDueTypes","type":"string","enum":["pdt_None","pdt_MonthEnd","pdt_HalfMonth","pdt_MonthStart"]},"NumberOfInstallments":{"type":"integer"},"BaselineDate":{"description":"BoBaselineDate","type":"string","enum":["bld_PostingDate","bld_TaxDate","bld_SystemDate","bld_ClosingDate"]},"NumberOfToleranceDays":{"type":"integer"},"DunningCode":{"type":"string"},"PaymentTermsGroupName":{"type":"string"},"NumberOfAdditionalMonths":{"type":"integer"},"InterestOnArrears":{"type":"number"},"PriceListNo":{"type":"integer"},"OpenReceipt":{"description":"BoOpenIncPayment","type":"string","enum":["oip_BankTransfer","oip_Cash","oip_Credit","oip_No","oip_Checks"]}}}},"swagger":"3.0","info":{"description":"This is a sample server Petstore server.","title":"Swagger For Service Layer","version":"1.0.0"},"tags":[{"name":"PaymentTermsTypes","description":"This entity enables you to manipulate 'PaymentTermsTypes'. It represents the types of payment terms in the Banking module. The payment terms define typical agreements that apply to transactions with customers and vendors."}]}