{"basePath":"/b1s/v1/","paths":{"/PickLists(id)":{"patch":{"produces":["application/json","application/xml"],"description":"Update an instance of 'PickLists' with the given payload of type 'PickList' in JSON format and with the specified id.","responses":{"200":{"description":"successful operation"}},"parameters":[{"schema":{"$ref":"#/definitions/PickList"},"in":"body","name":"body"}],"tags":["PickLists"],"consumes":["application/json","application/xml"]},"get":{"produces":["application/json","application/xml"],"description":"Retrieve all or some selected properties from an instance of 'PickLists' with the given id.","responses":{"200":{"description":"successful operation"}},"parameters":[{"name":"Absoluteentry","type":"string"},{"name":"Name","type":"string"},{"name":"OwnerCode","type":"string"}],"tags":["PickLists"],"consumes":["application/json","application/xml"]}},"/PickLists":{"post":{"produces":["application/json","application/xml"],"description":"Create an instance of 'PickLists' with the given payload of type 'PickList' in JSON format.","responses":{"200":{"description":"successful operation"}},"parameters":[{"schema":{"$ref":"#/definitions/PickList"},"in":"body","name":"body"}],"tags":["PickLists"],"consumes":["application/json","application/xml"]},"get":{"produces":["application/json","application/xml"],"description":"Retrieve a collection of 'PickLists' with all or some selected properties in the given order by specifying the given filter condition.","responses":{"200":{"description":"successful operation"}},"parameters":[{"name":"Absoluteentry","type":"string"},{"name":"Name","type":"string"},{"name":"Owner","type":"string"}],"tags":["PickLists"],"consumes":["application/json","application/xml"]}},"/PickLists(id)/GetReleasedAllocation":{"post":{"produces":["application/json","application/xml"],"description":"Invoke the method 'GetReleasedAllocation' on this EntitySet with the specified id.","responses":{"200":{"description":"successful operation"}},"parameters":[{"schema":{"$ref":"#/definitions/PickList"},"in":"body","name":"body"}],"tags":["PickLists"],"consumes":["application/json","application/xml"]}}},"host":"slcdemo.cfapps.sap.hana.ondemand.com","schemes":"https","definitions":{"DocumentLinesBinAllocation":{"type":"object","properties":{"BaseLineNumber":{"type":"integer"},"SerialAndBatchNumbersBaseLine":{"type":"integer"},"Quantity":{"type":"number"},"AllowNegativeQuantity":{"$ref":"#/definitions/BoYesNoEnum"},"BinAbsEntry":{"type":"integer"}}},"SerialNumber":{"type":"object","properties":{"BaseLineNumber":{"type":"integer"},"WarrantyStart":{"type":"string"},"ExpiryDate":{"type":"string"},"ReceptionDate":{"type":"string"},"ManufactureDate":{"type":"string"},"WarrantyEnd":{"type":"string"},"BatchID":{"type":"string"},"Quantity":{"type":"number"},"InternalSerialNumber":{"type":"string"},"SystemSerialNumber":{"type":"integer"},"TrackingNote":{"type":"integer"},"TrackingNoteLine":{"type":"integer"},"Notes":{"type":"string"},"ManufacturerSerialNumber":{"type":"string"},"Location":{"type":"string"}}},"BatchNumber":{"type":"object","properties":{"BaseLineNumber":{"type":"integer"},"ExpiryDate":{"type":"string"},"AddmisionDate":{"type":"string"},"BatchNumber":{"type":"string"},"ManufacturingDate":{"type":"string"},"TrackingNote":{"type":"integer"},"Quantity":{"type":"number"},"InternalSerialNumber":{"type":"string"},"TrackingNoteLine":{"type":"integer"},"Notes":{"type":"string"},"ManufacturerSerialNumber":{"type":"string"},"Location":{"type":"string"}}},"PickList":{"type":"object","properties":{"WarrantyStart":{"type":"string"},"OwnerName":{"type":"string"},"ExpiryDate":{"type":"string"},"PickedQuantity":{"type":"number"},"ReceptionDate":{"type":"string"},"ManufactureDate":{"type":"string"},"PickListsLines":{"type":"array","items":{"$ref":"#/definitions/PickListsLine"}},"WarrantyEnd":{"type":"string"},"BatchID":{"type":"string"},"OrderRowID":{"type":"integer"},"InternalSerialNumber":{"type":"string"},"LineNumber":{"type":"integer"},"Name":{"type":"string"},"PickDate":{"type":"string"},"ObjectType":{"type":"string"},"SystemSerialNumber":{"type":"integer"},"OrderEntry":{"type":"integer"},"AbsoluteEntry":{"type":"integer"},"PreviouslyReleasedQuantity":{"type":"number"},"Remarks":{"type":"string"},"PickStatus":{"description":"BoPickStatus","type":"string","enum":["ps_PartiallyDelivered","ps_Closed","ps_Released","ps_PartiallyPicked","ps_Picked"]},"ManufacturingDate":{"type":"string"},"OwnerCode":{"type":"integer"},"TrackingNote":{"type":"integer"},"ReleasedQuantity":{"type":"number"},"Notes":{"type":"string"},"Status":{"description":"BoPickStatus","type":"string","enum":["ps_PartiallyDelivered","ps_Closed","ps_Released","ps_PartiallyPicked","ps_Picked"]},"BaseLineNumber":{"type":"integer"},"AddmisionDate":{"type":"string"},"BatchNumber":{"type":"string"},"SerialNumbers":{"type":"array","items":{"$ref":"#/definitions/SerialNumber"}},"SerialAndBatchNumbersBaseLine":{"type":"integer"},"Quantity":{"type":"number"},"Absoluteentry":{"type":"integer"},"AllowNegativeQuantity":{"description":"BoYesNoEnum","type":"string","enum":["tYES","tNO"]},"BaseObjectType":{"type":"integer"},"BinAbsEntry":{"type":"integer"},"BatchNumbers":{"type":"array","items":{"$ref":"#/definitions/BatchNumber"}},"UseBaseUnits":{"description":"BoYesNoEnum","type":"string","enum":["tYES","tNO"]},"TrackingNoteLine":{"type":"integer"},"DocumentLinesBinAllocations":{"type":"array","items":{"$ref":"#/definitions/DocumentLinesBinAllocation"}},"ManufacturerSerialNumber":{"type":"string"},"Location":{"type":"string"}}},"BoPickStatus":{"type":"string","enum":["ps_PartiallyDelivered","ps_Closed","ps_Released","ps_PartiallyPicked","ps_Picked"]},"PickListsLine":{"type":"object","properties":{"OrderEntry":{"type":"integer"},"AbsoluteEntry":{"type":"integer"},"PreviouslyReleasedQuantity":{"type":"number"},"PickedQuantity":{"type":"number"},"PickStatus":{"$ref":"#/definitions/BoPickStatus"},"SerialNumbers":{"type":"array","items":{"$ref":"#/definitions/SerialNumber"}},"BatchNumbers":{"type":"array","items":{"$ref":"#/definitions/BatchNumber"}},"ReleasedQuantity":{"type":"number"},"OrderRowID":{"type":"integer"},"LineNumber":{"type":"integer"},"BaseObjectType":{"type":"integer"},"DocumentLinesBinAllocations":{"type":"array","items":{"$ref":"#/definitions/DocumentLinesBinAllocation"}}}},"BoYesNoEnum":{"type":"string","enum":["tYES","tNO"]}},"swagger":"3.0","info":{"description":"This is a sample server Petstore server.","title":"Swagger For Service Layer","version":"1.0.0"},"tags":[{"name":"PickLists","description":"This entity enables you to manipulate 'PickLists'. It supports the picking process of items from the warehouse. The picking process applies only to items that are already approved in sales orders."}]}