{"basePath":"/b1s/v1/","paths":{"/PickListsService_UpdateReleasedAllocation":{"post":{"produces":["application/json","application/xml"],"description":"Invoke the method 'UpdateReleasedAllocation' on this service by specifying the payload 'PickList' in the JSON format.","responses":{"200":{"description":"successful operation"}},"parameters":[{"schema":{"$ref":"#/definitions/PickList"},"in":"body","name":"body"}],"tags":["PickListsService"],"consumes":["application/json","application/xml"]}},"/PickListsService_Close":{"post":{"produces":["application/json","application/xml"],"description":"Invoke the method 'Close' on this service by specifying the payload 'PickList' in the JSON format.","responses":{"200":{"description":"successful operation"}},"parameters":[{"schema":{"$ref":"#/definitions/PickList"},"in":"body","name":"body"}],"tags":["PickListsService"],"consumes":["application/json","application/xml"]}}},"host":"slcdemo.cfapps.sap.hana.ondemand.com","schemes":"https","definitions":{"DocumentLinesBinAllocation":{"type":"object","properties":{"BaseLineNumber":{"type":"integer"},"SerialAndBatchNumbersBaseLine":{"type":"integer"},"Quantity":{"type":"number"},"AllowNegativeQuantity":{"$ref":"#/definitions/BoYesNoEnum"},"BinAbsEntry":{"type":"integer"}}},"SerialNumber":{"type":"object","properties":{"BaseLineNumber":{"type":"integer"},"WarrantyStart":{"type":"string"},"ExpiryDate":{"type":"string"},"ReceptionDate":{"type":"string"},"ManufactureDate":{"type":"string"},"WarrantyEnd":{"type":"string"},"BatchID":{"type":"string"},"Quantity":{"type":"number"},"InternalSerialNumber":{"type":"string"},"SystemSerialNumber":{"type":"integer"},"TrackingNote":{"type":"integer"},"TrackingNoteLine":{"type":"integer"},"Notes":{"type":"string"},"ManufacturerSerialNumber":{"type":"string"},"Location":{"type":"string"}}},"BatchNumber":{"type":"object","properties":{"BaseLineNumber":{"type":"integer"},"ExpiryDate":{"type":"string"},"AddmisionDate":{"type":"string"},"BatchNumber":{"type":"string"},"ManufacturingDate":{"type":"string"},"TrackingNote":{"type":"integer"},"Quantity":{"type":"number"},"InternalSerialNumber":{"type":"string"},"TrackingNoteLine":{"type":"integer"},"Notes":{"type":"string"},"ManufacturerSerialNumber":{"type":"string"},"Location":{"type":"string"}}},"PickList":{"type":"object","properties":{"WarrantyStart":{"type":"string"},"OwnerName":{"type":"string"},"ExpiryDate":{"type":"string"},"PickedQuantity":{"type":"number"},"ReceptionDate":{"type":"string"},"ManufactureDate":{"type":"string"},"PickListsLines":{"type":"array","items":{"$ref":"#/definitions/PickListsLine"}},"WarrantyEnd":{"type":"string"},"BatchID":{"type":"string"},"OrderRowID":{"type":"integer"},"InternalSerialNumber":{"type":"string"},"LineNumber":{"type":"integer"},"Name":{"type":"string"},"PickDate":{"type":"string"},"ObjectType":{"type":"string"},"SystemSerialNumber":{"type":"integer"},"OrderEntry":{"type":"integer"},"AbsoluteEntry":{"type":"integer"},"PreviouslyReleasedQuantity":{"type":"number"},"Remarks":{"type":"string"},"PickStatus":{"description":"BoPickStatus","type":"string","enum":["ps_PartiallyDelivered","ps_Closed","ps_Released","ps_PartiallyPicked","ps_Picked"]},"ManufacturingDate":{"type":"string"},"OwnerCode":{"type":"integer"},"TrackingNote":{"type":"integer"},"ReleasedQuantity":{"type":"number"},"Notes":{"type":"string"},"Status":{"description":"BoPickStatus","type":"string","enum":["ps_PartiallyDelivered","ps_Closed","ps_Released","ps_PartiallyPicked","ps_Picked"]},"BaseLineNumber":{"type":"integer"},"AddmisionDate":{"type":"string"},"BatchNumber":{"type":"string"},"SerialNumbers":{"type":"array","items":{"$ref":"#/definitions/SerialNumber"}},"SerialAndBatchNumbersBaseLine":{"type":"integer"},"Quantity":{"type":"number"},"Absoluteentry":{"type":"integer"},"AllowNegativeQuantity":{"description":"BoYesNoEnum","type":"string","enum":["tYES","tNO"]},"BaseObjectType":{"type":"integer"},"BinAbsEntry":{"type":"integer"},"BatchNumbers":{"type":"array","items":{"$ref":"#/definitions/BatchNumber"}},"UseBaseUnits":{"description":"BoYesNoEnum","type":"string","enum":["tYES","tNO"]},"TrackingNoteLine":{"type":"integer"},"DocumentLinesBinAllocations":{"type":"array","items":{"$ref":"#/definitions/DocumentLinesBinAllocation"}},"ManufacturerSerialNumber":{"type":"string"},"Location":{"type":"string"}}},"BoPickStatus":{"type":"string","enum":["ps_PartiallyDelivered","ps_Closed","ps_Released","ps_PartiallyPicked","ps_Picked"]},"PickListsLine":{"type":"object","properties":{"OrderEntry":{"type":"integer"},"AbsoluteEntry":{"type":"integer"},"PreviouslyReleasedQuantity":{"type":"number"},"PickedQuantity":{"type":"number"},"PickStatus":{"$ref":"#/definitions/BoPickStatus"},"SerialNumbers":{"type":"array","items":{"$ref":"#/definitions/SerialNumber"}},"BatchNumbers":{"type":"array","items":{"$ref":"#/definitions/BatchNumber"}},"ReleasedQuantity":{"type":"number"},"OrderRowID":{"type":"integer"},"LineNumber":{"type":"integer"},"BaseObjectType":{"type":"integer"},"DocumentLinesBinAllocations":{"type":"array","items":{"$ref":"#/definitions/DocumentLinesBinAllocation"}}}},"BoYesNoEnum":{"type":"string","enum":["tYES","tNO"]}},"swagger":"3.0","info":{"description":"This is a sample server Petstore server.","title":"Swagger For Service Layer","version":"1.0.0"},"tags":[{"name":"PickListsService","description":"This API enables you to invoke the interfaces defined on 'PickListsService'."}]}