{"basePath":"/b1s/v1/","paths":{"/POSDailySummary(id)":{"patch":{"produces":["application/json","application/xml"],"description":"\n\t\t\t\t\tUpdate an instance of 'POSDailySummary' with the given payload of type 'POSDailySummary' in JSON format and with the specified id.\n\t\t\t\t","responses":{"200":{"description":"successful operation"}},"parameters":[{"schema":{"$ref":"#/definitions/POSDailySummary"},"in":"body","name":"body"}],"tags":["POSDailySummary"],"consumes":["application/json","application/xml"]},"get":{"produces":["application/json","application/xml"],"description":"\n\t\t\t\t\tRetrieve all or some selected properties from an instance of 'POSDailySummary' with the given id.\n\t\t\t\t","responses":{"200":{"description":"successful operation"}},"parameters":[{"name":"AbsEntry","type":"string"},{"name":"Date","type":"string"},{"name":"EquipmentNo","type":"string"}],"tags":["POSDailySummary"],"consumes":["application/json","application/xml"]},"delete":{"produces":["application/json","application/xml"],"description":"\n\t\t\t\t\tDelete an instance of 'POSDailySummary' with the specified id.\n\t\t\t\t","responses":{"200":{"description":"successful operation"}},"parameters":[],"tags":["POSDailySummary"],"consumes":["application/json","application/xml"]}},"/POSDailySummary":{"post":{"produces":["application/json","application/xml"],"description":"\n\t\t\t\t\tCreate an instance of 'POSDailySummary' with the given payload of type 'POSDailySummary' in JSON format.\n\t\t\t\t","responses":{"200":{"description":"successful operation"}},"parameters":[{"schema":{"$ref":"#/definitions/POSDailySummary"},"in":"body","name":"body"}],"tags":["POSDailySummary"],"consumes":["application/json","application/xml"]},"get":{"produces":["application/json","application/xml"],"description":"\n\t\t\t\t\tRetrieve a collection of 'POSDailySummary' with all or some selected properties in the given order by specifying the given filter condition.\n\t\t\t\t","responses":{"200":{"description":"successful operation"}},"parameters":[{"name":"AbsEntry","type":"string"},{"name":"Date","type":"string"},{"name":"Equipme","type":"string"}],"tags":["POSDailySummary"],"consumes":["application/json","application/xml"]}}},"host":"slcdemo.cfapps.sap.hana.ondemand.com","schemes":"https","definitions":{"POSDailySummary":{"type":"object","properties":{"POSTotalizerCollection":{"type":"array","items":{"$ref":"#/definitions/POSTotalizer"}},"EquipmentNo":{"type":"string"},"Description":{"type":"string"},"CounterPosition":{"type":"integer"},"GrossSales":{"type":"number"},"AbsEntry":{"type":"integer"},"Code":{"type":"string"},"Date":{"type":"string"},"PISTotal":{"type":"number"},"LineNum":{"type":"integer"},"ResetCounterPosition":{"type":"integer"},"Number":{"type":"integer"},"Total":{"type":"number"},"OperationCounter":{"type":"integer"},"COFINSTotal":{"type":"number"}}},"POSTotalizer":{"type":"object","properties":{"LineNum":{"type":"integer"},"Description":{"type":"string"},"Number":{"type":"integer"},"Total":{"type":"number"},"Code":{"type":"string"}}}},"swagger":"3.0","info":{"description":"This is a sample server Petstore server.","title":"Swagger For Service Layer","version":"1.0.0"},"tags":[{"name":"POSDailySummary","description":"\n\t\t\tThis entity enables you to manipulate 'POSDailySummary'.\n\t\t"}]}