{"basePath":"/b1s/v1/","paths":{"/PredefinedTextsService_GetPredefinedTextList":{"post":{"produces":["application/json","application/xml"],"description":"\n\t\t\t\t\tInvoke the method 'GetPredefinedTextList' on this service.\n\t\t\t\t","responses":{"200":{"description":"successful operation"}},"parameters":[{"schema":{"$ref":"#/definitions/PredefinedText"},"in":"body","name":"body"}],"tags":["PredefinedTextsService"],"consumes":["application/json","application/xml"]}}},"host":"slcdemo.cfapps.sap.hana.ondemand.com","schemes":"https","definitions":{"PredefinedText":{"type":"object","properties":{}}},"swagger":"3.0","info":{"description":"This is a sample server Petstore server.","title":"Swagger For Service Layer","version":"1.0.0"},"tags":[{"name":"PredefinedTextsService","description":"\n\t\t\tThis API enables you to invoke the interfaces defined on 'PredefinedTextsService'.\n\t\t"}]}