{"basePath":"/b1s/v1/","paths":{"/PredefinedTexts":{"post":{"produces":["application/json","application/xml"],"description":"\n\t\t\t\t\tCreate an instance of 'PredefinedTexts' with the given payload of type 'PredefinedText' in JSON format.\n\t\t\t\t","responses":{"200":{"description":"successful operation"}},"parameters":[{"schema":{"$ref":"#/definitions/PredefinedText"},"in":"body","name":"body"}],"tags":["PredefinedTexts"],"consumes":["application/json","application/xml"]},"get":{"produces":["application/json","application/xml"],"description":"\n\t\t\t\t\tRetrieve a collection of 'PredefinedTexts' with all or some selected properties in the given order by specifying the given filter condition.\n\t\t\t\t","responses":{"200":{"description":"successful operation"}},"parameters":[{"name":"Numerator","type":"string"},{"name":"TextCode","type":"string"}],"tags":["PredefinedTexts"],"consumes":["application/json","application/xml"]}},"/PredefinedTexts(id)":{"patch":{"produces":["application/json","application/xml"],"description":"\n\t\t\t\t\tUpdate an instance of 'PredefinedTexts' with the given payload of type 'PredefinedText' in JSON format and with the specified id.\n\t\t\t\t","responses":{"200":{"description":"successful operation"}},"parameters":[{"schema":{"$ref":"#/definitions/PredefinedText"},"in":"body","name":"body"}],"tags":["PredefinedTexts"],"consumes":["application/json","application/xml"]},"get":{"produces":["application/json","application/xml"],"description":"\n\t\t\t\t\tRetrieve all or some selected properties from an instance of 'PredefinedTexts' with the given id.\n\t\t\t\t","responses":{"200":{"description":"successful operation"}},"parameters":[{"name":"Numerator","type":"string"},{"name":"TextCode","type":"string"},{"name":"Text","type":"string"}],"tags":["PredefinedTexts"],"consumes":["application/json","application/xml"]},"delete":{"produces":["application/json","application/xml"],"description":"\n\t\t\t\t\tDelete an instance of 'PredefinedTexts' with the specified id.\n\t\t\t\t","responses":{"200":{"description":"successful operation"}},"parameters":[],"tags":["PredefinedTexts"],"consumes":["application/json","application/xml"]}}},"host":"slcdemo.cfapps.sap.hana.ondemand.com","schemes":"https","definitions":{"PredefinedText":{"type":"object","properties":{"Numerator":{"type":"integer"},"TextCode":{"type":"string"},"Text":{"type":"string"}}}},"swagger":"3.0","info":{"description":"This is a sample server Petstore server.","title":"Swagger For Service Layer","version":"1.0.0"},"tags":[{"name":"PredefinedTexts","description":"\n\t\t\tThis entity enables you to manipulate 'PredefinedTexts'.\n\t\t"}]}