{"basePath":"/b1s/v1/","paths":{"/PriceLists(id)":{"patch":{"produces":["application/json","application/xml"],"description":"Update an instance of 'PriceLists' with the given payload of type 'PriceList' in JSON format and with the specified id.","responses":{"200":{"description":"successful operation"}},"parameters":[{"schema":{"$ref":"#/definitions/PriceList"},"in":"body","name":"body"}],"tags":["PriceLists"],"consumes":["application/json","application/xml"]},"get":{"produces":["application/json","application/xml"],"description":"Retrieve all or some selected properties from an instance of 'PriceLists' with the given id.","responses":{"200":{"description":"successful operation"}},"parameters":[{"name":"RoundingMethod","type":"string"},{"name":"GroupNum","type":"string"},{"name":"BasePriceList","type":"string"}],"tags":["PriceLists"],"consumes":["application/json","application/xml"]},"delete":{"produces":["application/json","application/xml"],"description":"Delete an instance of 'PriceLists' with the specified id.","responses":{"200":{"description":"successful operation"}},"parameters":[],"tags":["PriceLists"],"consumes":["application/json","application/xml"]}},"/PriceLists":{"post":{"produces":["application/json","application/xml"],"description":"Create an instance of 'PriceLists' with the given payload of type 'PriceList' in JSON format.","responses":{"200":{"description":"successful operation"}},"parameters":[{"schema":{"$ref":"#/definitions/PriceList"},"in":"body","name":"body"}],"tags":["PriceLists"],"consumes":["application/json","application/xml"]},"get":{"produces":["application/json","application/xml"],"description":"Retrieve a collection of 'PriceLists' with all or some selected properties in the given order by specifying the given filter condition.","responses":{"200":{"description":"successful operation"}},"parameters":[{"name":"RoundingMethod","type":"string"},{"name":"GroupNum","type":"string"},{"name":"BasePrice","type":"string"}],"tags":["PriceLists"],"consumes":["application/json","application/xml"]}}},"host":"slcdemo.cfapps.sap.hana.ondemand.com","schemes":"https","definitions":{"BoPriceListGroupNum":{"type":"string","enum":["boplgn_Group3","boplgn_Group2","boplgn_Group1","boplgn_Group4"]},"PriceList":{"type":"object","properties":{"RoundingRule":{"description":"BoRoundingRule","type":"string","enum":["borrRoundOff","borrRoundDown","borrRoundUp"]},"RoundingMethod":{"description":"BoRoundingMethod","type":"string","enum":["borm_RoundToFullAmount","borm_RoundToFullTensAmount","borm_FixedEnding","borm_RoundToFullDecAmount","borm_NoRounding","borm_FixedInterval"]},"IsGrossPrice":{"description":"BoYesNoEnum","type":"string","enum":["tYES","tNO"]},"FixedAmount":{"type":"number"},"GroupNum":{"description":"BoPriceListGroupNum","type":"string","enum":["boplgn_Group3","boplgn_Group2","boplgn_Group1","boplgn_Group4"]},"BasePriceList":{"type":"integer"},"Active":{"description":"BoYesNoEnum","type":"string","enum":["tYES","tNO"]},"DefaultAdditionalCurrency2":{"type":"string"},"DefaultAdditionalCurrency1":{"type":"string"},"ValidTo":{"type":"string"},"Factor":{"type":"number"},"ValidFrom":{"type":"string"},"PriceListName":{"type":"string"},"DefaultPrimeCurrency":{"type":"string"},"PriceListNo":{"type":"integer"}}},"BoRoundingMethod":{"type":"string","enum":["borm_RoundToFullAmount","borm_RoundToFullTensAmount","borm_FixedEnding","borm_RoundToFullDecAmount","borm_NoRounding","borm_FixedInterval"]},"BoYesNoEnum":{"type":"string","enum":["tYES","tNO"]},"BoRoundingRule":{"type":"string","enum":["borrRoundOff","borrRoundDown","borrRoundUp"]}},"swagger":"3.0","info":{"description":"This is a sample server Petstore server.","title":"Swagger For Service Layer","version":"1.0.0"},"tags":[{"name":"PriceLists","description":"This entity enables you to manipulate 'PriceLists'. It represents the management of price lists in the Inventory module. An item can have several prices, with each based on a different price list, for example, purchase price list, sales price list, distributor price list, and so on."}]}