{"basePath":"/b1s/v1/","paths":{"/ProductionOrders(id)/Cancel":{"post":{"produces":["application/json","application/xml"],"description":"Invoke the method 'Cancel' on this EntitySet with the specified id.","responses":{"200":{"description":"successful operation"}},"parameters":[{"schema":{"$ref":"#/definitions/ProductionOrder"},"in":"body","name":"body"}],"tags":["ProductionOrders"],"consumes":["application/json","application/xml"]}},"/ProductionOrders(id)":{"patch":{"produces":["application/json","application/xml"],"description":"Update an instance of 'ProductionOrders' with the given payload of type 'ProductionOrder' in JSON format and with the specified id.","responses":{"200":{"description":"successful operation"}},"parameters":[{"schema":{"$ref":"#/definitions/ProductionOrder"},"in":"body","name":"body"}],"tags":["ProductionOrders"],"consumes":["application/json","application/xml"]},"get":{"produces":["application/json","application/xml"],"description":"Retrieve all or some selected properties from an instance of 'ProductionOrders' with the given id.","responses":{"200":{"description":"successful operation"}},"parameters":[{"name":"AbsoluteEntry","type":"string"},{"name":"DocumentNumber","type":"string"},{"name":"Series","type":"string"}],"tags":["ProductionOrders"],"consumes":["application/json","application/xml"]}},"/ProductionOrders":{"post":{"produces":["application/json","application/xml"],"description":"Create an instance of 'ProductionOrders' with the given payload of type 'ProductionOrder' in JSON format.","responses":{"200":{"description":"successful operation"}},"parameters":[{"schema":{"$ref":"#/definitions/ProductionOrder"},"in":"body","name":"body"},{"schema":{"$ref":"#/definitions/ProductionOrder"},"in":"body","name":"body"}],"tags":["ProductionOrders"],"consumes":["application/json","application/xml"]},"get":{"produces":["application/json","application/xml"],"description":"Retrieve a collection of 'ProductionOrders' with all or some selected properties in the given order by specifying the given filter condition.","responses":{"200":{"description":"successful operation"}},"parameters":[{"name":"AbsoluteEntry","type":"string"},{"name":"DocumentNumber","type":"string"},{"name":"Se","type":"string"}],"tags":["ProductionOrders"],"consumes":["application/json","application/xml"]}}},"host":"slcdemo.cfapps.sap.hana.ondemand.com","schemes":"https","definitions":{"SerialNumber":{"type":"object","properties":{"BaseLineNumber":{"type":"integer"},"WarrantyStart":{"type":"string"},"ExpiryDate":{"type":"string"},"ReceptionDate":{"type":"string"},"ManufactureDate":{"type":"string"},"WarrantyEnd":{"type":"string"},"BatchID":{"type":"string"},"Quantity":{"type":"number"},"InternalSerialNumber":{"type":"string"},"SystemSerialNumber":{"type":"integer"},"TrackingNote":{"type":"integer"},"TrackingNoteLine":{"type":"integer"},"Notes":{"type":"string"},"ManufacturerSerialNumber":{"type":"string"},"Location":{"type":"string"}}},"BoProductionOrderStatusEnum":{"type":"string","enum":["boposCancelled","boposPlanned","boposClosed","boposReleased"]},"BatchNumber":{"type":"object","properties":{"BaseLineNumber":{"type":"integer"},"ExpiryDate":{"type":"string"},"AddmisionDate":{"type":"string"},"BatchNumber":{"type":"string"},"ManufacturingDate":{"type":"string"},"TrackingNote":{"type":"integer"},"Quantity":{"type":"number"},"InternalSerialNumber":{"type":"string"},"TrackingNoteLine":{"type":"integer"},"Notes":{"type":"string"},"ManufacturerSerialNumber":{"type":"string"},"Location":{"type":"string"}}},"ProductionOrderLine":{"type":"object","properties":{"Warehouse":{"type":"string"},"DistributionRule4":{"type":"string"},"DistributionRule5":{"type":"string"},"DistributionRule2":{"type":"string"},"DistributionRule3":{"type":"string"},"ItemType":{"$ref":"#/definitions/ProductionItemType"},"LineNumber":{"type":"integer"},"ResourceAllocation":{"$ref":"#/definitions/ResourceAllocationEnum"},"StartDate":{"type":"string"},"LineText":{"type":"string"},"DocumentAbsoluteEntry":{"type":"integer"},"IssuedQuantity":{"type":"number"},"PlannedQuantity":{"type":"number"},"UoMCode":{"type":"integer"},"WipAccount":{"type":"string"},"DistributionRule":{"type":"string"},"UoMEntry":{"type":"integer"},"SerialNumbers":{"type":"array","items":{"$ref":"#/definitions/SerialNumber"}},"BaseQuantity":{"type":"number"},"LocationCode":{"type":"integer"},"EndDate":{"type":"string"},"AdditionalQuantity":{"type":"number"},"Project":{"type":"string"},"ProductionOrderIssueType":{"$ref":"#/definitions/BoIssueMethod"},"ItemNo":{"type":"string"},"BatchNumbers":{"type":"array","items":{"$ref":"#/definitions/BatchNumber"}},"VisualOrder":{"type":"integer"}}},"BoIssueMethod":{"type":"string","enum":["im_Manual","im_Backflush"]},"BoProductionOrderTypeEnum":{"type":"string","enum":["bopotDisassembly","bopotStandard","bopotSpecial"]},"BoProductionOrderOriginEnum":{"type":"string","enum":["bopooManual","bopooSalesOrder","bopooMRP"]},"ProductionItemType":{"type":"string","enum":["pit_Text","pit_Resource","pit_Item"]},"ProductionOrdersSalesOrderLine":{"type":"object","properties":{"DocEntry":{"type":"integer"},"BaseNumber":{"type":"integer"},"BaseAbsEntry":{"type":"integer"},"BaseLine":{"type":"integer"}}},"ResourceAllocationEnum":{"type":"string","enum":["raOnEndDate","raStartDateForwards","raEndDateBackwards","raOnStartDate"]},"BoYesNoEnum":{"type":"string","enum":["tYES","tNO"]},"ProductionOrder":{"type":"object","properties":{"CreationDate":{"type":"string"},"WarrantyStart":{"type":"string"},"DistributionRule4":{"type":"string"},"ExpiryDate":{"type":"string"},"DistributionRule5":{"type":"string"},"DistributionRule2":{"type":"string"},"DistributionRule3":{"type":"string"},"ReceptionDate":{"type":"string"},"ManufactureDate":{"type":"string"},"ItemType":{"description":"ProductionItemType","type":"string","enum":["pit_Text","pit_Resource","pit_Item"]},"InternalSerialNumber":{"type":"string"},"BaseNumber":{"type":"integer"},"ProductionOrderOrigin":{"description":"BoProductionOrderOriginEnum","type":"string","enum":["bopooManual","bopooSalesOrder","bopooMRP"]},"StartDate":{"type":"string"},"DocumentAbsoluteEntry":{"type":"integer"},"IssuedQuantity":{"type":"number"},"Remarks":{"type":"string"},"PlannedQuantity":{"type":"number"},"TrackingNote":{"type":"integer"},"WipAccount":{"type":"string"},"Printed":{"description":"BoYesNoEnum","type":"string","enum":["tYES","tNO"]},"UserSignature":{"type":"integer"},"BaseLineNumber":{"type":"integer"},"UoMEntry":{"type":"integer"},"BatchNumber":{"type":"string"},"ProductionOrderStatus":{"description":"BoProductionOrderStatusEnum","type":"string","enum":["boposCancelled","boposPlanned","boposClosed","boposReleased"]},"BaseQuantity":{"type":"number"},"LocationCode":{"type":"integer"},"DocEntry":{"type":"integer"},"ReleaseDate":{"type":"string"},"AdditionalQuantity":{"type":"number"},"Project":{"type":"string"},"ProductionOrderIssueType":{"description":"BoIssueMethod","type":"string","enum":["im_Manual","im_Backflush"]},"ProductionOrderOriginNumber":{"type":"integer"},"ProductionOrderType":{"description":"BoProductionOrderTypeEnum","type":"string","enum":["bopotDisassembly","bopotStandard","bopotSpecial"]},"BaseLine":{"type":"integer"},"Warehouse":{"type":"string"},"TransactionNumber":{"type":"integer"},"ProductionOrderOriginEntry":{"type":"integer"},"WarrantyEnd":{"type":"string"},"BatchID":{"type":"string"},"CompletedQuantity":{"type":"number"},"LineNumber":{"type":"integer"},"ResourceAllocation":{"description":"ResourceAllocationEnum","type":"string","enum":["raOnEndDate","raStartDateForwards","raEndDateBackwards","raOnStartDate"]},"BaseAbsEntry":{"type":"integer"},"SystemSerialNumber":{"type":"integer"},"ProductionOrdersSalesOrderLines":{"type":"array","items":{"$ref":"#/definitions/ProductionOrdersSalesOrderLine"}},"LineText":{"type":"string"},"AbsoluteEntry":{"type":"integer"},"RejectedQuantity":{"type":"number"},"ManufacturingDate":{"type":"string"},"UoMCode":{"type":"integer"},"DueDate":{"type":"string"},"Notes":{"type":"string"},"DistributionRule":{"type":"string"},"AddmisionDate":{"type":"string"},"CustomerCode":{"type":"string"},"SerialNumbers":{"type":"array","items":{"$ref":"#/definitions/SerialNumber"}},"Quantity":{"type":"number"},"JournalRemarks":{"type":"string"},"DocumentNumber":{"type":"integer"},"EndDate":{"type":"string"},"Series":{"type":"integer"},"InventoryUOM":{"type":"string"},"PostingDate":{"type":"string"},"ItemNo":{"type":"string"},"BatchNumbers":{"type":"array","items":{"$ref":"#/definitions/BatchNumber"}},"ProductionOrderLines":{"type":"array","items":{"$ref":"#/definitions/ProductionOrderLine"}},"ClosingDate":{"type":"string"},"TrackingNoteLine":{"type":"integer"},"VisualOrder":{"type":"integer"},"ManufacturerSerialNumber":{"type":"string"},"Location":{"type":"string"}}}},"swagger":"3.0","info":{"description":"This is a sample server Petstore server.","title":"Swagger For Service Layer","version":"1.0.0"},"tags":[{"name":"ProductionOrders","description":"This entity enables you to manipulate 'ProductionOrders'."}]}