{"basePath":"/b1s/v1/","paths":{"/ProductTrees":{"post":{"produces":["application/json","application/xml"],"description":"Create an instance of 'ProductTrees' with the given payload of type 'ProductTree' in JSON format.","responses":{"200":{"description":"successful operation"}},"parameters":[{"schema":{"$ref":"#/definitions/ProductTree"},"in":"body","name":"body"}],"tags":["ProductTrees"],"consumes":["application/json","application/xml"]},"get":{"produces":["application/json","application/xml"],"description":"Retrieve a collection of 'ProductTrees' with all or some selected properties in the given order by specifying the given filter condition.","responses":{"200":{"description":"successful operation"}},"parameters":[{"name":"TreeCode","type":"string"},{"name":"TreeType","type":"string"},{"name":"Quan","type":"string"}],"tags":["ProductTrees"],"consumes":["application/json","application/xml"]}},"/ProductTrees(id)":{"patch":{"produces":["application/json","application/xml"],"description":"Update an instance of 'ProductTrees' with the given payload of type 'ProductTree' in JSON format and with the specified id.","responses":{"200":{"description":"successful operation"}},"parameters":[{"schema":{"$ref":"#/definitions/ProductTree"},"in":"body","name":"body"}],"tags":["ProductTrees"],"consumes":["application/json","application/xml"]},"get":{"produces":["application/json","application/xml"],"description":"Retrieve all or some selected properties from an instance of 'ProductTrees' with the given id.","responses":{"200":{"description":"successful operation"}},"parameters":[{"name":"TreeCode","type":"string"},{"name":"TreeType","type":"string"},{"name":"Quantity","type":"string"}],"tags":["ProductTrees"],"consumes":["application/json","application/xml"]},"delete":{"produces":["application/json","application/xml"],"description":"Delete an instance of 'ProductTrees' with the specified id.","responses":{"200":{"description":"successful operation"}},"parameters":[],"tags":["ProductTrees"],"consumes":["application/json","application/xml"]}}},"host":"slcdemo.cfapps.sap.hana.ondemand.com","schemes":"https","definitions":{"BoItemTreeTypes":{"type":"string","enum":["iNotATree","iTemplateTree","iIngredient","iProductionTree","iSalesTree","iAssemblyTree"]},"BoIssueMethod":{"type":"string","enum":["im_Manual","im_Backflush"]},"ProductionItemType":{"type":"string","enum":["pit_Text","pit_Resource","pit_Item"]},"ProductTree":{"type":"object","properties":{"DistributionRule4":{"type":"string"},"Warehouse":{"type":"string"},"ItemCode":{"type":"string"},"DistributionRule5":{"type":"string"},"DistributionRule2":{"type":"string"},"DistributionRule3":{"type":"string"},"ItemType":{"description":"ProductionItemType","type":"string","enum":["pit_Text","pit_Resource","pit_Item"]},"ParentItem":{"type":"string"},"LineText":{"type":"string"},"Currency":{"type":"string"},"WipAccount":{"type":"string"},"PriceList":{"type":"integer"},"DistributionRule":{"type":"string"},"TreeType":{"description":"BoItemTreeTypes","type":"string","enum":["iNotATree","iTemplateTree","iIngredient","iProductionTree","iSalesTree","iAssemblyTree"]},"Comment":{"type":"string"},"ProductTreeLines":{"type":"array","items":{"$ref":"#/definitions/ProductTreeLine"}},"PlanAvgProdSize":{"type":"number"},"IssueMethod":{"description":"BoIssueMethod","type":"string","enum":["im_Manual","im_Backflush"]},"Quantity":{"type":"number"},"AdditionalQuantity":{"type":"number"},"Project":{"type":"string"},"InventoryUOM":{"type":"string"},"Price":{"type":"number"},"HideBOMComponentsInPrintout":{"description":"BoYesNoEnum","type":"string","enum":["tYES","tNO"]},"TreeCode":{"type":"string"}}},"ProductTreeLine":{"type":"object","properties":{"DistributionRule":{"type":"string"},"Comment":{"type":"string"},"ItemCode":{"type":"string"},"Warehouse":{"type":"string"},"DistributionRule4":{"type":"string"},"DistributionRule5":{"type":"string"},"DistributionRule2":{"type":"string"},"DistributionRule3":{"type":"string"},"IssueMethod":{"$ref":"#/definitions/BoIssueMethod"},"ItemType":{"$ref":"#/definitions/ProductionItemType"},"Quantity":{"type":"number"},"ParentItem":{"type":"string"},"AdditionalQuantity":{"type":"number"},"Project":{"type":"string"},"LineText":{"type":"string"},"InventoryUOM":{"type":"string"},"Price":{"type":"number"},"Currency":{"type":"string"},"WipAccount":{"type":"string"},"PriceList":{"type":"integer"}}},"BoYesNoEnum":{"type":"string","enum":["tYES","tNO"]}},"swagger":"3.0","info":{"description":"This is a sample server Petstore server.","title":"Swagger For Service Layer","version":"1.0.0"},"tags":[{"name":"ProductTrees","description":"This entity enables you to manipulate 'ProductTrees'. It represents a completed product comprising parts and raw materials, which is described by means of a bill of materials."}]}