{"basePath":"/b1s/v1/","paths":{"/ProfitCenters":{"post":{"produces":["application/json","application/xml"],"description":"Create an instance of 'ProfitCenters' with the given payload of type 'ProfitCenter' in JSON format.","responses":{"200":{"description":"successful operation"}},"parameters":[{"schema":{"$ref":"#/definitions/ProfitCenter"},"in":"body","name":"body"}],"tags":["ProfitCenters"],"consumes":["application/json","application/xml"]},"get":{"produces":["application/json","application/xml"],"description":"Retrieve a collection of 'ProfitCenters' with all or some selected properties in the given order by specifying the given filter condition.","responses":{"200":{"description":"successful operation"}},"parameters":[{"name":"CenterCode","type":"string"},{"name":"CenterName","type":"string"},{"name":"Group","type":"string"}],"tags":["ProfitCenters"],"consumes":["application/json","application/xml"]}},"/ProfitCenters(id)":{"patch":{"produces":["application/json","application/xml"],"description":"Update an instance of 'ProfitCenters' with the given payload of type 'ProfitCenter' in JSON format and with the specified id.","responses":{"200":{"description":"successful operation"}},"parameters":[{"schema":{"$ref":"#/definitions/ProfitCenter"},"in":"body","name":"body"}],"tags":["ProfitCenters"],"consumes":["application/json","application/xml"]},"get":{"produces":["application/json","application/xml"],"description":"Retrieve all or some selected properties from an instance of 'ProfitCenters' with the given id.","responses":{"200":{"description":"successful operation"}},"parameters":[{"name":"CenterCode","type":"string"},{"name":"CenterName","type":"string"},{"name":"GroupCode","type":"string"}],"tags":["ProfitCenters"],"consumes":["application/json","application/xml"]},"delete":{"produces":["application/json","application/xml"],"description":"Delete an instance of 'ProfitCenters' with the specified id.","responses":{"200":{"description":"successful operation"}},"parameters":[],"tags":["ProfitCenters"],"consumes":["application/json","application/xml"]}}},"host":"slcdemo.cfapps.sap.hana.ondemand.com","schemes":"https","definitions":{"ProfitCenter":{"type":"object","properties":{"CenterName":{"type":"string"},"CostCenterType":{"type":"string"},"Active":{"description":"BoYesNoEnum","type":"string","enum":["tYES","tNO"]},"InWhichDimension":{"type":"integer"},"GroupCode":{"type":"string"},"EffectiveFrom":{"type":"string"},"CenterCode":{"type":"string"},"EffectiveTo":{"type":"string"}}},"BoYesNoEnum":{"type":"string","enum":["tYES","tNO"]}},"swagger":"3.0","info":{"description":"This is a sample server Petstore server.","title":"Swagger For Service Layer","version":"1.0.0"},"tags":[{"name":"ProfitCenters","description":"This entity enables you to manipulate 'ProfitCenters'."}]}