{"basePath":"/b1s/v1/","paths":{"/ProjectManagementTimeSheet":{"post":{"produces":["application/json","application/xml"],"description":"\n\t\t\t\t\tCreate an instance of 'ProjectManagementTimeSheet' with the given payload of type 'PM_TimeSheetData' in JSON format.\n\t\t\t\t","responses":{"200":{"description":"successful operation"}},"parameters":[{"schema":{"$ref":"#/definitions/PM_TimeSheetData"},"in":"body","name":"body"}],"tags":["ProjectManagementTimeSheet"],"consumes":["application/json","application/xml"]},"get":{"produces":["application/json","application/xml"],"description":"\n\t\t\t\t\tRetrieve a collection of 'ProjectManagementTimeSheet' with all or some selected properties in the given order by specifying the given filter condition.\n\t\t\t\t","responses":{"200":{"description":"successful operation"}},"parameters":[{"name":"AbsEntry","type":"string"},{"name":"DocNumber","type":"string"},{"name":"TimeSheet","type":"string"}],"tags":["ProjectManagementTimeSheet"],"consumes":["application/json","application/xml"]}},"/ProjectManagementTimeSheet(id)":{"patch":{"produces":["application/json","application/xml"],"description":"\n\t\t\t\t\tUpdate an instance of 'ProjectManagementTimeSheet' with the given payload of type 'PM_TimeSheetData' in JSON format and with the specified id.\n\t\t\t\t","responses":{"200":{"description":"successful operation"}},"parameters":[{"schema":{"$ref":"#/definitions/PM_TimeSheetData"},"in":"body","name":"body"}],"tags":["ProjectManagementTimeSheet"],"consumes":["application/json","application/xml"]},"get":{"produces":["application/json","application/xml"],"description":"\n\t\t\t\t\tRetrieve all or some selected properties from an instance of 'ProjectManagementTimeSheet' with the given id.\n\t\t\t\t","responses":{"200":{"description":"successful operation"}},"parameters":[{"name":"AbsEntry","type":"string"},{"name":"DocNumber","type":"string"},{"name":"TimeSheetType","type":"string"}],"tags":["ProjectManagementTimeSheet"],"consumes":["application/json","application/xml"]},"delete":{"produces":["application/json","application/xml"],"description":"\n\t\t\t\t\tDelete an instance of 'ProjectManagementTimeSheet' with the specified id.\n\t\t\t\t","responses":{"200":{"description":"successful operation"}},"parameters":[],"tags":["ProjectManagementTimeSheet"],"consumes":["application/json","application/xml"]}}},"host":"slcdemo.cfapps.sap.hana.ondemand.com","schemes":"https","definitions":{"PM_TimeSheetLineData":{"type":"object","properties":{"ServiceCall":{"type":"integer"},"LineID":{"type":"integer"},"EndTime":{"$ref":"#/definitions/Edm.Time"},"GPSData":{"type":"string"},"EffectiveTime":{"$ref":"#/definitions/Edm.Time"},"BillableTime":{"$ref":"#/definitions/Edm.Time"},"NonBillableTime":{"$ref":"#/definitions/Edm.Time"},"ActivityType":{"type":"integer"},"StartTime":{"$ref":"#/definitions/Edm.Time"},"Break":{"$ref":"#/definitions/Edm.Time"},"Date":{"type":"string"},"Workorder":{"type":"integer"},"FullDay":{"$ref":"#/definitions/BoYesNoEnum"},"CostCenter":{"type":"string"},"Branch":{"type":"integer"},"LaborItem":{"type":"string"},"FinancialProject":{"type":"string"},"Location":{"type":"integer"}}},"TimeSheetTypeEnum":{"type":"string","enum":["tsh_User","tsh_Employee","tsh_Other"]},"PM_TimeSheetData":{"type":"object","properties":{"LineID":{"type":"integer"},"EndTime":{},"GPSData":{"type":"string"},"EffectiveTime":{},"BillableTime":{},"Break":{},"AbsEntry":{"type":"integer"},"Department":{"type":"integer"},"FullDay":{"description":"BoYesNoEnum","type":"string","enum":["tYES","tNO"]},"TimeSheetType":{"description":"TimeSheetTypeEnum","type":"string","enum":["tsh_User","tsh_Employee","tsh_Other"]},"CostCenter":{"type":"string"},"UserID":{"type":"integer"},"Branch":{"type":"integer"},"DocNumber":{"type":"integer"},"LaborItem":{"type":"string"},"FinancialProject":{"type":"string"},"ServiceCall":{"type":"integer"},"FirstName":{"type":"string"},"NonBillableTime":{},"ActivityType":{"type":"integer"},"StartTime":{},"Date":{"type":"string"},"Workorder":{"type":"integer"},"PM_TimeSheetLineDataCollection":{"type":"array","items":{"$ref":"#/definitions/PM_TimeSheetLineData"}},"DateFrom":{"type":"string"},"LastName":{"type":"string"},"DateTo":{"type":"string"},"Location":{"type":"integer"}}},"BoYesNoEnum":{"type":"string","enum":["tYES","tNO"]}},"swagger":"3.0","info":{"description":"This is a sample server Petstore server.","title":"Swagger For Service Layer","version":"1.0.0"},"tags":[{"name":"ProjectManagementTimeSheet","description":"\n\t\t\tThis entity enables you to manipulate 'ProjectManagementTimeSheet'.\n\t\t"}]}