{"basePath":"/b1s/v1/","paths":{"/ProjectManagementService_GetSubproject":{"post":{"produces":["application/json","application/xml"],"description":"\n\t\t\t\t\tInvoke the method 'GetSubproject' on this service by specifying the payload 'PM_SubprojectDocumentParams' in the JSON format.\n\t\t\t\t","responses":{"200":{"description":"successful operation"}},"parameters":[{"schema":{"$ref":"#/definitions/PM_ProjectDocumentData"},"in":"body","name":"body"}],"tags":["ProjectManagementService"],"consumes":["application/json","application/xml"]}},"/ProjectManagementService_GetSubprojectsList":{"post":{"produces":["application/json","application/xml"],"description":"\n\t\t\t\t\tInvoke the method 'GetSubprojectsList' on this service by specifying the payload 'PM_SubprojectParams' in the JSON format.\n\t\t\t\t","responses":{"200":{"description":"successful operation"}},"parameters":[{"schema":{"$ref":"#/definitions/PM_ProjectDocumentData"},"in":"body","name":"body"}],"tags":["ProjectManagementService"],"consumes":["application/json","application/xml"]}},"/ProjectManagementService_AddSubproject":{"post":{"produces":["application/json","application/xml"],"description":"\n\t\t\t\t\tInvoke the method 'AddSubproject' on this service by specifying the payload 'PM_SubprojectDocumentData' in the JSON format.\n\t\t\t\t","responses":{"200":{"description":"successful operation"}},"parameters":[{"schema":{"$ref":"#/definitions/PM_ProjectDocumentData"},"in":"body","name":"body"}],"tags":["ProjectManagementService"],"consumes":["application/json","application/xml"]}},"/ProjectManagementService_UpdateSubproject":{"post":{"produces":["application/json","application/xml"],"description":"\n\t\t\t\t\tInvoke the method 'UpdateSubproject' on this service by specifying the payload 'PM_SubprojectDocumentData' in the JSON format.\n\t\t\t\t","responses":{"200":{"description":"successful operation"}},"parameters":[{"schema":{"$ref":"#/definitions/PM_ProjectDocumentData"},"in":"body","name":"body"}],"tags":["ProjectManagementService"],"consumes":["application/json","application/xml"]}},"/ProjectManagementService_DeleteSubproject":{"post":{"produces":["application/json","application/xml"],"description":"\n\t\t\t\t\tInvoke the method 'DeleteSubproject' on this service by specifying the payload 'PM_SubprojectDocumentParams' in the JSON format.\n\t\t\t\t","responses":{"200":{"description":"successful operation"}},"parameters":[{"schema":{"$ref":"#/definitions/PM_ProjectDocumentData"},"in":"body","name":"body"}],"tags":["ProjectManagementService"],"consumes":["application/json","application/xml"]}}},"host":"slcdemo.cfapps.sap.hana.ondemand.com","schemes":"https","definitions":{"SubprojectStatusTypeEnum":{"type":"string","enum":["sst_Open","sst_Closed"]},"LineStatusTypeEnum":{"type":"string","enum":["lst_Open","lst_Closed"]},"AmountCatTypeEnum":{"type":"string","enum":["act_Invoiced","act_Open"]},"PM_SubprojectDocumentData":{"type":"object","properties":{"ParentID":{"type":"integer"},"Order":{"type":"integer"},"Owner":{"type":"integer"},"SubprojectContribution":{"type":"number"},"SubprojectEndDate":{"type":"string"},"PMS_StageAttachements":{"type":"array","items":{"$ref":"#/definitions/PMS_StageAttachement"}},"PMS_StagesCollection":{"type":"array","items":{"$ref":"#/definitions/PMS_StageData"}},"SubprojectName":{"type":"string"},"ProjectID":{"type":"integer"},"AbsEntry":{"type":"integer"},"SubprojectDepth":{"type":"integer"},"PMS_DocAttachements":{"type":"array","items":{"$ref":"#/definitions/PMS_DocAttachement"}},"ActualCost":{"type":"number"},"PMS_ActivitiesCollection":{"type":"array","items":{"$ref":"#/definitions/PMS_ActivityData"}},"StartDate":{"type":"string"},"PMS_SummaryData":{"$ref":"#/definitions/PMS_SummaryData"},"PMS_DocumentsCollection":{"type":"array","items":{"$ref":"#/definitions/PMS_DocumentData"}},"PMS_WorkOrdersCollection":{"type":"array","items":{"$ref":"#/definitions/PMS_WorkOrderData"}},"SubprojectType":{"type":"integer"},"PlannedCost":{"type":"number"},"FinishedPercent":{"type":"number"},"DueDate":{"type":"string"},"SubprojectStatus":{"$ref":"#/definitions/SubprojectStatusTypeEnum"},"PMS_OpenIssuesCollection":{"type":"array","items":{"$ref":"#/definitions/PMS_OpenIssueData"}}}},"PM_SubprojectDocumentParams":{"type":"object","properties":{"AbsEntry":{"type":"integer"}}},"PMS_DocAttachement":{"type":"object","properties":{"SourcePath":{"type":"string"},"LineID":{"type":"integer"},"AttachementDate":{"type":"string"},"FileName":{"type":"string"},"FileExtension":{"type":"string"},"AbsEntry":{"type":"integer"}}},"PMS_StageAttachement":{"type":"object","properties":{"SourcePath":{"type":"string"},"LineID":{"type":"integer"},"AttachementDate":{"type":"string"},"FileName":{"type":"string"},"FileExtension":{"type":"string"},"AbsEntry":{"type":"integer"}}},"PMS_WorkOrderData":{"type":"object","properties":{"LineID":{"type":"integer"},"StageID":{"type":"integer"},"DocNumber":{"type":"integer"},"DocEntry":{"type":"integer"}}},"BoYesNoEnum":{"type":"string","enum":["tYES","tNO"]},"PMS_StageData":{"type":"object","properties":{"Task":{"type":"integer"},"Description":{"type":"string"},"LineID":{"type":"integer"},"OpenAmountSales":{"type":"number"},"PercentualCompletness":{"type":"number"},"StageOwner":{"type":"integer"},"InvoicedAmountPurchase":{"type":"number"},"CloseDate":{"type":"string"},"StageDependency2Type":{"$ref":"#/definitions/StageDepTypeEnum"},"StartDate":{"type":"string"},"StageType":{"type":"integer"},"StageDependency3Type":{"$ref":"#/definitions/StageDepTypeEnum"},"DependsOnStageID3":{"type":"integer"},"DependsOnStageID4":{"type":"integer"},"DependsOnStageID1":{"type":"integer"},"DependsOnStageID2":{"type":"integer"},"StageID":{"type":"integer"},"OpenAmountPurchase":{"type":"number"},"InvoicedAmountSales":{"type":"number"},"AttachmentEntry":{"type":"integer"},"StageDependency4Type":{"$ref":"#/definitions/StageDepTypeEnum"},"ExpectedCosts":{"type":"number"},"DependsOnStage1":{"type":"integer"},"DependsOnStage3":{"type":"integer"},"DependsOnStage2":{"type":"integer"},"StageDependency1Type":{"$ref":"#/definitions/StageDepTypeEnum"},"DependsOnStage4":{"type":"integer"},"IsFinished":{"$ref":"#/definitions/BoYesNoEnum"}}},"PMS_SummaryData":{"type":"object","properties":{"AccumOpenAmountSales":{"type":"number"},"TotalVariance":{"type":"number"},"LineID":{"type":"integer"},"AccumTotalSales":{"type":"number"},"AccumTotalVariancePurchase":{"type":"number"},"ActualByProductCost":{"type":"number"},"PotentialSubprojectAmount":{"type":"number"},"TotalAmountPurchase":{"type":"number"},"ActualItemComponentCost":{"type":"number"},"SumOpenAmountPurchase":{"type":"number"},"AccumInvoicedAmountSales":{"type":"number"},"AccumTotalPurchase":{"type":"number"},"AccumVariancePerceptionPurchase":{"type":"number"},"AccumPotentialSubprojectAmount":{"type":"number"},"DueDate":{"type":"string"},"ActualAdditionalCost":{"type":"number"},"AccumVariancePerceptionSales":{"type":"number"},"AccumOpenAmountPurchase":{"type":"number"},"SumOpenAmountSales":{"type":"number"},"AccumSubprojectBudget":{"type":"number"},"ActualProductCost":{"type":"number"},"Overdue":{"type":"integer"},"SumInvoicedAmountPurchase":{"type":"number"},"VariancePerceptionPurchase":{"type":"number"},"TotalAmountSales":{"type":"number"},"TotalVariancePurchase":{"type":"number"},"AccumInvoicedAmountPurchase":{"type":"number"},"SumInvoicedAmountSales":{"type":"number"},"AccumTotalVarianceSales":{"type":"number"},"ActualClosingDate":{"type":"string"},"VariancePerceptionSales":{"type":"number"},"TotalVarianceSales":{"type":"number"},"ActualResourceComponentCost":{"type":"number"},"SubprojectBudget":{"type":"number"}}},"PMS_OpenIssueData":{"type":"object","properties":{"Area":{"type":"integer"},"LineID":{"type":"integer"},"Remarks":{"type":"string"},"SolutionID":{"type":"integer"},"Priority":{"type":"integer"},"Closed":{"$ref":"#/definitions/BoYesNoEnum"},"StageID":{"type":"integer"},"Effort":{"type":"number"},"EnteredDate":{"type":"string"},"EnteredBy":{"type":"integer"},"Responsible":{"type":"integer"}}},"PMS_ActivityData":{"type":"object","properties":{"LineID":{"type":"integer"},"StageID":{"type":"integer"},"ActivityID":{"type":"integer"}}},"StageDepTypeEnum":{"type":"string","enum":["sdt_Subproject","sdt_Project"]},"PMDocumentTypeEnum":{"type":"string","enum":["pmdt_SalesQuotation","pmdt_APInvoice","pmdt_APReserveInvoice","pmdt_Return","pmdt_PurchaseQuotation","pmdt_ARInvoice","pmdt_ServiceCall","pmdt_GoodsIssue","pmdt_ARReserveInvoice","pmdt_ARCorrectionInvoiceReversal","pmdt_PurchaseOrder","pmdt_SalesOrder","pmdt_GoodsReturn","pmdt_ARDownPaymentInvoice","pmdt_Delivery","pmdt_APCorrectionInvoiceReversal","pmdt_APDownPaymentRequest","pmdt_ARCreditMemo","pmdt_ManualJournalEntry","pmdt_APDownPaymentInvoice","pmdt_APCreditMemo","pmdt_ARDownPaymentRequest","pmdt_APCorrectionInvoice","pmdt_ARCorrectionInvoice","pmdt_GoodsReceipt","pmdt_GoodsReceiptPO"]},"PM_ProjectDocumentData":{"type":"object","properties":{}},"PM_SubprojectParams":{"type":"object","properties":{"AbsEntry":{"type":"integer"},"IsSubproject":{"$ref":"#/definitions/BoYesNoEnum"}}},"PMS_DocumentData":{"type":"object","properties":{"Status":{"$ref":"#/definitions/LineStatusTypeEnum"},"AmountCategory":{"$ref":"#/definitions/AmountCatTypeEnum"},"DocDate":{"type":"string"},"LineID":{"type":"integer"},"StageID":{"type":"integer"},"Total":{"type":"number"},"DocEntry":{"type":"integer"},"DocType":{"$ref":"#/definitions/PMDocumentTypeEnum"},"LineNumber":{"type":"integer"}}}},"swagger":"3.0","info":{"description":"This is a sample server Petstore server.","title":"Swagger For Service Layer","version":"1.0.0"},"tags":[{"name":"ProjectManagementService","description":"\n\t\t\tThis API enables you to invoke the interfaces defined on 'ProjectManagementService'.\n\t\t"}]}