{"basePath":"/b1s/v1/","paths":{"/Projects":{"post":{"produces":["application/json","application/xml"],"description":"Create an instance of 'Projects' with the given payload of type 'Project' in JSON format.","responses":{"200":{"description":"successful operation"}},"parameters":[{"schema":{"$ref":"#/definitions/Project"},"in":"body","name":"body"}],"tags":["Projects"],"consumes":["application/json","application/xml"]},"get":{"produces":["application/json","application/xml"],"description":"Retrieve a collection of 'Projects' with all or some selected properties in the given order by specifying the given filter condition.","responses":{"200":{"description":"successful operation"}},"parameters":[{"name":"Code","type":"string"},{"name":"Name","type":"string"},{"name":"Valid","type":"string"}],"tags":["Projects"],"consumes":["application/json","application/xml"]}},"/Projects(id)":{"patch":{"produces":["application/json","application/xml"],"description":"Update an instance of 'Projects' with the given payload of type 'Project' in JSON format and with the specified id.","responses":{"200":{"description":"successful operation"}},"parameters":[{"schema":{"$ref":"#/definitions/Project"},"in":"body","name":"body"}],"tags":["Projects"],"consumes":["application/json","application/xml"]},"get":{"produces":["application/json","application/xml"],"description":"Retrieve all or some selected properties from an instance of 'Projects' with the given id.","responses":{"200":{"description":"successful operation"}},"parameters":[{"name":"Code","type":"string"},{"name":"Name","type":"string"},{"name":"ValidFrom","type":"string"}],"tags":["Projects"],"consumes":["application/json","application/xml"]},"delete":{"produces":["application/json","application/xml"],"description":"Delete an instance of 'Projects' with the specified id.","responses":{"200":{"description":"successful operation"}},"parameters":[],"tags":["Projects"],"consumes":["application/json","application/xml"]}}},"host":"slcdemo.cfapps.sap.hana.ondemand.com","schemes":"https","definitions":{"Project":{"type":"object","properties":{"Active":{"description":"BoYesNoEnum","type":"string","enum":["tYES","tNO"]},"ValidTo":{"type":"string"},"ValidFrom":{"type":"string"},"Code":{"type":"string"},"Name":{"type":"string"}}},"BoYesNoEnum":{"type":"string","enum":["tYES","tNO"]}},"swagger":"3.0","info":{"description":"This is a sample server Petstore server.","title":"Swagger For Service Layer","version":"1.0.0"},"tags":[{"name":"Projects","description":"This entity enables you to manipulate 'Projects'."}]}