{"basePath":"/b1s/v1/","paths":{"/ProjectManagementConfigurationService_AddTasks":{"post":{"produces":["application/json","application/xml"],"description":"\n\t\t\t\t\tInvoke the method 'AddTasks' on this service by specifying the payload 'Collection(PMC_TaskData)' in the JSON format.\n\t\t\t\t","responses":{"200":{"description":"successful operation"}},"parameters":[{"schema":{"$ref":"#/definitions/PMC_SubprojectTypeData"},"in":"body","name":"body"}],"tags":["ProjectManagementConfigurationService"],"consumes":["application/json","application/xml"]}},"/ProjectManagementConfigurationService_AddActivities":{"post":{"produces":["application/json","application/xml"],"description":"\n\t\t\t\t\tInvoke the method 'AddActivities' on this service by specifying the payload 'Collection(PMC_ActivityData)' in the JSON format.\n\t\t\t\t","responses":{"200":{"description":"successful operation"}},"parameters":[{"schema":{"$ref":"#/definitions/PMC_SubprojectTypeData"},"in":"body","name":"body"}],"tags":["ProjectManagementConfigurationService"],"consumes":["application/json","application/xml"]}},"/ProjectManagementConfigurationService_UpdateTasks":{"post":{"produces":["application/json","application/xml"],"description":"\n\t\t\t\t\tInvoke the method 'UpdateTasks' on this service by specifying the payload 'Collection(PMC_TaskData)' in the JSON format.\n\t\t\t\t","responses":{"200":{"description":"successful operation"}},"parameters":[{"schema":{"$ref":"#/definitions/PMC_SubprojectTypeData"},"in":"body","name":"body"}],"tags":["ProjectManagementConfigurationService"],"consumes":["application/json","application/xml"]}},"/ProjectManagementConfigurationService_AddAreas":{"post":{"produces":["application/json","application/xml"],"description":"\n\t\t\t\t\tInvoke the method 'AddAreas' on this service by specifying the payload 'Collection(PMC_AreaData)' in the JSON format.\n\t\t\t\t","responses":{"200":{"description":"successful operation"}},"parameters":[{"schema":{"$ref":"#/definitions/PMC_SubprojectTypeData"},"in":"body","name":"body"}],"tags":["ProjectManagementConfigurationService"],"consumes":["application/json","application/xml"]}},"/ProjectManagementConfigurationService_UpdateAreas":{"post":{"produces":["application/json","application/xml"],"description":"\n\t\t\t\t\tInvoke the method 'UpdateAreas' on this service by specifying the payload 'Collection(PMC_AreaData)' in the JSON format.\n\t\t\t\t","responses":{"200":{"description":"successful operation"}},"parameters":[{"schema":{"$ref":"#/definitions/PMC_SubprojectTypeData"},"in":"body","name":"body"}],"tags":["ProjectManagementConfigurationService"],"consumes":["application/json","application/xml"]}},"/ProjectManagementConfigurationService_UpdateSubprojectTypes":{"post":{"produces":["application/json","application/xml"],"description":"\n\t\t\t\t\tInvoke the method 'UpdateSubprojectTypes' on this service by specifying the payload 'Collection(PMC_SubprojectTypeData)' in the JSON format.\n\t\t\t\t","responses":{"200":{"description":"successful operation"}},"parameters":[{"schema":{"$ref":"#/definitions/PMC_SubprojectTypeData"},"in":"body","name":"body"}],"tags":["ProjectManagementConfigurationService"],"consumes":["application/json","application/xml"]}},"/ProjectManagementConfigurationService_DeleteSubprojectTypes":{"post":{"produces":["application/json","application/xml"],"description":"\n\t\t\t\t\tInvoke the method 'DeleteSubprojectTypes' on this service by specifying the payload 'Collection(PMC_SubprojectTypeData)' in the JSON format.\n\t\t\t\t","responses":{"200":{"description":"successful operation"}},"parameters":[{"schema":{"$ref":"#/definitions/PMC_SubprojectTypeData"},"in":"body","name":"body"}],"tags":["ProjectManagementConfigurationService"],"consumes":["application/json","application/xml"]}},"/ProjectManagementConfigurationService_UpdatePriorities":{"post":{"produces":["application/json","application/xml"],"description":"\n\t\t\t\t\tInvoke the method 'UpdatePriorities' on this service by specifying the payload 'Collection(PMC_PriorityData)' in the JSON format.\n\t\t\t\t","responses":{"200":{"description":"successful operation"}},"parameters":[{"schema":{"$ref":"#/definitions/PMC_SubprojectTypeData"},"in":"body","name":"body"}],"tags":["ProjectManagementConfigurationService"],"consumes":["application/json","application/xml"]}},"/ProjectManagementConfigurationService_UpdateActivities":{"post":{"produces":["application/json","application/xml"],"description":"\n\t\t\t\t\tInvoke the method 'UpdateActivities' on this service by specifying the payload 'Collection(PMC_ActivityData)' in the JSON format.\n\t\t\t\t","responses":{"200":{"description":"successful operation"}},"parameters":[{"schema":{"$ref":"#/definitions/PMC_SubprojectTypeData"},"in":"body","name":"body"}],"tags":["ProjectManagementConfigurationService"],"consumes":["application/json","application/xml"]}},"/ProjectManagementConfigurationService_GetStageTypes":{"post":{"produces":["application/json","application/xml"],"description":"\n\t\t\t\t\tInvoke the method 'GetStageTypes' on this service.\n\t\t\t\t","responses":{"200":{"description":"successful operation"}},"parameters":[{"schema":{"$ref":"#/definitions/PMC_SubprojectTypeData"},"in":"body","name":"body"}],"tags":["ProjectManagementConfigurationService"],"consumes":["application/json","application/xml"]}},"/ProjectManagementConfigurationService_AddStageTypes":{"post":{"produces":["application/json","application/xml"],"description":"\n\t\t\t\t\tInvoke the method 'AddStageTypes' on this service by specifying the payload 'Collection(PMC_StageTypeData)' in the JSON format.\n\t\t\t\t","responses":{"200":{"description":"successful operation"}},"parameters":[{"schema":{"$ref":"#/definitions/PMC_SubprojectTypeData"},"in":"body","name":"body"}],"tags":["ProjectManagementConfigurationService"],"consumes":["application/json","application/xml"]}},"/ProjectManagementConfigurationService_GetTasks":{"post":{"produces":["application/json","application/xml"],"description":"\n\t\t\t\t\tInvoke the method 'GetTasks' on this service.\n\t\t\t\t","responses":{"200":{"description":"successful operation"}},"parameters":[{"schema":{"$ref":"#/definitions/PMC_SubprojectTypeData"},"in":"body","name":"body"}],"tags":["ProjectManagementConfigurationService"],"consumes":["application/json","application/xml"]}},"/ProjectManagementConfigurationService_DeleteStageTypes":{"post":{"produces":["application/json","application/xml"],"description":"\n\t\t\t\t\tInvoke the method 'DeleteStageTypes' on this service by specifying the payload 'Collection(PMC_StageTypeData)' in the JSON format.\n\t\t\t\t","responses":{"200":{"description":"successful operation"}},"parameters":[{"schema":{"$ref":"#/definitions/PMC_SubprojectTypeData"},"in":"body","name":"body"}],"tags":["ProjectManagementConfigurationService"],"consumes":["application/json","application/xml"]}},"/ProjectManagementConfigurationService_DeleteTasks":{"post":{"produces":["application/json","application/xml"],"description":"\n\t\t\t\t\tInvoke the method 'DeleteTasks' on this service by specifying the payload 'Collection(PMC_TaskData)' in the JSON format.\n\t\t\t\t","responses":{"200":{"description":"successful operation"}},"parameters":[{"schema":{"$ref":"#/definitions/PMC_SubprojectTypeData"},"in":"body","name":"body"}],"tags":["ProjectManagementConfigurationService"],"consumes":["application/json","application/xml"]}},"/ProjectManagementConfigurationService_DeletePriorities":{"post":{"produces":["application/json","application/xml"],"description":"\n\t\t\t\t\tInvoke the method 'DeletePriorities' on this service by specifying the payload 'Collection(PMC_PriorityData)' in the JSON format.\n\t\t\t\t","responses":{"200":{"description":"successful operation"}},"parameters":[{"schema":{"$ref":"#/definitions/PMC_SubprojectTypeData"},"in":"body","name":"body"}],"tags":["ProjectManagementConfigurationService"],"consumes":["application/json","application/xml"]}},"/ProjectManagementConfigurationService_GetAreas":{"post":{"produces":["application/json","application/xml"],"description":"\n\t\t\t\t\tInvoke the method 'GetAreas' on this service.\n\t\t\t\t","responses":{"200":{"description":"successful operation"}},"parameters":[{"schema":{"$ref":"#/definitions/PMC_SubprojectTypeData"},"in":"body","name":"body"}],"tags":["ProjectManagementConfigurationService"],"consumes":["application/json","application/xml"]}},"/ProjectManagementConfigurationService_DeleteAreas":{"post":{"produces":["application/json","application/xml"],"description":"\n\t\t\t\t\tInvoke the method 'DeleteAreas' on this service by specifying the payload 'Collection(PMC_AreaData)' in the JSON format.\n\t\t\t\t","responses":{"200":{"description":"successful operation"}},"parameters":[{"schema":{"$ref":"#/definitions/PMC_SubprojectTypeData"},"in":"body","name":"body"}],"tags":["ProjectManagementConfigurationService"],"consumes":["application/json","application/xml"]}},"/ProjectManagementConfigurationService_DeleteActivities":{"post":{"produces":["application/json","application/xml"],"description":"\n\t\t\t\t\tInvoke the method 'DeleteActivities' on this service by specifying the payload 'Collection(PMC_ActivityData)' in the JSON format.\n\t\t\t\t","responses":{"200":{"description":"successful operation"}},"parameters":[{"schema":{"$ref":"#/definitions/PMC_SubprojectTypeData"},"in":"body","name":"body"}],"tags":["ProjectManagementConfigurationService"],"consumes":["application/json","application/xml"]}},"/ProjectManagementConfigurationService_GetPriorities":{"post":{"produces":["application/json","application/xml"],"description":"\n\t\t\t\t\tInvoke the method 'GetPriorities' on this service.\n\t\t\t\t","responses":{"200":{"description":"successful operation"}},"parameters":[{"schema":{"$ref":"#/definitions/PMC_SubprojectTypeData"},"in":"body","name":"body"}],"tags":["ProjectManagementConfigurationService"],"consumes":["application/json","application/xml"]}},"/ProjectManagementConfigurationService_GetActivities":{"post":{"produces":["application/json","application/xml"],"description":"\n\t\t\t\t\tInvoke the method 'GetActivities' on this service.\n\t\t\t\t","responses":{"200":{"description":"successful operation"}},"parameters":[{"schema":{"$ref":"#/definitions/PMC_SubprojectTypeData"},"in":"body","name":"body"}],"tags":["ProjectManagementConfigurationService"],"consumes":["application/json","application/xml"]}},"/ProjectManagementConfigurationService_GetSubprojectTypes":{"post":{"produces":["application/json","application/xml"],"description":"\n\t\t\t\t\tInvoke the method 'GetSubprojectTypes' on this service.\n\t\t\t\t","responses":{"200":{"description":"successful operation"}},"parameters":[{"schema":{"$ref":"#/definitions/PMC_SubprojectTypeData"},"in":"body","name":"body"}],"tags":["ProjectManagementConfigurationService"],"consumes":["application/json","application/xml"]}},"/ProjectManagementConfigurationService_AddSubprojectTypes":{"post":{"produces":["application/json","application/xml"],"description":"\n\t\t\t\t\tInvoke the method 'AddSubprojectTypes' on this service by specifying the payload 'Collection(PMC_SubprojectTypeData)' in the JSON format.\n\t\t\t\t","responses":{"200":{"description":"successful operation"}},"parameters":[{"schema":{"$ref":"#/definitions/PMC_SubprojectTypeData"},"in":"body","name":"body"}],"tags":["ProjectManagementConfigurationService"],"consumes":["application/json","application/xml"]}},"/ProjectManagementConfigurationService_UpdateStageTypes":{"post":{"produces":["application/json","application/xml"],"description":"\n\t\t\t\t\tInvoke the method 'UpdateStageTypes' on this service by specifying the payload 'Collection(PMC_StageTypeData)' in the JSON format.\n\t\t\t\t","responses":{"200":{"description":"successful operation"}},"parameters":[{"schema":{"$ref":"#/definitions/PMC_SubprojectTypeData"},"in":"body","name":"body"}],"tags":["ProjectManagementConfigurationService"],"consumes":["application/json","application/xml"]}},"/ProjectManagementConfigurationService_AddPriorities":{"post":{"produces":["application/json","application/xml"],"description":"\n\t\t\t\t\tInvoke the method 'AddPriorities' on this service by specifying the payload 'Collection(PMC_PriorityData)' in the JSON format.\n\t\t\t\t","responses":{"200":{"description":"successful operation"}},"parameters":[{"schema":{"$ref":"#/definitions/PMC_SubprojectTypeData"},"in":"body","name":"body"}],"tags":["ProjectManagementConfigurationService"],"consumes":["application/json","application/xml"]}}},"host":"slcdemo.cfapps.sap.hana.ondemand.com","schemes":"https","definitions":{"PMC_PriorityData":{"type":"object","properties":{"PriorityName":{"type":"string"},"PriorityID":{"type":"integer"}}},"PMC_TaskData":{"type":"object","properties":{"TaskID":{"type":"integer"},"TaskName":{"type":"string"}}},"PMC_SubprojectTypeData":{"type":"object","properties":{"SubprojectTypeID":{"type":"integer"},"SubprojectTypeName":{"type":"string"}}},"PMC_StageTypeData":{"type":"object","properties":{"StageDescription":{"type":"string"},"StageName":{"type":"string"},"StageID":{"type":"integer"}}},"PMC_ActivityData":{"type":"object","properties":{"ActivityID":{"type":"integer"},"ActivityType":{"type":"string"},"IsChargeable":{"$ref":"#/definitions/BoYesNoEnum"},"LaborItem":{"type":"string"},"IsAbsence":{"$ref":"#/definitions/BoYesNoEnum"}}},"PMC_AreaData":{"type":"object","properties":{"AreaName":{"type":"string"},"AreaID":{"type":"integer"}}},"BoYesNoEnum":{"type":"string","enum":["tYES","tNO"]}},"swagger":"3.0","info":{"description":"This is a sample server Petstore server.","title":"Swagger For Service Layer","version":"1.0.0"},"tags":[{"name":"ProjectManagementConfigurationService","description":"\n\t\t\tThis API enables you to invoke the interfaces defined on 'ProjectManagementConfigurationService'.\n\t\t"}]}