{"basePath":"/b1s/v1/","paths":{"/ProjectManagements(id)":{"patch":{"produces":["application/json","application/xml"],"description":"Update an instance of 'ProjectManagements' with the given payload of type 'PM_ProjectDocumentData' in JSON format and with the specified id.","responses":{"200":{"description":"successful operation"}},"parameters":[{"schema":{"$ref":"#/definitions/PM_ProjectDocumentData"},"in":"body","name":"body"}],"tags":["ProjectManagements"],"consumes":["application/json","application/xml"]},"get":{"produces":["application/json","application/xml"],"description":"Retrieve all or some selected properties from an instance of 'ProjectManagements' with the given id.","responses":{"200":{"description":"successful operation"}},"parameters":[{"name":"AbsEntry","type":"string"},{"name":"Owner","type":"string"},{"name":"ProjectName","type":"string"}],"tags":["ProjectManagements"],"consumes":["application/json","application/xml"]},"delete":{"produces":["application/json","application/xml"],"description":"Delete an instance of 'ProjectManagements' with the specified id.","responses":{"200":{"description":"successful operation"}},"parameters":[],"tags":["ProjectManagements"],"consumes":["application/json","application/xml"]}},"/ProjectManagements(id)/CancelProject":{"post":{"produces":["application/json","application/xml"],"description":"Invoke the method 'CancelProject' on this EntitySet with the specified id.","responses":{"200":{"description":"successful operation"}},"parameters":[{"schema":{"$ref":"#/definitions/PM_ProjectDocumentData"},"in":"body","name":"body"}],"tags":["ProjectManagements"],"consumes":["application/json","application/xml"]}},"/ProjectManagements":{"post":{"produces":["application/json","application/xml"],"description":"Create an instance of 'ProjectManagements' with the given payload of type 'PM_ProjectDocumentData' in JSON format.","responses":{"200":{"description":"successful operation"}},"parameters":[{"schema":{"$ref":"#/definitions/PM_ProjectDocumentData"},"in":"body","name":"body"}],"tags":["ProjectManagements"],"consumes":["application/json","application/xml"]},"get":{"produces":["application/json","application/xml"],"description":"Retrieve a collection of 'ProjectManagements' with all or some selected properties in the given order by specifying the given filter condition.","responses":{"200":{"description":"successful operation"}},"parameters":[{"name":"AbsEntry","type":"string"},{"name":"Owner","type":"string"},{"name":"Project","type":"string"}],"tags":["ProjectManagements"],"consumes":["application/json","application/xml"]}}},"host":"slcdemo.cfapps.sap.hana.ondemand.com","schemes":"https","definitions":{"PM_SummaryData":{"type":"object","properties":{"AccumOpenAmountSales":{"type":"number"},"TotalVariance":{"type":"number"},"LineID":{"type":"integer"},"AccumTotalSales":{"type":"number"},"AccumTotalVariancePurchase":{"type":"number"},"ActualByProductCost":{"type":"number"},"PotentialSubprojectAmount":{"type":"number"},"TotalAmountPurchase":{"type":"number"},"ActualItemComponentCost":{"type":"number"},"SumOpenAmountPurchase":{"type":"number"},"AccumInvoicedAmountSales":{"type":"number"},"AccumTotalPurchase":{"type":"number"},"AccumVariancePerceptionPurchase":{"type":"number"},"AccumPotentialSubprojectAmount":{"type":"number"},"DueDate":{"type":"string"},"ActualAdditionalCost":{"type":"number"},"AccumVariancePerceptionSales":{"type":"number"},"AccumOpenAmountPurchase":{"type":"number"},"SumOpenAmountSales":{"type":"number"},"AccumSubprojectBudget":{"type":"number"},"ActualProductCost":{"type":"number"},"Overdue":{"type":"integer"},"SumInvoicedAmountPurchase":{"type":"number"},"VariancePerceptionPurchase":{"type":"number"},"TotalAmountSales":{"type":"number"},"TotalVariancePurchase":{"type":"number"},"AccumInvoicedAmountPurchase":{"type":"number"},"SumInvoicedAmountSales":{"type":"number"},"AccumTotalVarianceSales":{"type":"number"},"ActualClosingDate":{"type":"string"},"VariancePerceptionSales":{"type":"number"},"TotalVarianceSales":{"type":"number"},"ActualResourceComponentCost":{"type":"number"},"SubprojectBudget":{"type":"number"}}},"LineStatusTypeEnum":{"type":"string","enum":["lst_Open","lst_Closed"]},"PM_ActivityData":{"type":"object","properties":{"LineID":{"type":"integer"},"StageID":{"type":"integer"},"ActivityID":{"type":"integer"}}},"AmountCatTypeEnum":{"type":"string","enum":["act_Invoiced","act_Open"]},"PM_StageAttachement":{"type":"object","properties":{"SourcePath":{"type":"string"},"LineID":{"type":"integer"},"AttachementDate":{"type":"string"},"FileName":{"type":"string"},"FileExtension":{"type":"string"},"AbsEntry":{"type":"integer"}}},"PM_WorkOrderData":{"type":"object","properties":{"LineID":{"type":"integer"},"StageID":{"type":"integer"},"DocNumber":{"type":"integer"},"DocEntry":{"type":"integer"}}},"ProjectStatusTypeEnum":{"type":"string","enum":["pst_Stopped","pst_Paused","pst_Started","pst_Canceled","pst_Finished"]},"ProjectTypeEnum":{"type":"string","enum":["pt_External","pt_Internal"]},"BoYesNoEnum":{"type":"string","enum":["tYES","tNO"]},"PM_StageData":{"type":"object","properties":{"Task":{"type":"integer"},"Description":{"type":"string"},"LineID":{"type":"integer"},"OpenAmountSales":{"type":"number"},"PercentualCompletness":{"type":"number"},"StageOwner":{"type":"integer"},"InvoicedAmountPurchase":{"type":"number"},"CloseDate":{"type":"string"},"StageDependency2Type":{"$ref":"#/definitions/StageDepTypeEnum"},"StartDate":{"type":"string"},"StageType":{"type":"integer"},"StageDependency3Type":{"$ref":"#/definitions/StageDepTypeEnum"},"DependsOnStageID3":{"type":"integer"},"DependsOnStageID4":{"type":"integer"},"DependsOnStageID1":{"type":"integer"},"DependsOnStageID2":{"type":"integer"},"StageID":{"type":"integer"},"OpenAmountPurchase":{"type":"number"},"InvoicedAmountSales":{"type":"number"},"AttachmentEntry":{"type":"integer"},"StageDependency4Type":{"$ref":"#/definitions/StageDepTypeEnum"},"ExpectedCosts":{"type":"number"},"DependsOnStage1":{"type":"integer"},"DependsOnStage3":{"type":"integer"},"DependsOnStage2":{"type":"integer"},"StageDependency1Type":{"$ref":"#/definitions/StageDepTypeEnum"},"DependsOnStage4":{"type":"integer"},"IsFinished":{"$ref":"#/definitions/BoYesNoEnum"}}},"RiskLevelTypeEnum":{"type":"string","enum":["rlt_Medium","rlt_Low","rlt_High"]},"PM_DocAttachement":{"type":"object","properties":{"SourcePath":{"type":"string"},"LineID":{"type":"integer"},"AttachementDate":{"type":"string"},"FileName":{"type":"string"},"FileExtension":{"type":"string"},"AbsEntry":{"type":"integer"}}},"PM_OpenIssueData":{"type":"object","properties":{"Area":{"type":"integer"},"LineID":{"type":"integer"},"Remarks":{"type":"string"},"SolutionID":{"type":"integer"},"Priority":{"type":"integer"},"Closed":{"$ref":"#/definitions/BoYesNoEnum"},"StageID":{"type":"integer"},"Effort":{"type":"number"},"EnteredDate":{"type":"string"},"EnteredBy":{"type":"integer"},"Responsible":{"type":"integer"}}},"StageDepTypeEnum":{"type":"string","enum":["sdt_Subproject","sdt_Project"]},"PMDocumentTypeEnum":{"type":"string","enum":["pmdt_SalesQuotation","pmdt_APInvoice","pmdt_APReserveInvoice","pmdt_Return","pmdt_PurchaseQuotation","pmdt_ARInvoice","pmdt_ServiceCall","pmdt_GoodsIssue","pmdt_ARReserveInvoice","pmdt_ARCorrectionInvoiceReversal","pmdt_PurchaseOrder","pmdt_SalesOrder","pmdt_GoodsReturn","pmdt_ARDownPaymentInvoice","pmdt_Delivery","pmdt_APCorrectionInvoiceReversal","pmdt_APDownPaymentRequest","pmdt_ARCreditMemo","pmdt_ManualJournalEntry","pmdt_APDownPaymentInvoice","pmdt_APCreditMemo","pmdt_ARDownPaymentRequest","pmdt_APCorrectionInvoice","pmdt_ARCorrectionInvoice","pmdt_GoodsReceipt","pmdt_GoodsReceiptPO"]},"PM_ProjectDocumentData":{"type":"object","properties":{"Owner":{"type":"integer"},"PM_ActivitiesCollection":{"type":"array","items":{"$ref":"#/definitions/PM_ActivityData"}},"TotalVariance":{"type":"number"},"BusinessPartner":{"type":"string"},"AccumTotalSales":{"type":"number"},"ContactPerson":{"type":"integer"},"CloseDate":{"type":"string"},"PM_DocAttachements":{"type":"array","items":{"$ref":"#/definitions/PM_DocAttachement"}},"DocNumber":{"type":"integer"},"FileExtension":{"type":"string"},"PM_StageAttachements":{"type":"array","items":{"$ref":"#/definitions/PM_StageAttachement"}},"AccumPotentialSubprojectAmount":{"type":"number"},"DocNum":{"type":"integer"},"FinancialProject":{"type":"string"},"AccumVariancePerceptionSales":{"type":"number"},"AllowSubprojects":{"description":"BoYesNoEnum","type":"string","enum":["tYES","tNO"]},"DependsOnStageID1":{"type":"integer"},"Status":{"description":"LineStatusTypeEnum","type":"string","enum":["lst_Open","lst_Closed"]},"DependsOnStageID2":{"type":"integer"},"PM_DocumentsCollection":{"type":"array","items":{"$ref":"#/definitions/PM_DocumentData"}},"AccumSubprojectBudget":{"type":"number"},"InvoicedAmountSales":{"type":"number"},"EnteredDate":{"type":"string"},"StageDependency4Type":{"description":"StageDepTypeEnum","type":"string","enum":["sdt_Subproject","sdt_Project"]},"VariancePerceptionPurchase":{"type":"number"},"TotalVariancePurchase":{"type":"number"},"ExpectedCosts":{"type":"number"},"TotalVarianceSales":{"type":"number"},"FinishedPercent":{"type":"number"},"SalesEmployee":{"type":"integer"},"Description":{"type":"string"},"ProjectName":{"type":"string"},"FileName":{"type":"string"},"InvoicedAmountPurchase":{"type":"number"},"AccumTotalVariancePurchase":{"type":"number"},"ActualByProductCost":{"type":"number"},"PotentialSubprojectAmount":{"type":"number"},"LineNumber":{"type":"integer"},"StageDependency2Type":{"description":"StageDepTypeEnum","type":"string","enum":["sdt_Subproject","sdt_Project"]},"TotalAmountPurchase":{"type":"number"},"EnteredBy":{"type":"integer"},"Responsible":{"type":"integer"},"AccumVariancePerceptionPurchase":{"type":"number"},"ActualAdditionalCost":{"type":"number"},"DocType":{"description":"PMDocumentTypeEnum","type":"string","enum":["pmdt_SalesQuotation","pmdt_APInvoice","pmdt_APReserveInvoice","pmdt_Return","pmdt_PurchaseQuotation","pmdt_ARInvoice","pmdt_ServiceCall","pmdt_GoodsIssue","pmdt_ARReserveInvoice","pmdt_ARCorrectionInvoiceReversal","pmdt_PurchaseOrder","pmdt_SalesOrder","pmdt_GoodsReturn","pmdt_ARDownPaymentInvoice","pmdt_Delivery","pmdt_APCorrectionInvoiceReversal","pmdt_APDownPaymentRequest","pmdt_ARCreditMemo","pmdt_ManualJournalEntry","pmdt_APDownPaymentInvoice","pmdt_APCreditMemo","pmdt_ARDownPaymentRequest","pmdt_APCorrectionInvoice","pmdt_ARCorrectionInvoice","pmdt_GoodsReceipt","pmdt_GoodsReceiptPO"]},"SumOpenAmountSales":{"type":"number"},"StageID":{"type":"integer"},"ActivityID":{"type":"integer"},"TotalAmountSales":{"type":"number"},"ProjectStatus":{"description":"ProjectStatusTypeEnum","type":"string","enum":["pst_Stopped","pst_Paused","pst_Started","pst_Canceled","pst_Finished"]},"AccumInvoicedAmountPurchase":{"type":"number"},"SumInvoicedAmountSales":{"type":"number"},"ClosingDate":{"type":"string"},"RiskLevel":{"description":"RiskLevelTypeEnum","type":"string","enum":["rlt_Medium","rlt_Low","rlt_High"]},"Task":{"type":"integer"},"AmountCategory":{"description":"AmountCatTypeEnum","type":"string","enum":["act_Invoiced","act_Open"]},"AccumOpenAmountSales":{"type":"number"},"LineID":{"type":"integer"},"OpenAmountSales":{"type":"number"},"PercentualCompletness":{"type":"number"},"Effort":{"type":"number"},"PM_WorkOrdersCollection":{"type":"array","items":{"$ref":"#/definitions/PM_WorkOrderData"}},"PM_OpenIssuesCollection":{"type":"array","items":{"$ref":"#/definitions/PM_OpenIssueData"}},"ActualItemComponentCost":{"type":"number"},"StartDate":{"type":"string"},"Industry":{"type":"integer"},"SourcePath":{"type":"string"},"AccumInvoicedAmountSales":{"type":"number"},"Remarks":{"type":"string"},"Territory":{"type":"integer"},"Priority":{"type":"integer"},"OpenAmountPurchase":{"type":"number"},"DocEntry":{"type":"integer"},"ActualProductCost":{"type":"number"},"Overdue":{"type":"integer"},"PM_StagesCollection":{"type":"array","items":{"$ref":"#/definitions/PM_StageData"}},"SumInvoicedAmountPurchase":{"type":"number"},"Area":{"type":"integer"},"AccumTotalVarianceSales":{"type":"number"},"ProjectType":{"description":"ProjectTypeEnum","type":"string","enum":["pt_External","pt_Internal"]},"DependsOnStage1":{"type":"integer"},"DependsOnStage3":{"type":"integer"},"DependsOnStage2":{"type":"integer"},"ActualResourceComponentCost":{"type":"number"},"DependsOnStage4":{"type":"integer"},"IsFinished":{"description":"BoYesNoEnum","type":"string","enum":["tYES","tNO"]},"SubprojectBudget":{"type":"number"},"DocDate":{"type":"string"},"StageOwner":{"type":"integer"},"AbsEntry":{"type":"integer"},"Reason":{"type":"string"},"SumOpenAmountPurchase":{"type":"number"},"AttachementDate":{"type":"string"},"SolutionID":{"type":"integer"},"StageType":{"type":"integer"},"AccumTotalPurchase":{"type":"number"},"DueDate":{"type":"string"},"BusinessPartnerName":{"type":"string"},"StageDependency3Type":{"description":"StageDepTypeEnum","type":"string","enum":["sdt_Subproject","sdt_Project"]},"DependsOnStageID3":{"type":"integer"},"DependsOnStageID4":{"type":"integer"},"AccumOpenAmountPurchase":{"type":"number"},"PM_SummaryData":{"type":"array","items":{"$ref":"#/definitions/PM_SummaryData"}},"AttachmentEntry":{"type":"integer"},"Series":{"type":"integer"},"Closed":{"description":"BoYesNoEnum","type":"string","enum":["tYES","tNO"]},"ActualClosingDate":{"type":"string"},"Total":{"type":"number"},"VariancePerceptionSales":{"type":"number"},"StageDependency1Type":{"description":"StageDepTypeEnum","type":"string","enum":["sdt_Subproject","sdt_Project"]}}},"PM_DocumentData":{"type":"object","properties":{"Status":{"$ref":"#/definitions/LineStatusTypeEnum"},"AmountCategory":{"$ref":"#/definitions/AmountCatTypeEnum"},"DocDate":{"type":"string"},"LineID":{"type":"integer"},"StageID":{"type":"integer"},"Total":{"type":"number"},"DocEntry":{"type":"integer"},"DocType":{"$ref":"#/definitions/PMDocumentTypeEnum"},"LineNumber":{"type":"integer"}}}},"swagger":"3.0","info":{"description":"This is a sample server Petstore server.","title":"Swagger For Service Layer","version":"1.0.0"},"tags":[{"name":"ProjectManagements","description":"This entity enables you to manipulate 'ProjectManagements'."}]}