{"basePath":"/b1s/v1/","paths":{"/PurchaseTaxInvoices(id)":{"patch":{"produces":["application/json","application/xml"],"description":"Update an instance of 'PurchaseTaxInvoices' with the given payload of type 'PurchaseTaxInvoice' in JSON format and with the specified id.","responses":{"200":{"description":"successful operation"}},"parameters":[{"schema":{"$ref":"#/definitions/PurchaseTaxInvoice"},"in":"body","name":"body"}],"tags":["PurchaseTaxInvoices"],"consumes":["application/json","application/xml"]},"get":{"produces":["application/json","application/xml"],"description":"Retrieve all or some selected properties from an instance of 'PurchaseTaxInvoices' with the given id.","responses":{"200":{"description":"successful operation"}},"parameters":[{"name":"DocEntry","type":"string"},{"name":"DocNum","type":"string"},{"name":"DocType","type":"string"}],"tags":["PurchaseTaxInvoices"],"consumes":["application/json","application/xml"]}},"/PurchaseTaxInvoices":{"post":{"produces":["application/json","application/xml"],"description":"Create an instance of 'PurchaseTaxInvoices' with the given payload of type 'PurchaseTaxInvoice' in JSON format.","responses":{"200":{"description":"successful operation"}},"parameters":[{"schema":{"$ref":"#/definitions/PurchaseTaxInvoice"},"in":"body","name":"body"}],"tags":["PurchaseTaxInvoices"],"consumes":["application/json","application/xml"]},"get":{"produces":["application/json","application/xml"],"description":"Retrieve a collection of 'PurchaseTaxInvoices' with all or some selected properties in the given order by specifying the given filter condition.","responses":{"200":{"description":"successful operation"}},"parameters":[{"name":"DocEntry","type":"string"},{"name":"DocNum","type":"string"},{"name":"Doc","type":"string"}],"tags":["PurchaseTaxInvoices"],"consumes":["application/json","application/xml"]}}},"host":"slcdemo.cfapps.sap.hana.ondemand.com","schemes":"https","definitions":{"PurchaseTaxInvoiceLine":{"type":"object","properties":{"RefEntry1":{"type":"integer"},"RefEntry2":{"type":"integer"}}},"PurchaseTaxInvoice":{"type":"object","properties":{"PaymentRefNo":{"type":"string"},"CreationDate":{"type":"string"},"ShipToCode":{"type":"string"},"TaxTotal":{"type":"number"},"DocDate":{"type":"string"},"Address":{"type":"string"},"DocDueDate":{"type":"string"},"DocumentTotal":{"type":"number"},"Segment":{"type":"integer"},"CustomerOrVendorName":{"type":"string"},"PaymentRefDate":{"type":"string"},"UpdateDate":{"type":"string"},"RefEntry1":{"type":"integer"},"RefEntry2":{"type":"integer"},"PurchaseTaxInvoiceLines":{"type":"array","items":{"$ref":"#/definitions/PurchaseTaxInvoiceLine"}},"TaxDate":{"type":"string"},"OpCode":{"type":"integer"},"Printed":{"description":"BoYesNoEnum","type":"string","enum":["tYES","tNO"]},"PurchaseTaxInvoiceOperationCodes":{"type":"array","items":{"$ref":"#/definitions/PurchaseTaxInvoiceOperationCode"}},"AlterationRevision":{"type":"integer"},"DocNum":{"type":"integer"},"DocType":{"description":"BoTaxInvoiceTypes","type":"string","enum":["botit_AlterationCorrectionInvoice","botit_Payment","botit_JournalEntry","botit_CorrectionInvoice","botit_AlterationInvoice","botit_Invoice"]},"Comments":{"type":"string"},"Address2":{"type":"string"},"DocEntry":{"type":"integer"},"CardCode":{"type":"string"},"ContactPersonCode":{"type":"integer"},"Series":{"type":"integer"},"CurrencySource":{"description":"BoCurrencySources","type":"string","enum":["bocs_SystemCurrency","bocs_LocalCurrency","bocs_BPCurrency"]},"CustomerOrVendorRefNo":{"type":"string"},"CancelDate":{"type":"string"},"DocCurrency":{"type":"string"}}},"PurchaseTaxInvoiceOperationCode":{"type":"object","properties":{"OpCode":{"type":"integer"}}},"BoCurrencySources":{"type":"string","enum":["bocs_SystemCurrency","bocs_LocalCurrency","bocs_BPCurrency"]},"BoTaxInvoiceTypes":{"type":"string","enum":["botit_AlterationCorrectionInvoice","botit_Payment","botit_JournalEntry","botit_CorrectionInvoice","botit_AlterationInvoice","botit_Invoice"]},"BoYesNoEnum":{"type":"string","enum":["tYES","tNO"]}},"swagger":"3.0","info":{"description":"This is a sample server Petstore server.","title":"Swagger For Service Layer","version":"1.0.0"},"tags":[{"name":"PurchaseTaxInvoices","description":"This entity enables you to manipulate 'PurchaseTaxInvoices'. It represents the data of a purchase Tax Invoice document."}]}