{"basePath":"/b1s/v1/","paths":{"/QueryCategories":{"post":{"produces":["application/json","application/xml"],"description":"Create an instance of 'QueryCategories' with the given payload of type 'QueryCategory' in JSON format.","responses":{"200":{"description":"successful operation"}},"parameters":[{"schema":{"$ref":"#/definitions/QueryCategory"},"in":"body","name":"body"}],"tags":["QueryCategories"],"consumes":["application/json","application/xml"]},"get":{"produces":["application/json","application/xml"],"description":"Retrieve a collection of 'QueryCategories' with all or some selected properties in the given order by specifying the given filter condition.","responses":{"200":{"description":"successful operation"}},"parameters":[{"name":"Code","type":"string"},{"name":"Name","type":"string"},{"name":"Permiss","type":"string"}],"tags":["QueryCategories"],"consumes":["application/json","application/xml"]}},"/QueryCategories(id)":{"patch":{"produces":["application/json","application/xml"],"description":"Update an instance of 'QueryCategories' with the given payload of type 'QueryCategory' in JSON format and with the specified id.","responses":{"200":{"description":"successful operation"}},"parameters":[{"schema":{"$ref":"#/definitions/QueryCategory"},"in":"body","name":"body"}],"tags":["QueryCategories"],"consumes":["application/json","application/xml"]},"get":{"produces":["application/json","application/xml"],"description":"Retrieve all or some selected properties from an instance of 'QueryCategories' with the given id.","responses":{"200":{"description":"successful operation"}},"parameters":[{"name":"Code","type":"string"},{"name":"Name","type":"string"},{"name":"Permissions","type":"string"}],"tags":["QueryCategories"],"consumes":["application/json","application/xml"]},"delete":{"produces":["application/json","application/xml"],"description":"Delete an instance of 'QueryCategories' with the specified id.","responses":{"200":{"description":"successful operation"}},"parameters":[],"tags":["QueryCategories"],"consumes":["application/json","application/xml"]}}},"host":"slcdemo.cfapps.sap.hana.ondemand.com","schemes":"https","definitions":{"QueryCategory":{"type":"object","properties":{"Permissions":{"type":"string"},"Code":{"type":"integer"},"Name":{"type":"string"}}}},"swagger":"3.0","info":{"description":"This is a sample server Petstore server.","title":"Swagger For Service Layer","version":"1.0.0"},"tags":[{"name":"QueryCategories","description":"This entity enables you to manipulate 'QueryCategories'. It represents the predefined query categories."}]}