{"basePath":"/b1s/v1/","paths":{"/Queue(id)":{"patch":{"produces":["application/json","application/xml"],"description":"Update an instance of 'Queue' with the given payload of type 'Queue' in JSON format and with the specified id.","responses":{"200":{"description":"successful operation"}},"parameters":[{"schema":{"$ref":"#/definitions/Queue"},"in":"body","name":"body"}],"tags":["Queue"],"consumes":["application/json","application/xml"]},"get":{"produces":["application/json","application/xml"],"description":"Retrieve all or some selected properties from an instance of 'Queue' with the given id.","responses":{"200":{"description":"successful operation"}},"parameters":[{"name":"QueueID","type":"string"},{"name":"Description","type":"string"},{"name":"Inactive","type":"string"}],"tags":["Queue"],"consumes":["application/json","application/xml"]},"delete":{"produces":["application/json","application/xml"],"description":"Delete an instance of 'Queue' with the specified id.","responses":{"200":{"description":"successful operation"}},"parameters":[],"tags":["Queue"],"consumes":["application/json","application/xml"]}},"/Queue":{"post":{"produces":["application/json","application/xml"],"description":"Create an instance of 'Queue' with the given payload of type 'Queue' in JSON format.","responses":{"200":{"description":"successful operation"}},"parameters":[{"schema":{"$ref":"#/definitions/Queue"},"in":"body","name":"body"}],"tags":["Queue"],"consumes":["application/json","application/xml"]},"get":{"produces":["application/json","application/xml"],"description":"Retrieve a collection of 'Queue' with all or some selected properties in the given order by specifying the given filter condition.","responses":{"200":{"description":"successful operation"}},"parameters":[{"name":"QueueID","type":"string"},{"name":"Description","type":"string"},{"name":"Inac","type":"string"}],"tags":["Queue"],"consumes":["application/json","application/xml"]}}},"host":"slcdemo.cfapps.sap.hana.ondemand.com","schemes":"https","definitions":{"QueueMember":{"type":"object","properties":{"QueueID":{"type":"string"},"MemberUserID":{"type":"integer"}}},"Queue":{"type":"object","properties":{"QueueMembers":{"type":"array","items":{"$ref":"#/definitions/QueueMember"}},"Description":{"type":"string"},"QueueEmail":{"type":"string"},"QueueID":{"type":"string"},"Inactive":{"description":"BoYesNoEnum","type":"string","enum":["tYES","tNO"]},"MemberUserID":{"type":"integer"},"QueueManager":{"type":"integer"}}},"BoYesNoEnum":{"type":"string","enum":["tYES","tNO"]}},"swagger":"3.0","info":{"description":"This is a sample server Petstore server.","title":"Swagger For Service Layer","version":"1.0.0"},"tags":[{"name":"Queue","description":"This entity enables you to manipulate 'Queue'. It represents the queues list in the Service module from which you can assign a queue member to a service call."}]}