{"basePath":"/b1s/v1/","paths":{"/RecurringTransactionService_ExecuteRecurringTransactions":{"post":{"produces":["application/json","application/xml"],"description":"Invoke the method 'ExecuteRecurringTransactions' on this service by specifying the payload 'Collection(RclRecurringTransactionParams)' in the JSON format.","responses":{"200":{"description":"successful operation"}},"parameters":[{"schema":{"$ref":"#/definitions/RclRecurringTransactionParams"},"in":"body","name":"body"}],"tags":["RecurringTransactionService"],"consumes":["application/json","application/xml"]}},"/RecurringTransactionService_GetAvailableRecurringTransactions":{"post":{"produces":["application/json","application/xml"],"description":"Invoke the method 'GetAvailableRecurringTransactions' on this service.","responses":{"200":{"description":"successful operation"}},"parameters":[{"schema":{"$ref":"#/definitions/RclRecurringTransactionParams"},"in":"body","name":"body"}],"tags":["RecurringTransactionService"],"consumes":["application/json","application/xml"]}}},"host":"slcdemo.cfapps.sap.hana.ondemand.com","schemes":"https","definitions":{"RclRecurringExecutionHandlingEnum":{"type":"string","enum":["rehSkipTransaction","rehStopOnError"]},"RclRecurringExecutionParams":{"type":"object","properties":{"OnError":{"$ref":"#/definitions/RclRecurringExecutionHandlingEnum"}}},"RclRecurringTransactionParams":{"type":"object","properties":{"PlannedDate":{"type":"string"},"TransactionID":{"type":"integer"}}}},"swagger":"3.0","info":{"description":"This is a sample server Petstore server.","title":"Swagger For Service Layer","version":"1.0.0"},"tags":[{"name":"RecurringTransactionService","description":"This API enables you to invoke the interfaces defined on 'RecurringTransactionService'."}]}