{"basePath":"/b1s/v1/","paths":{"/RecurringTransaction":{"get":{"produces":["application/json","application/xml"],"description":"Retrieve a collection of 'RecurringTransaction' with all or some selected properties in the given order by specifying the given filter condition.","responses":{"200":{"description":"successful operation"}},"parameters":[{"name":"TransactionID","type":"string"},{"name":"Planned","type":"string"}],"tags":["RecurringTransaction"],"consumes":["application/json","application/xml"]}},"/RecurringTransaction(id)":{"get":{"produces":["application/json","application/xml"],"description":"Retrieve all or some selected properties from an instance of 'RecurringTransaction' with the given id.","responses":{"200":{"description":"successful operation"}},"parameters":[{"name":"TransactionID","type":"string"},{"name":"PlannedDate","type":"string"}],"tags":["RecurringTransaction"],"consumes":["application/json","application/xml"]},"delete":{"produces":["application/json","application/xml"],"description":"Delete an instance of 'RecurringTransaction' with the specified id.","responses":{"200":{"description":"successful operation"}},"parameters":[],"tags":["RecurringTransaction"],"consumes":["application/json","application/xml"]}}},"host":"slcdemo.cfapps.sap.hana.ondemand.com","schemes":"https","definitions":{"RclRecurringTransactionParams":{"type":"object","properties":{"PlannedDate":{"type":"string"},"TransactionID":{"type":"integer"}}}},"swagger":"3.0","info":{"description":"This is a sample server Petstore server.","title":"Swagger For Service Layer","version":"1.0.0"},"tags":[{"name":"RecurringTransaction","description":"This entity enables you to manipulate 'RecurringTransaction'."}]}