{"basePath":"/b1s/v1/","paths":{"/Relationships(id)":{"patch":{"produces":["application/json","application/xml"],"description":"Update an instance of 'Relationships' with the given payload of type 'Relationship' in JSON format and with the specified id.","responses":{"200":{"description":"successful operation"}},"parameters":[{"schema":{"$ref":"#/definitions/Relationship"},"in":"body","name":"body"}],"tags":["Relationships"],"consumes":["application/json","application/xml"]},"get":{"produces":["application/json","application/xml"],"description":"Retrieve all or some selected properties from an instance of 'Relationships' with the given id.","responses":{"200":{"description":"successful operation"}},"parameters":[{"name":"RelationshipDescription","type":"string"},{"name":"RelationshipCode","type":"string"}],"tags":["Relationships"],"consumes":["application/json","application/xml"]},"delete":{"produces":["application/json","application/xml"],"description":"Delete an instance of 'Relationships' with the specified id.","responses":{"200":{"description":"successful operation"}},"parameters":[],"tags":["Relationships"],"consumes":["application/json","application/xml"]}},"/Relationships":{"post":{"produces":["application/json","application/xml"],"description":"Create an instance of 'Relationships' with the given payload of type 'Relationship' in JSON format.","responses":{"200":{"description":"successful operation"}},"parameters":[{"schema":{"$ref":"#/definitions/Relationship"},"in":"body","name":"body"}],"tags":["Relationships"],"consumes":["application/json","application/xml"]},"get":{"produces":["application/json","application/xml"],"description":"Retrieve a collection of 'Relationships' with all or some selected properties in the given order by specifying the given filter condition.","responses":{"200":{"description":"successful operation"}},"parameters":[{"name":"RelationshipDescription","type":"string"},{"name":"Relationship","type":"string"}],"tags":["Relationships"],"consumes":["application/json","application/xml"]}}},"host":"slcdemo.cfapps.sap.hana.ondemand.com","schemes":"https","definitions":{"Relationship":{"type":"object","properties":{"RelationshipCode":{"type":"integer"},"RelationshipDescription":{"type":"string"}}}},"swagger":"3.0","info":{"description":"This is a sample server Petstore server.","title":"Swagger For Service Layer","version":"1.0.0"},"tags":[{"name":"Relationships","description":"This entity enables you to manipulate 'Relationships'. It represents the relationships list from which a relationship definition can be associated with a partner in a sales opportunity."}]}