{"basePath":"/b1s/v1/","paths":{"/ReportLayoutsService_GetDefaultReport":{"post":{"produces":["application/json","application/xml"],"description":"\n\t\t\t\t\tInvoke the method 'GetDefaultReport' on this service by specifying the payload 'ReportParams' in the JSON format.\n\t\t\t\t","responses":{"200":{"description":"successful operation"}},"parameters":[{"schema":{"$ref":"#/definitions/TaxReportFilter"},"in":"body","name":"body"}],"tags":["ReportLayoutsService"],"consumes":["application/json","application/xml"]}},"/ReportLayoutsService_AddReportLayout":{"post":{"produces":["application/json","application/xml"],"description":"\n\t\t\t\t\tInvoke the method 'AddReportLayout' on this service by specifying the payload 'ReportLayout' in the JSON format.\n\t\t\t\t","responses":{"200":{"description":"successful operation"}},"parameters":[{"schema":{"$ref":"#/definitions/TaxReportFilter"},"in":"body","name":"body"}],"tags":["ReportLayoutsService"],"consumes":["application/json","application/xml"]}},"/ReportLayoutsService_UpdatePrinterSettings":{"post":{"produces":["application/json","application/xml"],"description":"\n\t\t\t\t\tInvoke the method 'UpdatePrinterSettings' on this service by specifying the payload 'ReportLayout' in the JSON format.\n\t\t\t\t","responses":{"200":{"description":"successful operation"}},"parameters":[{"schema":{"$ref":"#/definitions/TaxReportFilter"},"in":"body","name":"body"}],"tags":["ReportLayoutsService"],"consumes":["application/json","application/xml"]}},"/ReportLayoutsService_SetDefaultReport":{"post":{"produces":["application/json","application/xml"],"description":"\n\t\t\t\t\tInvoke the method 'SetDefaultReport' on this service by specifying the payload 'DefaultReportParams' in the JSON format.\n\t\t\t\t","responses":{"200":{"description":"successful operation"}},"parameters":[{"schema":{"$ref":"#/definitions/TaxReportFilter"},"in":"body","name":"body"}],"tags":["ReportLayoutsService"],"consumes":["application/json","application/xml"]}},"/ReportLayoutsService_GetReportLayout":{"post":{"produces":["application/json","application/xml"],"description":"\n\t\t\t\t\tInvoke the method 'GetReportLayout' on this service by specifying the payload 'ReportLayoutParams' in the JSON format.\n\t\t\t\t","responses":{"200":{"description":"successful operation"}},"parameters":[{"schema":{"$ref":"#/definitions/TaxReportFilter"},"in":"body","name":"body"}],"tags":["ReportLayoutsService"],"consumes":["application/json","application/xml"]}},"/ReportLayoutsService_GetDefaultReportLayout":{"post":{"produces":["application/json","application/xml"],"description":"\n\t\t\t\t\tInvoke the method 'GetDefaultReportLayout' on this service by specifying the payload 'ReportParams' in the JSON format.\n\t\t\t\t","responses":{"200":{"description":"successful operation"}},"parameters":[{"schema":{"$ref":"#/definitions/TaxReportFilter"},"in":"body","name":"body"}],"tags":["ReportLayoutsService"],"consumes":["application/json","application/xml"]}},"/ReportLayoutsService_DeleteReportLayout":{"post":{"produces":["application/json","application/xml"],"description":"\n\t\t\t\t\tInvoke the method 'DeleteReportLayout' on this service by specifying the payload 'ReportLayoutParams' in the JSON format.\n\t\t\t\t","responses":{"200":{"description":"successful operation"}},"parameters":[{"schema":{"$ref":"#/definitions/TaxReportFilter"},"in":"body","name":"body"}],"tags":["ReportLayoutsService"],"consumes":["application/json","application/xml"]}},"/ReportLayoutsService_DeleteReportLayoutAndMenu":{"post":{"produces":["application/json","application/xml"],"description":"\n\t\t\t\t\tInvoke the method 'DeleteReportLayoutAndMenu' on this service by specifying the payload 'ReportLayoutParams' in the JSON format.\n\t\t\t\t","responses":{"200":{"description":"successful operation"}},"parameters":[{"schema":{"$ref":"#/definitions/TaxReportFilter"},"in":"body","name":"body"}],"tags":["ReportLayoutsService"],"consumes":["application/json","application/xml"]}},"/ReportLayoutsService_UpdateLanguageReport":{"post":{"produces":["application/json","application/xml"],"description":"\n\t\t\t\t\tInvoke the method 'UpdateLanguageReport' on this service by specifying the payload 'ReportLayout' in the JSON format.\n\t\t\t\t","responses":{"200":{"description":"successful operation"}},"parameters":[{"schema":{"$ref":"#/definitions/TaxReportFilter"},"in":"body","name":"body"}],"tags":["ReportLayoutsService"],"consumes":["application/json","application/xml"]}},"/ReportLayoutsService_GetReportLayoutList":{"post":{"produces":["application/json","application/xml"],"description":"\n\t\t\t\t\tInvoke the method 'GetReportLayoutList' on this service by specifying the payload 'ReportParams' in the JSON format.\n\t\t\t\t","responses":{"200":{"description":"successful operation"}},"parameters":[{"schema":{"$ref":"#/definitions/TaxReportFilter"},"in":"body","name":"body"}],"tags":["ReportLayoutsService"],"consumes":["application/json","application/xml"]}},"/ReportLayoutsService_AddReportLayoutToMenu":{"post":{"produces":["application/json","application/xml"],"description":"\n\t\t\t\t\tInvoke the method 'AddReportLayoutToMenu' on this service by specifying the payload 'ReportLayout,ReportInputParams' in the JSON format.\n\t\t\t\t","responses":{"200":{"description":"successful operation"}},"parameters":[{"schema":{"$ref":"#/definitions/TaxReportFilter"},"in":"body","name":"body"}],"tags":["ReportLayoutsService"],"consumes":["application/json","application/xml"]}}},"host":"slcdemo.cfapps.sap.hana.ondemand.com","schemes":"https","definitions":{"ReportLayout_TranslationLine":{"type":"object","properties":{"LanguageCode":{"type":"integer"},"UpdateDate":{"type":"string"},"CreateTime":{"type":"integer"},"UpdateTime":{"type":"integer"},"DocEntry":{"type":"string"},"DocName":{"type":"string"},"CreateDate":{"type":"string"},"LineNumber":{"type":"integer"}}},"BoHorizontalAlignmentEnum":{"type":"string","enum":["rlhjCentralized","rlhjLeft","rlhjLanguageDependent","rlhjRight"]},"ReportInputParams":{"type":"object","properties":{"ReportLayoutMenuID":{"type":"string"}}},"BoOrientationEnum":{"type":"string","enum":["ortHorizontal","ortVertical"]},"DefaultReportParams":{"type":"object","properties":{"LayoutCode":{"type":"string"},"UserID":{"type":"integer"},"ReportCode":{"type":"string"},"CardCode":{"type":"string"}}},"ReportLayoutCategoryEnum":{"type":"string","enum":["rlcLegalList","rlcPLD","rlcCrystal","rlcUserDefinedType"]},"BoVerticalAlignmentEnum":{"type":"string","enum":["rlvaTop","rlvaBottom","rlvaCentralized"]},"BoDataSourceEnum":{"type":"string","enum":["rldsDatabase","rldsSystemVariable","rldsFormula","rldsFreeText"]},"ReportLayoutParams":{"type":"object","properties":{"LayoutCode":{"type":"string"},"Category":{"$ref":"#/definitions/ReportLayoutCategoryEnum"},"LayoutName":{"type":"string"}}},"ReportParams":{"type":"object","properties":{"UserID":{"type":"integer"},"ReportCode":{"type":"string"},"CardCode":{"type":"string"}}},"BoYesNoEnum":{"type":"string","enum":["tYES","tNO"]},"BoReportLayoutItemTypeEnum":{"type":"string","enum":["rlitPageHeader","rlitRepetitiveAreaHeader","rlitTextField","rlitPageFooter","rlitUserField","rlitRepetitiveAreaFooter","rlitPictureField","rlitStartOfReport","rlitRepetitiveArea","rlitEndOfReport"]},"BoExtensionErrorActionEnum":{"type":"string","enum":["eeaStop","eeaIgnore","eeaPrompt"]},"BoPictureSizeEnum":{"type":"string","enum":["rlpsFitFieldSizeProportionally","rlpsOriginalSize","rlpsFitFieldWidth","rlpsFitFieldHeight","rlpsFitFieldSizeNonProportionally"]},"BoGridTypeEnum":{"type":"string","enum":["gtDots","gtCombination","gtBrokenLine","gtContinuousLine"]},"BoLineBreakEnum":{"type":"string","enum":["rlsAllowOverflow","rlsAdjustToCell","rlsDivideIntoRows"]},"ReportLayout":{"type":"object","properties":{"TopMargin":{"type":"integer"},"ExtensionName":{"type":"string"},"B1Version":{"type":"string"},"BottomMargin":{"type":"integer"},"Category":{"$ref":"#/definitions/ReportLayoutCategoryEnum"},"Query":{"type":"string"},"ForeignLanguageReport":{"$ref":"#/definitions/BoYesNoEnum"},"GridSize":{"type":"integer"},"language":{"type":"integer"},"Printer":{"type":"string"},"ReportLayout_TranslationLines":{"type":"array","items":{"$ref":"#/definitions/ReportLayout_TranslationLine"}},"Name":{"type":"string"},"GridType":{"$ref":"#/definitions/BoGridTypeEnum"},"RepetitiveAreasNumber":{"type":"integer"},"TypeDetail":{"type":"string"},"ReportLayoutItems":{"type":"array","items":{"$ref":"#/definitions/ReportLayoutItem"}},"ChangeFontSizeInPreview":{"type":"integer"},"Remarks":{"type":"string"},"Picture":{"type":"string"},"FollowUpReport":{"type":"string"},"Editable":{"$ref":"#/definitions/BoYesNoEnum"},"Height":{"type":"integer"},"Localization":{"type":"string"},"Width":{"type":"integer"},"ImpExpObjCode":{"type":"integer"},"CRVersion":{"type":"string"},"PrinterFirstPage":{"type":"string"},"ShowGrid":{"$ref":"#/definitions/BoYesNoEnum"},"EMailFont":{"type":"string"},"TypeCode":{"type":"string"},"NumberOfCopies":{"type":"integer"},"ConvertFontForEMail":{"$ref":"#/definitions/BoYesNoEnum"},"LeaderReport":{"type":"string"},"ChangeFontSizeForEMail":{"type":"integer"},"Orientation":{"$ref":"#/definitions/BoOrientationEnum"},"RightMargin":{"type":"integer"},"UseFirstPrinter":{"$ref":"#/definitions/BoYesNoEnum"},"AllignFooterToBottom":{"$ref":"#/definitions/BoYesNoEnum"},"LayoutCode":{"type":"string"},"SnapToGrid":{"$ref":"#/definitions/BoYesNoEnum"},"PreviewPrintingFont":{"type":"string"},"Sortable":{"$ref":"#/definitions/BoYesNoEnum"},"PaperSize":{"type":"string"},"Author":{"type":"string"},"ExtensionErrorAction":{"$ref":"#/definitions/BoExtensionErrorActionEnum"},"LeftMargin":{"type":"integer"},"ConvertFontInPrintPreview":{"$ref":"#/definitions/BoYesNoEnum"},"QueryType":{"$ref":"#/definitions/BoQueryTypeEnum"}}},"ReportLayoutPrintParams":{"type":"object","properties":{"LayoutCode":{"type":"string"},"DocEntry":{"type":"integer"}}},"ReportLayoutItem":{"type":"object","properties":{"DisplayTotalAsAWord":{"$ref":"#/definitions/BoYesNoEnum"},"TopMargin":{"type":"integer"},"LineBreak":{"$ref":"#/definitions/BoLineBreakEnum"},"Left":{"type":"integer"},"BottomMargin":{"type":"integer"},"NextSegmentItemNumber":{"type":"string"},"HeightAdjustments":{"$ref":"#/definitions/BoYesNoEnum"},"String":{"type":"string"},"DistanceToRepetitiveDuplicate":{"type":"integer"},"SuppressZeros":{"$ref":"#/definitions/BoYesNoEnum"},"BorderRed":{"type":"integer"},"TextStyle":{"type":"integer"},"TopBorderLineThickness":{"type":"integer"},"ReverseSort":{"$ref":"#/definitions/BoYesNoEnum"},"ParentType":{"type":"integer"},"ParentIndex":{"type":"integer"},"BackgroundBlue":{"type":"integer"},"NewPage":{"$ref":"#/definitions/BoYesNoEnum"},"DisplayRepetitiveAreaFooterOnAllPages":{"$ref":"#/definitions/BoYesNoEnum"},"StringLength":{"type":"integer"},"BackgroundRed":{"type":"integer"},"LeftBorderLineThickness":{"type":"integer"},"GroupNumber":{"type":"integer"},"VariableNumber":{"type":"integer"},"BorderGreen":{"type":"integer"},"DataSource":{"$ref":"#/definitions/BoDataSourceEnum"},"TextRed":{"type":"integer"},"TableName":{"type":"string"},"RelateToField":{"type":"string"},"Top":{"type":"integer"},"FontSize":{"type":"integer"},"TextBlue":{"type":"integer"},"FontName":{"type":"string"},"Unique":{"$ref":"#/definitions/BoYesNoEnum"},"BottomBorderLineThickness":{"type":"integer"},"BarCodeStandard":{"$ref":"#/definitions/BoBarCodeStandardEnum"},"DisplayDescription":{"$ref":"#/definitions/BoYesNoEnum"},"ItemIndex":{"type":"integer"},"BorderBlue":{"type":"integer"},"SortLevel":{"type":"integer"},"LinkToField":{"type":"string"},"BackgroundGreen":{"type":"integer"},"StringFiller":{"type":"string"},"ItemNumber":{"type":"integer"},"Visible":{"$ref":"#/definitions/BoYesNoEnum"},"Editable":{"type":"integer"},"Height":{"type":"integer"},"VerticalAlignment":{"$ref":"#/definitions/BoVerticalAlignmentEnum"},"Width":{"type":"integer"},"FieldName":{"type":"string"},"RightBorderLineThickness":{"type":"integer"},"HorizontalAlignment":{"$ref":"#/definitions/BoHorizontalAlignmentEnum"},"HighlightRed":{"type":"integer"},"NumberOfLinesInRepetitiveArea":{"type":"integer"},"PrintAsBarCode":{"$ref":"#/definitions/BoYesNoEnum"},"BlockFontChange":{"$ref":"#/definitions/BoYesNoEnum"},"DuplicateRepetitiveArea":{"$ref":"#/definitions/BoYesNoEnum"},"SetAsGroup":{"$ref":"#/definitions/BoYesNoEnum"},"HideRepetitiveAreaIfEmpty":{"$ref":"#/definitions/BoYesNoEnum"},"HighlightBlue":{"type":"integer"},"FieldIdentifier":{"type":"string"},"ShadowThickness":{"type":"integer"},"RightMargin":{"type":"integer"},"TextGreen":{"type":"integer"},"SortType":{"$ref":"#/definitions/BoSortTypeEnum"},"HighlightGreen":{"type":"integer"},"PictureSize":{"$ref":"#/definitions/BoPictureSizeEnum"},"Type":{"$ref":"#/definitions/BoReportLayoutItemTypeEnum"},"LeftMargin":{"type":"integer"}}},"BoQueryTypeEnum":{"type":"string","enum":["qtRegular","qtWizard"]},"BoBarCodeStandardEnum":{"type":"string","enum":["rlbsCode128","rlbsCode39","rlbsan13"]},"BoSortTypeEnum":{"type":"string","enum":["rlstMoney","rlstDate","rlstAlpha","rlstNumeric"]},"TaxReportFilter":{"type":"object","properties":{}}},"swagger":"3.0","info":{"description":"This is a sample server Petstore server.","title":"Swagger For Service Layer","version":"1.0.0"},"tags":[{"name":"ReportLayoutsService","description":"\n\t\t\tThis API enables you to invoke the interfaces defined on 'ReportLayoutsService'.\n\t\t"}]}