{"basePath":"/b1s/v1/","paths":{"/ReportTypes":{"post":{"produces":["application/json","application/xml"],"description":"\n\t\t\t\t\tCreate an instance of 'ReportTypes' with the given payload of type 'ReportType' in JSON format.\n\t\t\t\t","responses":{"200":{"description":"successful operation"}},"parameters":[{"schema":{"$ref":"#/definitions/ReportType"},"in":"body","name":"body"}],"tags":["ReportTypes"],"consumes":["application/json","application/xml"]},"get":{"produces":["application/json","application/xml"],"description":"\n\t\t\t\t\tRetrieve a collection of 'ReportTypes' with all or some selected properties in the given order by specifying the given filter condition.\n\t\t\t\t","responses":{"200":{"description":"successful operation"}},"parameters":[{"name":"TypeCode","type":"string"},{"name":"TypeName","type":"string"},{"name":"DefaultReportLa","type":"string"}],"tags":["ReportTypes"],"consumes":["application/json","application/xml"]}},"/ReportTypes(id)":{"patch":{"produces":["application/json","application/xml"],"description":"\n\t\t\t\t\tUpdate an instance of 'ReportTypes' with the given payload of type 'ReportType' in JSON format and with the specified id.\n\t\t\t\t","responses":{"200":{"description":"successful operation"}},"parameters":[{"schema":{"$ref":"#/definitions/ReportType"},"in":"body","name":"body"}],"tags":["ReportTypes"],"consumes":["application/json","application/xml"]},"get":{"produces":["application/json","application/xml"],"description":"\n\t\t\t\t\tRetrieve all or some selected properties from an instance of 'ReportTypes' with the given id.\n\t\t\t\t","responses":{"200":{"description":"successful operation"}},"parameters":[{"name":"TypeCode","type":"string"},{"name":"TypeName","type":"string"},{"name":"DefaultReportLayout","type":"string"}],"tags":["ReportTypes"],"consumes":["application/json","application/xml"]},"delete":{"produces":["application/json","application/xml"],"description":"\n\t\t\t\t\tDelete an instance of 'ReportTypes' with the specified id.\n\t\t\t\t","responses":{"200":{"description":"successful operation"}},"parameters":[],"tags":["ReportTypes"],"consumes":["application/json","application/xml"]}}},"host":"slcdemo.cfapps.sap.hana.ondemand.com","schemes":"https","definitions":{"ReportType":{"type":"object","properties":{"TypeName":{"type":"string"},"MenuID":{"type":"string"},"TypeCode":{"type":"string"},"AddonName":{"type":"string"},"AddonFormType":{"type":"string"},"DefaultReportLayout":{"type":"string"}}}},"swagger":"3.0","info":{"description":"This is a sample server Petstore server.","title":"Swagger For Service Layer","version":"1.0.0"},"tags":[{"name":"ReportTypes","description":"\n\t\t\tThis entity enables you to manipulate 'ReportTypes'.\n\t\t"}]}