{"basePath":"/b1s/v1/","paths":{"/ReportFilter":{"post":{"produces":["application/json","application/xml"],"description":"\n\t\t\t\t\tCreate an instance of 'ReportFilter' with the given payload of type 'TaxReportFilter' in JSON format.\n\t\t\t\t","responses":{"200":{"description":"successful operation"}},"parameters":[{"schema":{"$ref":"#/definitions/TaxReportFilter"},"in":"body","name":"body"}],"tags":["ReportFilter"],"consumes":["application/json","application/xml"]},"get":{"produces":["application/json","application/xml"],"description":"\n\t\t\t\t\tRetrieve a collection of 'ReportFilter' with all or some selected properties in the given order by specifying the given filter condition.\n\t\t\t\t","responses":{"200":{"description":"successful operation"}},"parameters":[{"name":"Code","type":"string"},{"name":"Name","type":"string"},{"name":"ReportLa","type":"string"}],"tags":["ReportFilter"],"consumes":["application/json","application/xml"]}},"/ReportFilter(id)":{"patch":{"produces":["application/json","application/xml"],"description":"\n\t\t\t\t\tUpdate an instance of 'ReportFilter' with the given payload of type 'TaxReportFilter' in JSON format and with the specified id.\n\t\t\t\t","responses":{"200":{"description":"successful operation"}},"parameters":[{"schema":{"$ref":"#/definitions/TaxReportFilter"},"in":"body","name":"body"}],"tags":["ReportFilter"],"consumes":["application/json","application/xml"]},"get":{"produces":["application/json","application/xml"],"description":"\n\t\t\t\t\tRetrieve all or some selected properties from an instance of 'ReportFilter' with the given id.\n\t\t\t\t","responses":{"200":{"description":"successful operation"}},"parameters":[{"name":"Code","type":"string"},{"name":"Name","type":"string"},{"name":"ReportLayout","type":"string"}],"tags":["ReportFilter"],"consumes":["application/json","application/xml"]},"delete":{"produces":["application/json","application/xml"],"description":"\n\t\t\t\t\tDelete an instance of 'ReportFilter' with the specified id.\n\t\t\t\t","responses":{"200":{"description":"successful operation"}},"parameters":[],"tags":["ReportFilter"],"consumes":["application/json","application/xml"]}}},"host":"slcdemo.cfapps.sap.hana.ondemand.com","schemes":"https","definitions":{"TaxReportFilterPeriod":{"type":"string","enum":["trfP_NULL","trfP_Year","trfP_Quarter","trfP_Month"]},"TaxReportFilterReportLayoutType":{"type":"string","enum":["trfrlt_DeclarationLayout","trfrlt_RegisterBookLayout"]},"TaxReportFilterQuarterOrDates":{"type":"string","enum":["trfqd_Date","trfqd_Interval"]},"TaxReportFilterApArDocumentType":{"type":"string","enum":["trfadt_APDocuments","trfadt_ARDocuments"]},"BoYesNoEnum":{"type":"string","enum":["tYES","tNO"]},"TaxReportFilterDocumentType":{"type":"string","enum":["trfdt_JournalEntries","trfdt_ARInvoices","trfdt_ChecksforPayment","trfdt_InventoryTransfers","trfdt_ARCreditMemos","trfdt_APDownPayment","trfdt_IncomingPayments","trfdt_OutgoingPayments","trfdt_APInvoices","trfdt_APCreditMemos","trfdt_ARDownPayment"]},"TaxReportSeries":{"type":"object","properties":{"SeriesCode":{"type":"integer"},"DocumentType":{"$ref":"#/definitions/TaxReportFilterDocumentType"}}},"TaxReportGroup":{"type":"object","properties":{"Sum":{"$ref":"#/definitions/BoYesNoEnum"},"Code":{"type":"string"}}},"TaxReportBusinessPartner":{"type":"object","properties":{"Code":{"type":"string"}}},"TaxReportFilterDeclarationType":{"type":"string","enum":["trfdt_Complementary","trfdt_Original","trfdt_Substitute"]},"TaxReportAccount":{"type":"object","properties":{"Code":{"type":"string"}}},"TaxReportFilterType":{"type":"string","enum":["trft_ReconciliationReport","trft_AppendixOP","trft_SalesReport","trft_BoxReport","trft_VATRefundReport","trft_Report347","trft_TaxReport","trft_None","trft_WTReport","trft_AnnualSalesReport","trft_Report349","trft_StampTax"]},"TaxReportDocument":{"type":"object","properties":{"ToNumber":{"type":"integer"},"FromNumber":{"type":"integer"},"DocumentType":{"$ref":"#/definitions/TaxReportFilterDocumentType"}}},"TaxReportFilter":{"type":"object","properties":{"Quarter":{"type":"integer"},"FirstPrintedNumber":{"type":"integer"},"IncludeCustomers":{"description":"BoYesNoEnum","type":"string","enum":["tYES","tNO"]},"IncludeGLAccounts":{"description":"BoYesNoEnum","type":"string","enum":["tYES","tNO"]},"DiplayCreditMemosInSeparateColumn":{"description":"BoYesNoEnum","type":"string","enum":["tYES","tNO"]},"FromNumber":{"type":"integer"},"TaxReportSeriesCollection":{"type":"array","items":{"$ref":"#/definitions/TaxReportSeries"}},"IncludeVendors":{"description":"BoYesNoEnum","type":"string","enum":["tYES","tNO"]},"TaxReportBusinessPartners":{"type":"array","items":{"$ref":"#/definitions/TaxReportBusinessPartner"}},"RoundAmount":{"description":"BoYesNoEnum","type":"string","enum":["tYES","tNO"]},"IncludeDocumentType":{"description":"BoYesNoEnum","type":"string","enum":["tYES","tNO"]},"TaxReportGroups":{"type":"array","items":{"$ref":"#/definitions/TaxReportGroup"}},"TaxReportAccounts":{"type":"array","items":{"$ref":"#/definitions/TaxReportAccount"}},"Name":{"type":"string"},"AppendixOorPSelection":{"description":"BoYesNoEnum","type":"string","enum":["tYES","tNO"]},"IncludeSeriesFilter":{"description":"BoYesNoEnum","type":"string","enum":["tYES","tNO"]},"TaxReportDocuments":{"type":"array","items":{"$ref":"#/definitions/TaxReportDocument"}},"TaxDate":{"description":"BoYesNoEnum","type":"string","enum":["tYES","tNO"]},"Cancellation":{"description":"BoYesNoEnum","type":"string","enum":["tYES","tNO"]},"ReportLayout":{"description":"TaxReportFilterReportLayoutType","type":"string","enum":["trfrlt_DeclarationLayout","trfrlt_RegisterBookLayout"]},"FirstRegisterNumber":{"type":"integer"},"ExcludeWT":{"description":"BoYesNoEnum","type":"string","enum":["tYES","tNO"]},"OpeningAndClosingBalance":{"description":"BoYesNoEnum","type":"string","enum":["tYES","tNO"]},"Period":{"description":"TaxReportFilterPeriod","type":"string","enum":["trfP_NULL","trfP_Year","trfP_Quarter","trfP_Month"]},"DocumentType":{"description":"TaxReportFilterDocumentType","type":"string","enum":["trfdt_JournalEntries","trfdt_ARInvoices","trfdt_ChecksforPayment","trfdt_InventoryTransfers","trfdt_ARCreditMemos","trfdt_APDownPayment","trfdt_IncomingPayments","trfdt_OutgoingPayments","trfdt_APInvoices","trfdt_APCreditMemos","trfdt_ARDownPayment"]},"Sum":{"description":"BoYesNoEnum","type":"string","enum":["tYES","tNO"]},"ShowPaymentsWithDeferredTax":{"description":"BoYesNoEnum","type":"string","enum":["tYES","tNO"]},"Code":{"type":"string"},"ToSeries":{"type":"integer"},"ToNumber":{"type":"integer"},"DeclarationType":{"description":"TaxReportFilterDeclarationType","type":"string","enum":["trfdt_Complementary","trfdt_Original","trfdt_Substitute"]},"FilterType":{"description":"TaxReportFilterType","type":"string","enum":["trft_ReconciliationReport","trft_AppendixOP","trft_SalesReport","trft_BoxReport","trft_VATRefundReport","trft_Report347","trft_TaxReport","trft_None","trft_WTReport","trft_AnnualSalesReport","trft_Report349","trft_StampTax"]},"HideTaxWithoutTransaction":{"description":"BoYesNoEnum","type":"string","enum":["tYES","tNO"]},"Year":{"type":"integer"},"QuarterOrDates":{"description":"TaxReportFilterQuarterOrDates","type":"string","enum":["trfqd_Date","trfqd_Interval"]},"SeriesCode":{"type":"integer"},"FromDate":{"type":"string"},"ToDate":{"type":"string"},"FromSeries":{"type":"integer"}}}},"swagger":"3.0","info":{"description":"This is a sample server Petstore server.","title":"Swagger For Service Layer","version":"1.0.0"},"tags":[{"name":"ReportFilter","description":"\n\t\t\tThis entity enables you to manipulate 'ReportFilter'.\n\t\t"}]}