{"basePath":"/b1s/v1/","paths":{"/ReportFilterService_GetTaxReportFilterList":{"post":{"produces":["application/json","application/xml"],"description":"\n\t\t\t\t\tInvoke the method 'GetTaxReportFilterList' on this service by specifying the payload 'TaxReportFilterParams' in the JSON format.\n\t\t\t\t","responses":{"200":{"description":"successful operation"}},"parameters":[{"schema":{"$ref":"#/definitions/TaxReportFilter"},"in":"body","name":"body"}],"tags":["ReportFilterService"],"consumes":["application/json","application/xml"]}}},"host":"slcdemo.cfapps.sap.hana.ondemand.com","schemes":"https","definitions":{"TaxReportFilterType":{"type":"string","enum":["trft_ReconciliationReport","trft_AppendixOP","trft_SalesReport","trft_BoxReport","trft_VATRefundReport","trft_Report347","trft_TaxReport","trft_None","trft_WTReport","trft_AnnualSalesReport","trft_Report349","trft_StampTax"]},"TaxReportFilterParams":{"type":"object","properties":{"FilterType":{"$ref":"#/definitions/TaxReportFilterType"},"Code":{"type":"integer"},"Name":{"type":"string"}}},"TaxReportFilter":{"type":"object","properties":{}}},"swagger":"3.0","info":{"description":"This is a sample server Petstore server.","title":"Swagger For Service Layer","version":"1.0.0"},"tags":[{"name":"ReportFilterService","description":"\n\t\t\tThis API enables you to invoke the interfaces defined on 'ReportFilterService'.\n\t\t"}]}