{"basePath":"/b1s/v1/","paths":{"/ReportTypesService_GetReportTypeList":{"post":{"produces":["application/json","application/xml"],"description":"\n\t\t\t\t\tInvoke the method 'GetReportTypeList' on this service.\n\t\t\t\t","responses":{"200":{"description":"successful operation"}},"parameters":[{"schema":{"$ref":"#/definitions/ReportType"},"in":"body","name":"body"}],"tags":["ReportTypesService"],"consumes":["application/json","application/xml"]}}},"host":"slcdemo.cfapps.sap.hana.ondemand.com","schemes":"https","definitions":{"ReportType":{"type":"object","properties":{}}},"swagger":"3.0","info":{"description":"This is a sample server Petstore server.","title":"Swagger For Service Layer","version":"1.0.0"},"tags":[{"name":"ReportTypesService","description":"\n\t\t\tThis API enables you to invoke the interfaces defined on 'ReportTypesService'.\n\t\t"}]}