{"basePath":"/b1s/v1/","paths":{"/ResourceCapacitiesService_GetList":{"post":{"produces":["application/json","application/xml"],"description":"Invoke the method 'GetList' on this service.","responses":{"200":{"description":"successful operation"}},"parameters":[{"schema":{"$ref":"#/definitions/ResourceCapacity"},"in":"body","name":"body"}],"tags":["ResourceCapacitiesService"],"consumes":["application/json","application/xml"]}},"/ResourceCapacitiesService_GetListWithFilter":{"post":{"produces":["application/json","application/xml"],"description":"Invoke the method 'GetListWithFilter' on this service by specifying the payload 'ResourceCapacityWithFilterParams' in the JSON format.","responses":{"200":{"description":"successful operation"}},"parameters":[{"schema":{"$ref":"#/definitions/ResourceCapacity"},"in":"body","name":"body"}],"tags":["ResourceCapacitiesService"],"consumes":["application/json","application/xml"]}}},"host":"slcdemo.cfapps.sap.hana.ondemand.com","schemes":"https","definitions":{"ResourceCapacity":{"type":"object","properties":{}},"ResourceCapacityWithFilterParams":{"type":"object","properties":{"Warehouse":{"type":"string"},"Type":{"$ref":"#/definitions/ResourceCapacityTypeEnum"},"Code":{"type":"string"},"Date":{"type":"string"}}},"ResourceCapacityTypeEnum":{"type":"string","enum":["rctConsumed","rctCommitted","rctOrdered","rctInternal"]}},"swagger":"3.0","info":{"description":"This is a sample server Petstore server.","title":"Swagger For Service Layer","version":"1.0.0"},"tags":[{"name":"ResourceCapacitiesService","description":"This API enables you to invoke the interfaces defined on 'ResourceCapacitiesService'."}]}