{"basePath":"/b1s/v1/","paths":{"/ResourceCapacities(id)":{"patch":{"produces":["application/json","application/xml"],"description":"Update an instance of 'ResourceCapacities' with the given payload of type 'ResourceCapacity' in JSON format and with the specified id.","responses":{"200":{"description":"successful operation"}},"parameters":[{"schema":{"$ref":"#/definitions/ResourceCapacity"},"in":"body","name":"body"}],"tags":["ResourceCapacities"],"consumes":["application/json","application/xml"]},"get":{"produces":["application/json","application/xml"],"description":"Retrieve all or some selected properties from an instance of 'ResourceCapacities' with the given id.","responses":{"200":{"description":"successful operation"}},"parameters":[{"name":"Id","type":"string"},{"name":"Code","type":"string"},{"name":"Warehouse","type":"string"}],"tags":["ResourceCapacities"],"consumes":["application/json","application/xml"]},"delete":{"produces":["application/json","application/xml"],"description":"Delete an instance of 'ResourceCapacities' with the specified id.","responses":{"200":{"description":"successful operation"}},"parameters":[],"tags":["ResourceCapacities"],"consumes":["application/json","application/xml"]}},"/ResourceCapacities":{"post":{"produces":["application/json","application/xml"],"description":"Create an instance of 'ResourceCapacities' with the given payload of type 'ResourceCapacity' in JSON format.","responses":{"200":{"description":"successful operation"}},"parameters":[{"schema":{"$ref":"#/definitions/ResourceCapacity"},"in":"body","name":"body"}],"tags":["ResourceCapacities"],"consumes":["application/json","application/xml"]},"get":{"produces":["application/json","application/xml"],"description":"Retrieve a collection of 'ResourceCapacities' with all or some selected properties in the given order by specifying the given filter condition.","responses":{"200":{"description":"successful operation"}},"parameters":[{"name":"Id","type":"string"},{"name":"Code","type":"string"},{"name":"Wareh","type":"string"}],"tags":["ResourceCapacities"],"consumes":["application/json","application/xml"]}}},"host":"slcdemo.cfapps.sap.hana.ondemand.com","schemes":"https","definitions":{"ResourceCapacityActionEnum":{"type":"string","enum":["rcaProductionOrderUpdateLine","rcaProductionOrderAddLine","rcaReceiptFromProductionCreate","rcaProductionOrderClose","rcaIssueForProductionCreate","rcaProductionOrderCreate","rcaUnknown","rcaProductionOrderReschedule","rcaProductionOrderDeleteLine"]},"ResourceCapacityOwningTypeEnum":{"type":"string","enum":["rcotProductionOrder","rcotReceiptFromProduction","rcotNone","rcotIssueForProduction"]},"ResourceCapacity":{"type":"object","properties":{"RevertedEntry":{"type":"integer"},"Warehouse":{"type":"string"},"Action":{"description":"ResourceCapacityActionEnum","type":"string","enum":["rcaProductionOrderUpdateLine","rcaProductionOrderAddLine","rcaReceiptFromProductionCreate","rcaProductionOrderClose","rcaIssueForProductionCreate","rcaProductionOrderCreate","rcaUnknown","rcaProductionOrderReschedule","rcaProductionOrderDeleteLine"]},"BaseLineNum":{"type":"integer"},"SourceType":{"description":"ResourceCapacitySourceTypeEnum","type":"string","enum":["rcstReceiptFromProduction","rcstIssueForProduction","rcstProductionOrder","rcstNone"]},"OwningType":{"description":"ResourceCapacityOwningTypeEnum","type":"string","enum":["rcotProductionOrder","rcotReceiptFromProduction","rcotNone","rcotIssueForProduction"]},"MemoSource":{"description":"ResourceCapacityMemoSourceEnum","type":"string","enum":["rcmsSetDailyInternalCapacitiesForm","rcmsUnknown","rcmsResourceCapacityForm"]},"RevertedType":{"description":"ResourceCapacityRevertedTypeEnum","type":"string","enum":["rcrtIssueForProduction","rcrtNone"]},"Code":{"type":"string"},"Date":{"type":"string"},"Type":{"description":"ResourceCapacityTypeEnum","type":"string","enum":["rctConsumed","rctCommitted","rctOrdered","rctInternal"]},"RevertedLineNum":{"type":"integer"},"Capacity":{"type":"number"},"BaseType":{"description":"ResourceCapacityBaseTypeEnum","type":"string","enum":["rcbtProductionOrder","rcbtNone"]},"SourceEntry":{"type":"integer"},"SourceLineNum":{"type":"integer"},"Id":{"type":"integer"},"OwningEntry":{"type":"integer"},"BaseEntry":{"type":"integer"},"OwningLineNum":{"type":"integer"},"Memo":{"type":"string"}}},"ResourceCapacityBaseTypeEnum":{"type":"string","enum":["rcbtProductionOrder","rcbtNone"]},"ResourceCapacityRevertedTypeEnum":{"type":"string","enum":["rcrtIssueForProduction","rcrtNone"]},"ResourceCapacityMemoSourceEnum":{"type":"string","enum":["rcmsSetDailyInternalCapacitiesForm","rcmsUnknown","rcmsResourceCapacityForm"]},"ResourceCapacitySourceTypeEnum":{"type":"string","enum":["rcstReceiptFromProduction","rcstIssueForProduction","rcstProductionOrder","rcstNone"]},"ResourceCapacityTypeEnum":{"type":"string","enum":["rctConsumed","rctCommitted","rctOrdered","rctInternal"]}},"swagger":"3.0","info":{"description":"This is a sample server Petstore server.","title":"Swagger For Service Layer","version":"1.0.0"},"tags":[{"name":"ResourceCapacities","description":"This entity enables you to manipulate 'ResourceCapacities'."}]}