{"basePath":"/b1s/v1/","paths":{"/ResourceGroups":{"post":{"produces":["application/json","application/xml"],"description":"Create an instance of 'ResourceGroups' with the given payload of type 'ResourceGroup' in JSON format.","responses":{"200":{"description":"successful operation"}},"parameters":[{"schema":{"$ref":"#/definitions/ResourceGroup"},"in":"body","name":"body"}],"tags":["ResourceGroups"],"consumes":["application/json","application/xml"]},"get":{"produces":["application/json","application/xml"],"description":"Retrieve a collection of 'ResourceGroups' with all or some selected properties in the given order by specifying the given filter condition.","responses":{"200":{"description":"successful operation"}},"parameters":[{"name":"Code","type":"string"},{"name":"Name","type":"string"}],"tags":["ResourceGroups"],"consumes":["application/json","application/xml"]}},"/ResourceGroups(id)":{"patch":{"produces":["application/json","application/xml"],"description":"Update an instance of 'ResourceGroups' with the given payload of type 'ResourceGroup' in JSON format and with the specified id.","responses":{"200":{"description":"successful operation"}},"parameters":[{"schema":{"$ref":"#/definitions/ResourceGroup"},"in":"body","name":"body"}],"tags":["ResourceGroups"],"consumes":["application/json","application/xml"]},"get":{"produces":["application/json","application/xml"],"description":"Retrieve all or some selected properties from an instance of 'ResourceGroups' with the given id.","responses":{"200":{"description":"successful operation"}},"parameters":[{"name":"Code","type":"string"},{"name":"Name","type":"string"},{"name":"Type","type":"string"}],"tags":["ResourceGroups"],"consumes":["application/json","application/xml"]},"delete":{"produces":["application/json","application/xml"],"description":"Delete an instance of 'ResourceGroups' with the specified id.","responses":{"200":{"description":"successful operation"}},"parameters":[],"tags":["ResourceGroups"],"consumes":["application/json","application/xml"]}}},"host":"slcdemo.cfapps.sap.hana.ondemand.com","schemes":"https","definitions":{"ResourceTypeEnum":{"type":"string","enum":["rtLabor","rtMachine","rtOther"]},"ResourceGroup":{"type":"object","properties":{"Cost1":{"type":"number"},"Cost2":{"type":"number"},"Cost3":{"type":"number"},"CostName9":{"type":"string"},"Cost4":{"type":"number"},"CostName8":{"type":"string"},"Cost9":{"type":"number"},"Cost10":{"type":"number"},"Cost5":{"type":"number"},"Code":{"type":"integer"},"Cost6":{"type":"number"},"Cost7":{"type":"number"},"Name":{"type":"string"},"Cost8":{"type":"number"},"Type":{"description":"ResourceTypeEnum","type":"string","enum":["rtLabor","rtMachine","rtOther"]},"CostName10":{"type":"string"},"CostName3":{"type":"string"},"CostName2":{"type":"string"},"CostName1":{"type":"string"},"NumOfUnitsText":{"type":"string"},"CostName7":{"type":"string"},"CostName6":{"type":"string"},"CostName5":{"type":"string"},"CostName4":{"type":"string"}}}},"swagger":"3.0","info":{"description":"This is a sample server Petstore server.","title":"Swagger For Service Layer","version":"1.0.0"},"tags":[{"name":"ResourceGroups","description":"This entity enables you to manipulate 'ResourceGroups'."}]}