{"basePath":"/b1s/v1/","paths":{"/ResourceProperties":{"get":{"produces":["application/json","application/xml"],"description":"Retrieve a collection of 'ResourceProperties' with all or some selected properties in the given order by specifying the given filter condition.","responses":{"200":{"description":"successful operation"}},"parameters":[{"name":"Code","type":"string"}],"tags":["ResourceProperties"],"consumes":["application/json","application/xml"]}},"/ResourceProperties(id)":{"patch":{"produces":["application/json","application/xml"],"description":"Update an instance of 'ResourceProperties' with the given payload of type 'ResourceProperty' in JSON format and with the specified id.","responses":{"200":{"description":"successful operation"}},"parameters":[{"schema":{"$ref":"#/definitions/ResourceProperty"},"in":"body","name":"body"}],"tags":["ResourceProperties"],"consumes":["application/json","application/xml"]},"get":{"produces":["application/json","application/xml"],"description":"Retrieve all or some selected properties from an instance of 'ResourceProperties' with the given id.","responses":{"200":{"description":"successful operation"}},"parameters":[{"name":"Code","type":"string"},{"name":"Name","type":"string"}],"tags":["ResourceProperties"],"consumes":["application/json","application/xml"]}}},"host":"slcdemo.cfapps.sap.hana.ondemand.com","schemes":"https","definitions":{"ResourceProperty":{"type":"object","properties":{"Code":{"type":"integer"},"Name":{"type":"string"}}}},"swagger":"3.0","info":{"description":"This is a sample server Petstore server.","title":"Swagger For Service Layer","version":"1.0.0"},"tags":[{"name":"ResourceProperties","description":"This entity enables you to manipulate 'ResourceProperties'."}]}