{"basePath":"/b1s/v1/","paths":{"/Resources(id)/CreateLinkedItem":{"post":{"produces":["application/json","application/xml"],"description":"Invoke the method 'CreateLinkedItem' on this EntitySet with the specified id.","responses":{"200":{"description":"successful operation"}},"parameters":[{"schema":{"$ref":"#/definitions/Resource"},"in":"body","name":"body"}],"tags":["Resources"],"consumes":["application/json","application/xml"]}},"/Resources":{"post":{"produces":["application/json","application/xml"],"description":"Create an instance of 'Resources' with the given payload of type 'Resource' in JSON format.","responses":{"200":{"description":"successful operation"}},"parameters":[{"schema":{"$ref":"#/definitions/Resource"},"in":"body","name":"body"}],"tags":["Resources"],"consumes":["application/json","application/xml"]},"get":{"produces":["application/json","application/xml"],"description":"Retrieve a collection of 'Resources' with all or some selected properties in the given order by specifying the given filter condition.","responses":{"200":{"description":"successful operation"}},"parameters":[{"name":"Code","type":"string"},{"name":"VisCode","type":"string"},{"name":"Se","type":"string"}],"tags":["Resources"],"consumes":["application/json","application/xml"]}},"/Resources(id)":{"patch":{"produces":["application/json","application/xml"],"description":"Update an instance of 'Resources' with the given payload of type 'Resource' in JSON format and with the specified id.","responses":{"200":{"description":"successful operation"}},"parameters":[{"schema":{"$ref":"#/definitions/Resource"},"in":"body","name":"body"}],"tags":["Resources"],"consumes":["application/json","application/xml"]},"get":{"produces":["application/json","application/xml"],"description":"Retrieve all or some selected properties from an instance of 'Resources' with the given id.","responses":{"200":{"description":"successful operation"}},"parameters":[{"name":"Code","type":"string"},{"name":"VisCode","type":"string"},{"name":"Series","type":"string"}],"tags":["Resources"],"consumes":["application/json","application/xml"]},"delete":{"produces":["application/json","application/xml"],"description":"Delete an instance of 'Resources' with the specified id.","responses":{"200":{"description":"successful operation"}},"parameters":[],"tags":["Resources"],"consumes":["application/json","application/xml"]}}},"host":"slcdemo.cfapps.sap.hana.ondemand.com","schemes":"https","definitions":{"ResourceTypeEnum":{"type":"string","enum":["rtLabor","rtMachine","rtOther"]},"ResourceDailyCapacity":{"type":"object","properties":{"Factor2":{"type":"number"},"Weekday":{"$ref":"#/definitions/ResourceDailyCapacityWeekdayEnum"},"Factor1":{"type":"number"},"Remarks":{"type":"string"},"Factor4":{"type":"number"},"Factor3":{"type":"number"},"Total":{"type":"number"},"Code":{"type":"string"}}},"ResourceDailyCapacityWeekdayEnum":{"type":"string","enum":["rdcwSeventh","rdcwFirst","rdcwFourth","rdcwThird","rdcwSecond","rdcwFifth","rdcwSixth"]},"Resource":{"type":"object","properties":{"Cost1":{"type":"number"},"Cost2":{"type":"number"},"Cost3":{"type":"number"},"Cost4":{"type":"number"},"Cost9":{"type":"number"},"ResourceWarehouses":{"type":"array","items":{"$ref":"#/definitions/ResourceWarehouse"}},"DefaultWarehouse":{"type":"string"},"Cost5":{"type":"number"},"Cost6":{"type":"number"},"Cost7":{"type":"number"},"Cost8":{"type":"number"},"Picture":{"type":"string"},"IssueMethod":{"description":"ResourceIssueMethodEnum","type":"string","enum":["rimBackflush","rimManual"]},"Code":{"type":"string"},"ResourceEmployees":{"type":"array","items":{"$ref":"#/definitions/ResourceEmployee"}},"Employee":{"type":"string"},"LinkedItem":{"type":"string"},"Group":{"type":"integer"},"Property19":{"description":"BoYesNoEnum","type":"string","enum":["tYES","tNO"]},"Property18":{"description":"BoYesNoEnum","type":"string","enum":["tYES","tNO"]},"Property17":{"description":"BoYesNoEnum","type":"string","enum":["tYES","tNO"]},"Property16":{"description":"BoYesNoEnum","type":"string","enum":["tYES","tNO"]},"Property15":{"description":"BoYesNoEnum","type":"string","enum":["tYES","tNO"]},"Property14":{"description":"BoYesNoEnum","type":"string","enum":["tYES","tNO"]},"Property13":{"description":"BoYesNoEnum","type":"string","enum":["tYES","tNO"]},"Property12":{"description":"BoYesNoEnum","type":"string","enum":["tYES","tNO"]},"ForeignName":{"type":"string"},"Property11":{"description":"BoYesNoEnum","type":"string","enum":["tYES","tNO"]},"Property10":{"description":"BoYesNoEnum","type":"string","enum":["tYES","tNO"]},"ResourceDailyCapacities":{"type":"array","items":{"$ref":"#/definitions/ResourceDailyCapacity"}},"Weekday":{"description":"ResourceDailyCapacityWeekdayEnum","type":"string","enum":["rdcwSeventh","rdcwFirst","rdcwFourth","rdcwThird","rdcwSecond","rdcwFifth","rdcwSixth"]},"Property29":{"description":"BoYesNoEnum","type":"string","enum":["tYES","tNO"]},"Property28":{"description":"BoYesNoEnum","type":"string","enum":["tYES","tNO"]},"Property27":{"description":"BoYesNoEnum","type":"string","enum":["tYES","tNO"]},"Property26":{"description":"BoYesNoEnum","type":"string","enum":["tYES","tNO"]},"ActiveTo":{"type":"string"},"Property25":{"description":"BoYesNoEnum","type":"string","enum":["tYES","tNO"]},"Property24":{"description":"BoYesNoEnum","type":"string","enum":["tYES","tNO"]},"Property23":{"description":"BoYesNoEnum","type":"string","enum":["tYES","tNO"]},"Cost10":{"type":"number"},"Property22":{"description":"BoYesNoEnum","type":"string","enum":["tYES","tNO"]},"Property21":{"description":"BoYesNoEnum","type":"string","enum":["tYES","tNO"]},"Property20":{"description":"BoYesNoEnum","type":"string","enum":["tYES","tNO"]},"InactiveFrom":{"type":"string"},"ActiveFrom":{"type":"string"},"Type":{"description":"ResourceTypeEnum","type":"string","enum":["rtLabor","rtMachine","rtOther"]},"InactiveRemarks":{"type":"string"},"UnitsPerTime":{"type":"integer"},"ResourceFixedAssets":{"type":"array","items":{"$ref":"#/definitions/ResourceFixedAsset"}},"Property4":{"description":"BoYesNoEnum","type":"string","enum":["tYES","tNO"]},"Factor2":{"type":"number"},"Property3":{"description":"BoYesNoEnum","type":"string","enum":["tYES","tNO"]},"Factor1":{"type":"number"},"Property2":{"description":"BoYesNoEnum","type":"string","enum":["tYES","tNO"]},"Property1":{"description":"BoYesNoEnum","type":"string","enum":["tYES","tNO"]},"Property39":{"description":"BoYesNoEnum","type":"string","enum":["tYES","tNO"]},"Property38":{"description":"BoYesNoEnum","type":"string","enum":["tYES","tNO"]},"Property37":{"description":"BoYesNoEnum","type":"string","enum":["tYES","tNO"]},"Factor4":{"type":"number"},"Property36":{"description":"BoYesNoEnum","type":"string","enum":["tYES","tNO"]},"Factor3":{"type":"number"},"Property35":{"description":"BoYesNoEnum","type":"string","enum":["tYES","tNO"]},"Property34":{"description":"BoYesNoEnum","type":"string","enum":["tYES","tNO"]},"Property33":{"description":"BoYesNoEnum","type":"string","enum":["tYES","tNO"]},"Property32":{"description":"BoYesNoEnum","type":"string","enum":["tYES","tNO"]},"Property31":{"description":"BoYesNoEnum","type":"string","enum":["tYES","tNO"]},"Property30":{"description":"BoYesNoEnum","type":"string","enum":["tYES","tNO"]},"ActiveRemarks":{"type":"string"},"Name":{"type":"string"},"Remarks":{"type":"string"},"CodeBar":{"type":"string"},"UnitOfMeasure":{"type":"string"},"Property49":{"description":"BoYesNoEnum","type":"string","enum":["tYES","tNO"]},"Property48":{"description":"BoYesNoEnum","type":"string","enum":["tYES","tNO"]},"TimePerUnits":{"type":"integer"},"Property47":{"description":"BoYesNoEnum","type":"string","enum":["tYES","tNO"]},"Property46":{"description":"BoYesNoEnum","type":"string","enum":["tYES","tNO"]},"Property45":{"description":"BoYesNoEnum","type":"string","enum":["tYES","tNO"]},"Property44":{"description":"BoYesNoEnum","type":"string","enum":["tYES","tNO"]},"Property43":{"description":"BoYesNoEnum","type":"string","enum":["tYES","tNO"]},"Property42":{"description":"BoYesNoEnum","type":"string","enum":["tYES","tNO"]},"Property41":{"description":"BoYesNoEnum","type":"string","enum":["tYES","tNO"]},"Property40":{"description":"BoYesNoEnum","type":"string","enum":["tYES","tNO"]},"Active":{"description":"BoYesNoEnum","type":"string","enum":["tYES","tNO"]},"Property9":{"description":"BoYesNoEnum","type":"string","enum":["tYES","tNO"]},"Property8":{"description":"BoYesNoEnum","type":"string","enum":["tYES","tNO"]},"Property7":{"description":"BoYesNoEnum","type":"string","enum":["tYES","tNO"]},"Property6":{"description":"BoYesNoEnum","type":"string","enum":["tYES","tNO"]},"Property5":{"description":"BoYesNoEnum","type":"string","enum":["tYES","tNO"]},"InactiveTo":{"type":"string"},"Warehouse":{"type":"string"},"ItemCode":{"type":"string"},"Property59":{"description":"BoYesNoEnum","type":"string","enum":["tYES","tNO"]},"Property58":{"description":"BoYesNoEnum","type":"string","enum":["tYES","tNO"]},"Property57":{"description":"BoYesNoEnum","type":"string","enum":["tYES","tNO"]},"Property56":{"description":"BoYesNoEnum","type":"string","enum":["tYES","tNO"]},"Property55":{"description":"BoYesNoEnum","type":"string","enum":["tYES","tNO"]},"Property54":{"description":"BoYesNoEnum","type":"string","enum":["tYES","tNO"]},"Property53":{"description":"BoYesNoEnum","type":"string","enum":["tYES","tNO"]},"Property52":{"description":"BoYesNoEnum","type":"string","enum":["tYES","tNO"]},"Property51":{"description":"BoYesNoEnum","type":"string","enum":["tYES","tNO"]},"Property50":{"description":"BoYesNoEnum","type":"string","enum":["tYES","tNO"]},"Locked":{"description":"BoYesNoEnum","type":"string","enum":["tYES","tNO"]},"Number":{"type":"integer"},"Allocation":{"description":"ResourceAllocationEnum","type":"string","enum":["raOnEndDate","raStartDateForwards","raEndDateBackwards","raOnStartDate"]},"Inactive":{"description":"BoYesNoEnum","type":"string","enum":["tYES","tNO"]},"AttachmentEntry":{"type":"integer"},"Property64":{"description":"BoYesNoEnum","type":"string","enum":["tYES","tNO"]},"Property63":{"description":"BoYesNoEnum","type":"string","enum":["tYES","tNO"]},"Property62":{"description":"BoYesNoEnum","type":"string","enum":["tYES","tNO"]},"Property61":{"description":"BoYesNoEnum","type":"string","enum":["tYES","tNO"]},"Property60":{"description":"BoYesNoEnum","type":"string","enum":["tYES","tNO"]},"Series":{"type":"integer"},"VisCode":{"type":"string"},"Total":{"type":"number"}}},"ResourceFixedAsset":{"type":"object","properties":{"ItemCode":{"type":"string"},"Code":{"type":"string"}}},"ResourceIssueMethodEnum":{"type":"string","enum":["rimBackflush","rimManual"]},"ResourceEmployee":{"type":"object","properties":{"Employee":{"type":"string"},"Code":{"type":"string"}}},"ResourceAllocationEnum":{"type":"string","enum":["raOnEndDate","raStartDateForwards","raEndDateBackwards","raOnStartDate"]},"ResourceWarehouse":{"type":"object","properties":{"Locked":{"$ref":"#/definitions/BoYesNoEnum"},"Warehouse":{"type":"string"},"Code":{"type":"string"}}},"BoYesNoEnum":{"type":"string","enum":["tYES","tNO"]}},"swagger":"3.0","info":{"description":"This is a sample server Petstore server.","title":"Swagger For Service Layer","version":"1.0.0"},"tags":[{"name":"Resources","description":"This entity enables you to manipulate 'Resources'."}]}