{"basePath":"/b1s/v1/","paths":{"/RetornoCodes":{"post":{"produces":["application/json","application/xml"],"description":"Create an instance of 'RetornoCodes' with the given payload of type 'RetornoCode' in JSON format.","responses":{"200":{"description":"successful operation"}},"parameters":[{"schema":{"$ref":"#/definitions/RetornoCode"},"in":"body","name":"body"}],"tags":["RetornoCodes"],"consumes":["application/json","application/xml"]},"get":{"produces":["application/json","application/xml"],"description":"Retrieve a collection of 'RetornoCodes' with all or some selected properties in the given order by specifying the given filter condition.","responses":{"200":{"description":"successful operation"}},"parameters":[{"name":"AbsEntry","type":"string"},{"name":"OccurenceCode","type":"string"},{"name":"Movement","type":"string"}],"tags":["RetornoCodes"],"consumes":["application/json","application/xml"]}},"/RetornoCodes(id)":{"patch":{"produces":["application/json","application/xml"],"description":"Update an instance of 'RetornoCodes' with the given payload of type 'RetornoCode' in JSON format and with the specified id.","responses":{"200":{"description":"successful operation"}},"parameters":[{"schema":{"$ref":"#/definitions/RetornoCode"},"in":"body","name":"body"}],"tags":["RetornoCodes"],"consumes":["application/json","application/xml"]},"get":{"produces":["application/json","application/xml"],"description":"Retrieve all or some selected properties from an instance of 'RetornoCodes' with the given id.","responses":{"200":{"description":"successful operation"}},"parameters":[{"name":"AbsEntry","type":"string"},{"name":"OccurenceCode","type":"string"},{"name":"MovementCode","type":"string"}],"tags":["RetornoCodes"],"consumes":["application/json","application/xml"]},"delete":{"produces":["application/json","application/xml"],"description":"Delete an instance of 'RetornoCodes' with the specified id.","responses":{"200":{"description":"successful operation"}},"parameters":[],"tags":["RetornoCodes"],"consumes":["application/json","application/xml"]}}},"host":"slcdemo.cfapps.sap.hana.ondemand.com","schemes":"https","definitions":{"BoBoeStatus":{"type":"string","enum":["boes_Failed","boes_Cancelled","boes_Deposited","boes_Closed","boes_Created","boes_Sent","boes_Paid"]},"RetornoCode":{"type":"object","properties":{"MovementCode":{"type":"integer"},"Description":{"type":"string"},"OccurenceCode":{"type":"integer"},"BoeStatus":{"description":"BoBoeStatus","type":"string","enum":["boes_Failed","boes_Cancelled","boes_Deposited","boes_Closed","boes_Created","boes_Sent","boes_Paid"]},"Color":{"type":"integer"},"BankCode":{"type":"string"},"AbsEntry":{"type":"integer"},"FileFormat":{"type":"string"}}}},"swagger":"3.0","info":{"description":"This is a sample server Petstore server.","title":"Swagger For Service Layer","version":"1.0.0"},"tags":[{"name":"RetornoCodes","description":"This entity enables you to manipulate 'RetornoCodes'."}]}