{"basePath":"/b1s/v1/","paths":{"/SalesPersons(id)":{"patch":{"produces":["application/json","application/xml"],"description":"Update an instance of 'SalesPersons' with the given payload of type 'SalesPerson' in JSON format and with the specified id.","responses":{"200":{"description":"successful operation"}},"parameters":[{"schema":{"$ref":"#/definitions/SalesPerson"},"in":"body","name":"body"}],"tags":["SalesPersons"],"consumes":["application/json","application/xml"]},"get":{"produces":["application/json","application/xml"],"description":"Retrieve all or some selected properties from an instance of 'SalesPersons' with the given id.","responses":{"200":{"description":"successful operation"}},"parameters":[{"name":"SalesEmployeeCode","type":"string"},{"name":"SalesEmployeeName","type":"string"},{"name":"Remarks","type":"string"}],"tags":["SalesPersons"],"consumes":["application/json","application/xml"]},"delete":{"produces":["application/json","application/xml"],"description":"Delete an instance of 'SalesPersons' with the specified id.","responses":{"200":{"description":"successful operation"}},"parameters":[],"tags":["SalesPersons"],"consumes":["application/json","application/xml"]}},"/SalesPersons":{"post":{"produces":["application/json","application/xml"],"description":"Create an instance of 'SalesPersons' with the given payload of type 'SalesPerson' in JSON format.","responses":{"200":{"description":"successful operation"}},"parameters":[{"schema":{"$ref":"#/definitions/SalesPerson"},"in":"body","name":"body"}],"tags":["SalesPersons"],"consumes":["application/json","application/xml"]},"get":{"produces":["application/json","application/xml"],"description":"Retrieve a collection of 'SalesPersons' with all or some selected properties in the given order by specifying the given filter condition.","responses":{"200":{"description":"successful operation"}},"parameters":[{"name":"SalesEmployeeCode","type":"string"},{"name":"SalesEmployeeName","type":"string"},{"name":"Rem","type":"string"}],"tags":["SalesPersons"],"consumes":["application/json","application/xml"]}}},"host":"slcdemo.cfapps.sap.hana.ondemand.com","schemes":"https","definitions":{"SalesPerson":{"type":"object","properties":{"Locked":{"description":"BoYesNoEnum","type":"string","enum":["tYES","tNO"]},"Active":{"description":"BoYesNoEnum","type":"string","enum":["tYES","tNO"]},"SalesEmployeeCode":{"type":"integer"},"Remarks":{"type":"string"},"CommissionGroup":{"type":"integer"},"SalesEmployeeName":{"type":"string"},"EmployeeID":{"type":"integer"},"CommissionForSalesEmployee":{"type":"number"}}},"BoYesNoEnum":{"type":"string","enum":["tYES","tNO"]}},"swagger":"3.0","info":{"description":"This is a sample server Petstore server.","title":"Swagger For Service Layer","version":"1.0.0"},"tags":[{"name":"SalesPersons","description":"This entity enables you to manipulate 'SalesPersons'. It defines sales employees and their commission rates."}]}