{"basePath":"/b1s/v1/","paths":{"/SalesOpportunities(id)":{"patch":{"produces":["application/json","application/xml"],"description":"Update an instance of 'SalesOpportunities' with the given payload of type 'SalesOpportunities' in JSON format and with the specified id.","responses":{"200":{"description":"successful operation"}},"parameters":[{"schema":{"$ref":"#/definitions/SalesOpportunities"},"in":"body","name":"body"}],"tags":["SalesOpportunities"],"consumes":["application/json","application/xml"]},"get":{"produces":["application/json","application/xml"],"description":"Retrieve all or some selected properties from an instance of 'SalesOpportunities' with the given id.","responses":{"200":{"description":"successful operation"}},"parameters":[{"name":"SequentialNo","type":"string"},{"name":"CardCode","type":"string"},{"name":"SalesPerson","type":"string"}],"tags":["SalesOpportunities"],"consumes":["application/json","application/xml"]},"delete":{"produces":["application/json","application/xml"],"description":"Delete an instance of 'SalesOpportunities' with the specified id.","responses":{"200":{"description":"successful operation"}},"parameters":[],"tags":["SalesOpportunities"],"consumes":["application/json","application/xml"]}},"/SalesOpportunities":{"post":{"produces":["application/json","application/xml"],"description":"Create an instance of 'SalesOpportunities' with the given payload of type 'SalesOpportunities' in JSON format.","responses":{"200":{"description":"successful operation"}},"parameters":[{"schema":{"$ref":"#/definitions/SalesOpportunities"},"in":"body","name":"body"}],"tags":["SalesOpportunities"],"consumes":["application/json","application/xml"]},"get":{"produces":["application/json","application/xml"],"description":"Retrieve a collection of 'SalesOpportunities' with all or some selected properties in the given order by specifying the given filter condition.","responses":{"200":{"description":"successful operation"}},"parameters":[{"name":"SequentialNo","type":"string"},{"name":"CardCode","type":"string"},{"name":"SalesPe","type":"string"}],"tags":["SalesOpportunities"],"consumes":["application/json","application/xml"]}},"/SalesOpportunities(id)/Close":{"post":{"produces":["application/json","application/xml"],"description":"Invoke the method 'Close' on this EntitySet with the specified id.","responses":{"200":{"description":"successful operation"}},"parameters":[{"schema":{"$ref":"#/definitions/SalesOpportunities"},"in":"body","name":"body"}],"tags":["SalesOpportunities"],"consumes":["application/json","application/xml"]}}},"host":"slcdemo.cfapps.sap.hana.ondemand.com","schemes":"https","definitions":{"BoSoOsStatus":{"type":"string","enum":["sos_Sold","sos_Open","sos_Missed"]},"SalesOpportunitiesReason":{"type":"object","properties":{"SequenceNo":{"type":"integer"},"RowNo":{"type":"integer"},"Reason":{"type":"integer"}}},"SalesOpportunitiesPartner":{"type":"object","properties":{"SequenceNo":{"type":"integer"},"Partners":{"type":"integer"},"Details":{"type":"string"},"RelationshipCode":{"type":"integer"},"RowNo":{"type":"integer"}}},"SalesOpportunities":{"type":"object","properties":{"InterestLevel":{"type":"integer"},"CurrentStageNumber":{"type":"integer"},"Competition":{"type":"integer"},"BPChanelCode":{"type":"string"},"SequenceNo":{"type":"integer"},"InterestId":{"type":"integer"},"WeightedSumLC":{"type":"number"},"SalesPerson":{"type":"integer"},"WeightedAmountLocal":{"type":"number"},"WeightedAmountSystem":{"type":"number"},"ContactPerson":{"type":"integer"},"BPChannelContact":{"type":"integer"},"StartDate":{"type":"string"},"Industry":{"type":"integer"},"LineNum":{"type":"integer"},"Remarks":{"type":"string"},"StageKey":{"type":"integer"},"PercentageRate":{"type":"number"},"StatusRemarks":{"type":"string"},"MaxSystemTotal":{"type":"number"},"SalesOpportunitiesInterests":{"type":"array","items":{"$ref":"#/definitions/SalesOpportunitiesInterest"}},"Status":{"description":"BoSoStatus","type":"string","enum":["so_Closed","so_Open"]},"UserSignature":{"type":"integer"},"Territory":{"type":"integer"},"SalesOpportunitiesLines":{"type":"array","items":{"$ref":"#/definitions/SalesOpportunitiesLine"}},"MaxLocalTotal":{"type":"number"},"RowNo":{"type":"integer"},"CurrentStageNo":{"type":"integer"},"OpportunityName":{"type":"string"},"Details":{"type":"string"},"ClosingPercentage":{"type":"number"},"WonOrLost":{"type":"string"},"GrossProfitTotalLocal":{"type":"number"},"LinkedDocumentNumber":{"type":"integer"},"InterestField1":{"type":"integer"},"InterestField3":{"type":"integer"},"InterestField2":{"type":"integer"},"LinkedDocumentType":{"type":"string"},"ClosingGrossProfitSystem":{"type":"number"},"Source":{"type":"integer"},"Reason":{"type":"integer"},"ClosingType":{"description":"BoSoClosedInTypes","type":"string","enum":["sos_Weeks","sos_Months","sos_Days"]},"ReasonForClosing":{"type":"integer"},"TotalAmounSystem":{"type":"number"},"RelationshipCode":{"type":"integer"},"SalesOpportunitiesPartners":{"type":"array","items":{"$ref":"#/definitions/SalesOpportunitiesPartner"}},"ProjectCode":{"type":"string"},"SalesOpportunitiesReasons":{"type":"array","items":{"$ref":"#/definitions/SalesOpportunitiesReason"}},"CustomerName":{"type":"string"},"DataOwnershipfield":{"type":"integer"},"SalesOpportunitiesCompetition":{"type":"array","items":{"$ref":"#/definitions/SalesOpportunitiesCompetitionItem"}},"GrossProfit":{"type":"number"},"PrimaryInterest":{"description":"BoYesNoEnum","type":"string","enum":["tYES","tNO"]},"CardCode":{"type":"string"},"DocumentType":{"description":"BoAPARDocumentTypes","type":"string","enum":["bodt_PurchaseCreditNote","bodt_PurchaseDeliveryNote","bodt_Order","bodt_PurchaseOrder","bodt_DeliveryNote","bodt_Quotation","bodt_Return","bodt_PurchaseQutation","bodt_CorrectionAPInvoice","bodt_Invoice","bodt_Zero","bodt_CreditNote","bodt_MinusOne","bodt_PurchaseInvoice","bodt_PurchaseReturn","bodt_CorrectionARInvoice"]},"TotalAmountLocal":{"type":"number"},"WeightedSumSC":{"type":"number"},"BPChanelName":{"type":"string"},"AttachmentEntry":{"type":"integer"},"DocumentNumber":{"type":"integer"},"Contact":{"description":"BoYesNoEnum","type":"string","enum":["tYES","tNO"]},"SequentialNo":{"type":"integer"},"Partners":{"type":"integer"},"PredictedClosingDate":{"type":"string"},"DocumentCheckbox":{"description":"BoYesNoEnum","type":"string","enum":["tYES","tNO"]},"ClosingDate":{"type":"string"},"OpportunityType":{"description":"OpportunityTypeEnum","type":"string","enum":["boOpSales","boOpPurchasing"]},"ClosingGrossProfitLocal":{"type":"number"},"GrossProfitTotalSystem":{"type":"number"}}},"SalesOpportunitiesInterest":{"type":"object","properties":{"SequenceNo":{"type":"integer"},"InterestId":{"type":"integer"},"PrimaryInterest":{"$ref":"#/definitions/BoYesNoEnum"},"RowNo":{"type":"integer"}}},"BoSoStatus":{"type":"string","enum":["so_Closed","so_Open"]},"SalesOpportunitiesCompetitionItem":{"type":"object","properties":{"Competition":{"type":"integer"},"SequenceNo":{"type":"integer"},"Details":{"type":"string"},"WonOrLost":{"type":"string"},"RowNo":{"type":"integer"}}},"BoSoClosedInTypes":{"type":"string","enum":["sos_Weeks","sos_Months","sos_Days"]},"BoAPARDocumentTypes":{"type":"string","enum":["bodt_PurchaseCreditNote","bodt_PurchaseDeliveryNote","bodt_Order","bodt_PurchaseOrder","bodt_DeliveryNote","bodt_Quotation","bodt_Return","bodt_PurchaseQutation","bodt_CorrectionAPInvoice","bodt_Invoice","bodt_Zero","bodt_CreditNote","bodt_MinusOne","bodt_PurchaseInvoice","bodt_PurchaseReturn","bodt_CorrectionARInvoice"]},"SalesOpportunitiesLine":{"type":"object","properties":{"Status":{"$ref":"#/definitions/BoSoStatus"},"BPChanelCode":{"type":"string"},"SequenceNo":{"type":"integer"},"SalesPerson":{"type":"integer"},"WeightedAmountLocal":{"type":"number"},"DocumentType":{"$ref":"#/definitions/BoAPARDocumentTypes"},"MaxLocalTotal":{"type":"number"},"BPChanelName":{"type":"string"},"DocumentNumber":{"type":"integer"},"WeightedAmountSystem":{"type":"number"},"ContactPerson":{"type":"integer"},"Contact":{"$ref":"#/definitions/BoYesNoEnum"},"BPChannelContact":{"type":"integer"},"StartDate":{"type":"string"},"LineNum":{"type":"integer"},"DocumentCheckbox":{"$ref":"#/definitions/BoYesNoEnum"},"StageKey":{"type":"integer"},"Remarks":{"type":"string"},"PercentageRate":{"type":"number"},"ClosingDate":{"type":"string"},"DataOwnershipfield":{"type":"integer"},"MaxSystemTotal":{"type":"number"}}},"OpportunityTypeEnum":{"type":"string","enum":["boOpSales","boOpPurchasing"]},"BoYesNoEnum":{"type":"string","enum":["tYES","tNO"]}},"swagger":"3.0","info":{"description":"This is a sample server Petstore server.","title":"Swagger For Service Layer","version":"1.0.0"},"tags":[{"name":"SalesOpportunities","description":"This entity enables you to manipulate 'SalesOpportunities'. It represents the sales opportunities data in SAP Business One. Sales opportunities include potential sale volumes that may arise from business with customers and interested parties."}]}