{"basePath":"/b1s/v1/","paths":{"/SalesForecast":{"post":{"produces":["application/json","application/xml"],"description":"Create an instance of 'SalesForecast' with the given payload of type 'SalesForecast' in JSON format.","responses":{"200":{"description":"successful operation"}},"parameters":[{"schema":{"$ref":"#/definitions/SalesForecast"},"in":"body","name":"body"}],"tags":["SalesForecast"],"consumes":["application/json","application/xml"]},"get":{"produces":["application/json","application/xml"],"description":"Retrieve a collection of 'SalesForecast' with all or some selected properties in the given order by specifying the given filter condition.","responses":{"200":{"description":"successful operation"}},"parameters":[{"name":"ForecastStartDate","type":"string"},{"name":"ForecastEndDate","type":"string"},{"name":"Forecast","type":"string"}],"tags":["SalesForecast"],"consumes":["application/json","application/xml"]}},"/SalesForecast(id)":{"patch":{"produces":["application/json","application/xml"],"description":"Update an instance of 'SalesForecast' with the given payload of type 'SalesForecast' in JSON format and with the specified id.","responses":{"200":{"description":"successful operation"}},"parameters":[{"schema":{"$ref":"#/definitions/SalesForecast"},"in":"body","name":"body"}],"tags":["SalesForecast"],"consumes":["application/json","application/xml"]},"get":{"produces":["application/json","application/xml"],"description":"Retrieve all or some selected properties from an instance of 'SalesForecast' with the given id.","responses":{"200":{"description":"successful operation"}},"parameters":[{"name":"ForecastStartDate","type":"string"},{"name":"ForecastEndDate","type":"string"},{"name":"ForecastCode","type":"string"}],"tags":["SalesForecast"],"consumes":["application/json","application/xml"]},"delete":{"produces":["application/json","application/xml"],"description":"Delete an instance of 'SalesForecast' with the specified id.","responses":{"200":{"description":"successful operation"}},"parameters":[],"tags":["SalesForecast"],"consumes":["application/json","application/xml"]}}},"host":"slcdemo.cfapps.sap.hana.ondemand.com","schemes":"https","definitions":{"SalesForecastLine":{"type":"object","properties":{"Warehouse":{"type":"string"},"ForecastedDay":{"type":"string"},"ItemNo":{"type":"string"},"Quantity":{"type":"number"}}},"BoForecastViewType":{"type":"string","enum":["fvtWeekly","fvtDaily","fvtMonthly"]},"SalesForecast":{"type":"object","properties":{"ForecastName":{"type":"string"},"Numerator":{"type":"integer"},"SalesForecastLines":{"type":"array","items":{"$ref":"#/definitions/SalesForecastLine"}},"Warehouse":{"type":"string"},"ForecastStartDate":{"type":"string"},"ForecastedDay":{"type":"string"},"ForecastEndDate":{"type":"string"},"ItemNo":{"type":"string"},"ForecastCode":{"type":"string"},"Quantity":{"type":"number"},"View":{"description":"BoForecastViewType","type":"string","enum":["fvtWeekly","fvtDaily","fvtMonthly"]}}}},"swagger":"3.0","info":{"description":"This is a sample server Petstore server.","title":"Swagger For Service Layer","version":"1.0.0"},"tags":[{"name":"SalesForecast","description":"This entity enables you to manipulate 'SalesForecast'. It represents the sales forecast for a specified period."}]}