{"basePath":"/b1s/v1/","paths":{"/SalesTaxAuthoritiesTypes(id)":{"patch":{"produces":["application/json","application/xml"],"description":"Update an instance of 'SalesTaxAuthoritiesTypes' with the given payload of type 'SalesTaxAuthoritiesType' in JSON format and with the specified id.","responses":{"200":{"description":"successful operation"}},"parameters":[{"schema":{"$ref":"#/definitions/SalesTaxAuthoritiesType"},"in":"body","name":"body"}],"tags":["SalesTaxAuthoritiesTypes"],"consumes":["application/json","application/xml"]},"get":{"produces":["application/json","application/xml"],"description":"Retrieve all or some selected properties from an instance of 'SalesTaxAuthoritiesTypes' with the given id.","responses":{"200":{"description":"successful operation"}},"parameters":[{"name":"UserSignature","type":"string"},{"name":"Name","type":"string"},{"name":"VAT","type":"string"}],"tags":["SalesTaxAuthoritiesTypes"],"consumes":["application/json","application/xml"]},"delete":{"produces":["application/json","application/xml"],"description":"Delete an instance of 'SalesTaxAuthoritiesTypes' with the specified id.","responses":{"200":{"description":"successful operation"}},"parameters":[],"tags":["SalesTaxAuthoritiesTypes"],"consumes":["application/json","application/xml"]}},"/SalesTaxAuthoritiesTypes":{"post":{"produces":["application/json","application/xml"],"description":"Create an instance of 'SalesTaxAuthoritiesTypes' with the given payload of type 'SalesTaxAuthoritiesType' in JSON format.","responses":{"200":{"description":"successful operation"}},"parameters":[{"schema":{"$ref":"#/definitions/SalesTaxAuthoritiesType"},"in":"body","name":"body"}],"tags":["SalesTaxAuthoritiesTypes"],"consumes":["application/json","application/xml"]},"get":{"produces":["application/json","application/xml"],"description":"Retrieve a collection of 'SalesTaxAuthoritiesTypes' with all or some selected properties in the given order by specifying the given filter condition.","responses":{"200":{"description":"successful operation"}},"parameters":[{"name":"UserSignature","type":"string"},{"name":"Name","type":"string"}],"tags":["SalesTaxAuthoritiesTypes"],"consumes":["application/json","application/xml"]}}},"host":"slcdemo.cfapps.sap.hana.ondemand.com","schemes":"https","definitions":{"SalesTaxAuthoritiesType":{"type":"object","properties":{"UserSignature":{"type":"integer"},"Numerator":{"type":"integer"},"VAT":{"description":"BoYesNoEnum","type":"string","enum":["tYES","tNO"]},"TaxCreditControl":{"description":"BoYesNoEnum","type":"string","enum":["tYES","tNO"]},"Name":{"type":"string"}}},"BoYesNoEnum":{"type":"string","enum":["tYES","tNO"]}},"swagger":"3.0","info":{"description":"This is a sample server Petstore server.","title":"Swagger For Service Layer","version":"1.0.0"},"tags":[{"name":"SalesTaxAuthoritiesTypes","description":"This entity enables you to manipulate 'SalesTaxAuthoritiesTypes'. It represents the types of sales tax authorities. It specifies whether or not the sales tax authority includes also VAT."}]}