{"basePath":"/b1s/v1/","paths":{"/SalesOpportunityReasonsSetupService_GetSalesOpportunityReasonSetupList":{"post":{"produces":["application/json","application/xml"],"description":"Invoke the method 'GetSalesOpportunityReasonSetupList' on this service.","responses":{"200":{"description":"successful operation"}},"parameters":[{"schema":{"$ref":"#/definitions/SalesOpportunityReasonSetup"},"in":"body","name":"body"}],"tags":["SalesOpportunityReasonsSetupService"],"consumes":["application/json","application/xml"]}}},"host":"slcdemo.cfapps.sap.hana.ondemand.com","schemes":"https","definitions":{"SalesOpportunityReasonSetup":{"type":"object","properties":{}}},"swagger":"3.0","info":{"description":"This is a sample server Petstore server.","title":"Swagger For Service Layer","version":"1.0.0"},"tags":[{"name":"SalesOpportunityReasonsSetupService","description":"This API enables you to invoke the interfaces defined on 'SalesOpportunityReasonsSetupService'."}]}