{"basePath":"/b1s/v1/","paths":{"/SalesStages":{"post":{"produces":["application/json","application/xml"],"description":"Create an instance of 'SalesStages' with the given payload of type 'SalesStage' in JSON format.","responses":{"200":{"description":"successful operation"}},"parameters":[{"schema":{"$ref":"#/definitions/SalesStage"},"in":"body","name":"body"}],"tags":["SalesStages"],"consumes":["application/json","application/xml"]},"get":{"produces":["application/json","application/xml"],"description":"Retrieve a collection of 'SalesStages' with all or some selected properties in the given order by specifying the given filter condition.","responses":{"200":{"description":"successful operation"}},"parameters":[{"name":"SequenceNo","type":"string"},{"name":"Name","type":"string"},{"name":"Sta","type":"string"}],"tags":["SalesStages"],"consumes":["application/json","application/xml"]}},"/SalesStages(id)":{"patch":{"produces":["application/json","application/xml"],"description":"Update an instance of 'SalesStages' with the given payload of type 'SalesStage' in JSON format and with the specified id.","responses":{"200":{"description":"successful operation"}},"parameters":[{"schema":{"$ref":"#/definitions/SalesStage"},"in":"body","name":"body"}],"tags":["SalesStages"],"consumes":["application/json","application/xml"]},"get":{"produces":["application/json","application/xml"],"description":"Retrieve all or some selected properties from an instance of 'SalesStages' with the given id.","responses":{"200":{"description":"successful operation"}},"parameters":[{"name":"SequenceNo","type":"string"},{"name":"Name","type":"string"},{"name":"Stageno","type":"string"}],"tags":["SalesStages"],"consumes":["application/json","application/xml"]}}},"host":"slcdemo.cfapps.sap.hana.ondemand.com","schemes":"https","definitions":{"SalesStage":{"type":"object","properties":{"SequenceNo":{"type":"integer"},"Stageno":{"type":"integer"},"ClosingPercentage":{"type":"number"},"Cancelled":{"description":"BoYesNoEnum","type":"string","enum":["tYES","tNO"]},"Name":{"type":"string"}}},"BoYesNoEnum":{"type":"string","enum":["tYES","tNO"]}},"swagger":"3.0","info":{"description":"This is a sample server Petstore server.","title":"Swagger For Service Layer","version":"1.0.0"},"tags":[{"name":"SalesStages","description":"This entity enables you to manipulate 'SalesStages'. It defines sales stages and the probability of closing a deal indicated by each stage. For example, you enter stage 1 by identifying a customer as a lead (prospective customer); if you define the closing percentage of this stage as 5%, it means that you estimate 5 out of 100 leads can be converted to customers who will place orders with you."}]}