{"basePath":"/b1s/v1/","paths":{"/SalesTaxInvoices(id)":{"patch":{"produces":["application/json","application/xml"],"description":"Update an instance of 'SalesTaxInvoices' with the given payload of type 'SalesTaxInvoice' in JSON format and with the specified id.","responses":{"200":{"description":"successful operation"}},"parameters":[{"schema":{"$ref":"#/definitions/SalesTaxInvoice"},"in":"body","name":"body"}],"tags":["SalesTaxInvoices"],"consumes":["application/json","application/xml"]},"get":{"produces":["application/json","application/xml"],"description":"Retrieve all or some selected properties from an instance of 'SalesTaxInvoices' with the given id.","responses":{"200":{"description":"successful operation"}},"parameters":[{"name":"DocEntry","type":"string"},{"name":"DocNum","type":"string"},{"name":"DocType","type":"string"}],"tags":["SalesTaxInvoices"],"consumes":["application/json","application/xml"]},"delete":{"produces":["application/json","application/xml"],"description":"Delete an instance of 'SalesTaxInvoices' with the specified id.","responses":{"200":{"description":"successful operation"}},"parameters":[],"tags":["SalesTaxInvoices"],"consumes":["application/json","application/xml"]}},"/SalesTaxInvoices":{"post":{"produces":["application/json","application/xml"],"description":"Create an instance of 'SalesTaxInvoices' with the given payload of type 'SalesTaxInvoice' in JSON format.","responses":{"200":{"description":"successful operation"}},"parameters":[{"schema":{"$ref":"#/definitions/SalesTaxInvoice"},"in":"body","name":"body"}],"tags":["SalesTaxInvoices"],"consumes":["application/json","application/xml"]},"get":{"produces":["application/json","application/xml"],"description":"Retrieve a collection of 'SalesTaxInvoices' with all or some selected properties in the given order by specifying the given filter condition.","responses":{"200":{"description":"successful operation"}},"parameters":[{"name":"DocEntry","type":"string"},{"name":"DocNum","type":"string"},{"name":"Doc","type":"string"}],"tags":["SalesTaxInvoices"],"consumes":["application/json","application/xml"]}}},"host":"slcdemo.cfapps.sap.hana.ondemand.com","schemes":"https","definitions":{"SalesTaxInvoiceOperationCode":{"type":"object","properties":{"OpCode":{"type":"integer"}}},"SalesTaxInvoiceLine":{"type":"object","properties":{"RefEntry1":{"type":"integer"},"RefEntry2":{"type":"integer"}}},"BoCurrencySources":{"type":"string","enum":["bocs_SystemCurrency","bocs_LocalCurrency","bocs_BPCurrency"]},"SalesTaxInvoice":{"type":"object","properties":{"PaymentRefNo":{"type":"string"},"CreationDate":{"type":"string"},"ShipToCode":{"type":"string"},"TaxTotal":{"type":"number"},"DocDate":{"type":"string"},"Address":{"type":"string"},"SalesTaxInvoiceOperationCodes":{"type":"array","items":{"$ref":"#/definitions/SalesTaxInvoiceOperationCode"}},"DocDueDate":{"type":"string"},"DocumentTotal":{"type":"number"},"Segment":{"type":"integer"},"CustomerOrVendorName":{"type":"string"},"PaymentRefDate":{"type":"string"},"UpdateDate":{"type":"string"},"RefEntry1":{"type":"integer"},"RefEntry2":{"type":"integer"},"TaxDate":{"type":"string"},"OpCode":{"type":"integer"},"Printed":{"description":"BoYesNoEnum","type":"string","enum":["tYES","tNO"]},"AlterationRevision":{"type":"integer"},"DocNum":{"type":"integer"},"DocType":{"description":"BoTaxInvoiceTypes","type":"string","enum":["botit_AlterationCorrectionInvoice","botit_Payment","botit_JournalEntry","botit_CorrectionInvoice","botit_AlterationInvoice","botit_Invoice"]},"Comments":{"type":"string"},"Address2":{"type":"string"},"DocEntry":{"type":"integer"},"CardCode":{"type":"string"},"ContactPersonCode":{"type":"integer"},"Series":{"type":"integer"},"CurrencySource":{"description":"BoCurrencySources","type":"string","enum":["bocs_SystemCurrency","bocs_LocalCurrency","bocs_BPCurrency"]},"SalesTaxInvoiceLines":{"type":"array","items":{"$ref":"#/definitions/SalesTaxInvoiceLine"}},"CustomerOrVendorRefNo":{"type":"string"},"CancelDate":{"type":"string"},"DocCurrency":{"type":"string"}}},"BoTaxInvoiceTypes":{"type":"string","enum":["botit_AlterationCorrectionInvoice","botit_Payment","botit_JournalEntry","botit_CorrectionInvoice","botit_AlterationInvoice","botit_Invoice"]},"BoYesNoEnum":{"type":"string","enum":["tYES","tNO"]}},"swagger":"3.0","info":{"description":"This is a sample server Petstore server.","title":"Swagger For Service Layer","version":"1.0.0"},"tags":[{"name":"SalesTaxInvoices","description":"This entity enables you to manipulate 'SalesTaxInvoices'. It represents the data of a sales Tax Invoice document."}]}