{"basePath":"/b1s/v1/","paths":{"/SalesOpportunityCompetitorsSetup":{"post":{"produces":["application/json","application/xml"],"description":"Create an instance of 'SalesOpportunityCompetitorsSetup' with the given payload of type 'SalesOpportunityCompetitorSetup' in JSON format.","responses":{"200":{"description":"successful operation"}},"parameters":[{"schema":{"$ref":"#/definitions/SalesOpportunityCompetitorSetup"},"in":"body","name":"body"}],"tags":["SalesOpportunityCompetitorsSetup"],"consumes":["application/json","application/xml"]},"get":{"produces":["application/json","application/xml"],"description":"Retrieve a collection of 'SalesOpportunityCompetitorsSetup' with all or some selected properties in the given order by specifying the given filter condition.","responses":{"200":{"description":"successful operation"}},"parameters":[{"name":"SequenceNo","type":"string"},{"name":"Name","type":"string"},{"name":"ThreatL","type":"string"}],"tags":["SalesOpportunityCompetitorsSetup"],"consumes":["application/json","application/xml"]}},"/SalesOpportunityCompetitorsSetup(id)":{"patch":{"produces":["application/json","application/xml"],"description":"Update an instance of 'SalesOpportunityCompetitorsSetup' with the given payload of type 'SalesOpportunityCompetitorSetup' in JSON format and with the specified id.","responses":{"200":{"description":"successful operation"}},"parameters":[{"schema":{"$ref":"#/definitions/SalesOpportunityCompetitorSetup"},"in":"body","name":"body"}],"tags":["SalesOpportunityCompetitorsSetup"],"consumes":["application/json","application/xml"]},"get":{"produces":["application/json","application/xml"],"description":"Retrieve all or some selected properties from an instance of 'SalesOpportunityCompetitorsSetup' with the given id.","responses":{"200":{"description":"successful operation"}},"parameters":[{"name":"SequenceNo","type":"string"},{"name":"Name","type":"string"},{"name":"ThreatLevel","type":"string"}],"tags":["SalesOpportunityCompetitorsSetup"],"consumes":["application/json","application/xml"]},"delete":{"produces":["application/json","application/xml"],"description":"Delete an instance of 'SalesOpportunityCompetitorsSetup' with the specified id.","responses":{"200":{"description":"successful operation"}},"parameters":[],"tags":["SalesOpportunityCompetitorsSetup"],"consumes":["application/json","application/xml"]}}},"host":"slcdemo.cfapps.sap.hana.ondemand.com","schemes":"https","definitions":{"ThreatLevelEnum":{"type":"string","enum":["tlHigh","tlLow","tlMedium"]},"SalesOpportunityCompetitorSetup":{"type":"object","properties":{"SequenceNo":{"type":"integer"},"Details":{"type":"string"},"ThreatLevel":{"description":"ThreatLevelEnum","type":"string","enum":["tlHigh","tlLow","tlMedium"]},"Name":{"type":"string"}}}},"swagger":"3.0","info":{"description":"This is a sample server Petstore server.","title":"Swagger For Service Layer","version":"1.0.0"},"tags":[{"name":"SalesOpportunityCompetitorsSetup","description":"This entity enables you to manipulate 'SalesOpportunityCompetitorsSetup'."}]}