{"basePath":"/b1s/v1/","paths":{"/SalesOpportunityReasonsSetup":{"post":{"produces":["application/json","application/xml"],"description":"Create an instance of 'SalesOpportunityReasonsSetup' with the given payload of type 'SalesOpportunityReasonSetup' in JSON format.","responses":{"200":{"description":"successful operation"}},"parameters":[{"schema":{"$ref":"#/definitions/SalesOpportunityReasonSetup"},"in":"body","name":"body"}],"tags":["SalesOpportunityReasonsSetup"],"consumes":["application/json","application/xml"]},"get":{"produces":["application/json","application/xml"],"description":"Retrieve a collection of 'SalesOpportunityReasonsSetup' with all or some selected properties in the given order by specifying the given filter condition.","responses":{"200":{"description":"successful operation"}},"parameters":[{"name":"SequenceNo","type":"string"},{"name":"Description","type":"string"}],"tags":["SalesOpportunityReasonsSetup"],"consumes":["application/json","application/xml"]}},"/SalesOpportunityReasonsSetup(id)":{"patch":{"produces":["application/json","application/xml"],"description":"Update an instance of 'SalesOpportunityReasonsSetup' with the given payload of type 'SalesOpportunityReasonSetup' in JSON format and with the specified id.","responses":{"200":{"description":"successful operation"}},"parameters":[{"schema":{"$ref":"#/definitions/SalesOpportunityReasonSetup"},"in":"body","name":"body"}],"tags":["SalesOpportunityReasonsSetup"],"consumes":["application/json","application/xml"]},"get":{"produces":["application/json","application/xml"],"description":"Retrieve all or some selected properties from an instance of 'SalesOpportunityReasonsSetup' with the given id.","responses":{"200":{"description":"successful operation"}},"parameters":[{"name":"SequenceNo","type":"string"},{"name":"Description","type":"string"},{"name":"Sort","type":"string"}],"tags":["SalesOpportunityReasonsSetup"],"consumes":["application/json","application/xml"]},"delete":{"produces":["application/json","application/xml"],"description":"Delete an instance of 'SalesOpportunityReasonsSetup' with the specified id.","responses":{"200":{"description":"successful operation"}},"parameters":[],"tags":["SalesOpportunityReasonsSetup"],"consumes":["application/json","application/xml"]}}},"host":"slcdemo.cfapps.sap.hana.ondemand.com","schemes":"https","definitions":{"SalesOpportunityReasonSetup":{"type":"object","properties":{"SequenceNo":{"type":"integer"},"Description":{"type":"string"},"Sort":{"type":"integer"}}}},"swagger":"3.0","info":{"description":"This is a sample server Petstore server.","title":"Swagger For Service Layer","version":"1.0.0"},"tags":[{"name":"SalesOpportunityReasonsSetup","description":"This entity enables you to manipulate 'SalesOpportunityReasonsSetup'."}]}