{"basePath":"/b1s/v1/","paths":{"/SalesOpportunitySourcesSetup":{"post":{"produces":["application/json","application/xml"],"description":"Create an instance of 'SalesOpportunitySourcesSetup' with the given payload of type 'SalesOpportunitySourceSetup' in JSON format.","responses":{"200":{"description":"successful operation"}},"parameters":[{"schema":{"$ref":"#/definitions/SalesOpportunitySourceSetup"},"in":"body","name":"body"}],"tags":["SalesOpportunitySourcesSetup"],"consumes":["application/json","application/xml"]},"get":{"produces":["application/json","application/xml"],"description":"Retrieve a collection of 'SalesOpportunitySourcesSetup' with all or some selected properties in the given order by specifying the given filter condition.","responses":{"200":{"description":"successful operation"}},"parameters":[{"name":"SequenceNo","type":"string"},{"name":"Description","type":"string"}],"tags":["SalesOpportunitySourcesSetup"],"consumes":["application/json","application/xml"]}},"/SalesOpportunitySourcesSetup(id)":{"patch":{"produces":["application/json","application/xml"],"description":"Update an instance of 'SalesOpportunitySourcesSetup' with the given payload of type 'SalesOpportunitySourceSetup' in JSON format and with the specified id.","responses":{"200":{"description":"successful operation"}},"parameters":[{"schema":{"$ref":"#/definitions/SalesOpportunitySourceSetup"},"in":"body","name":"body"}],"tags":["SalesOpportunitySourcesSetup"],"consumes":["application/json","application/xml"]},"get":{"produces":["application/json","application/xml"],"description":"Retrieve all or some selected properties from an instance of 'SalesOpportunitySourcesSetup' with the given id.","responses":{"200":{"description":"successful operation"}},"parameters":[{"name":"SequenceNo","type":"string"},{"name":"Description","type":"string"},{"name":"Sort","type":"string"}],"tags":["SalesOpportunitySourcesSetup"],"consumes":["application/json","application/xml"]},"delete":{"produces":["application/json","application/xml"],"description":"Delete an instance of 'SalesOpportunitySourcesSetup' with the specified id.","responses":{"200":{"description":"successful operation"}},"parameters":[],"tags":["SalesOpportunitySourcesSetup"],"consumes":["application/json","application/xml"]}}},"host":"slcdemo.cfapps.sap.hana.ondemand.com","schemes":"https","definitions":{"SalesOpportunitySourceSetup":{"type":"object","properties":{"SequenceNo":{"type":"integer"},"Description":{"type":"string"},"Sort":{"type":"integer"}}}},"swagger":"3.0","info":{"description":"This is a sample server Petstore server.","title":"Swagger For Service Layer","version":"1.0.0"},"tags":[{"name":"SalesOpportunitySourcesSetup","description":"This entity enables you to manipulate 'SalesOpportunitySourcesSetup'."}]}