{"basePath":"/b1s/v1/","paths":{"/SalesTaxCodes":{"post":{"produces":["application/json","application/xml"],"description":"Create an instance of 'SalesTaxCodes' with the given payload of type 'SalesTaxCode' in JSON format.","responses":{"200":{"description":"successful operation"}},"parameters":[{"schema":{"$ref":"#/definitions/SalesTaxCode"},"in":"body","name":"body"}],"tags":["SalesTaxCodes"],"consumes":["application/json","application/xml"]},"get":{"produces":["application/json","application/xml"],"description":"Retrieve a collection of 'SalesTaxCodes' with all or some selected properties in the given order by specifying the given filter condition.","responses":{"200":{"description":"successful operation"}},"parameters":[{"name":"ValidForAR","type":"string"},{"name":"ValidForAP","type":"string"},{"name":"UserSigna","type":"string"}],"tags":["SalesTaxCodes"],"consumes":["application/json","application/xml"]}},"/SalesTaxCodes(id)":{"patch":{"produces":["application/json","application/xml"],"description":"Update an instance of 'SalesTaxCodes' with the given payload of type 'SalesTaxCode' in JSON format and with the specified id.","responses":{"200":{"description":"successful operation"}},"parameters":[{"schema":{"$ref":"#/definitions/SalesTaxCode"},"in":"body","name":"body"}],"tags":["SalesTaxCodes"],"consumes":["application/json","application/xml"]},"get":{"produces":["application/json","application/xml"],"description":"Retrieve all or some selected properties from an instance of 'SalesTaxCodes' with the given id.","responses":{"200":{"description":"successful operation"}},"parameters":[{"name":"ValidForAR","type":"string"},{"name":"ValidForAP","type":"string"},{"name":"UserSignature","type":"string"}],"tags":["SalesTaxCodes"],"consumes":["application/json","application/xml"]},"delete":{"produces":["application/json","application/xml"],"description":"Delete an instance of 'SalesTaxCodes' with the specified id.","responses":{"200":{"description":"successful operation"}},"parameters":[],"tags":["SalesTaxCodes"],"consumes":["application/json","application/xml"]}}},"host":"slcdemo.cfapps.sap.hana.ondemand.com","schemes":"https","definitions":{"SalesTaxCode":{"type":"object","properties":{"UserSignature":{"type":"integer"},"STAType":{"type":"integer"},"STCCode":{"type":"string"},"ValidForAR":{"description":"BoYesNoEnum","type":"string","enum":["tYES","tNO"]},"ValidForAP":{"description":"BoYesNoEnum","type":"string","enum":["tYES","tNO"]},"Rate":{"type":"number"},"STATaxonTaxCode":{"type":"string"},"Code":{"type":"string"},"SalesTaxCodes_Lines":{"type":"array","items":{"$ref":"#/definitions/SalesTaxCodes_Line"}},"Name":{"type":"string"},"IsItemLevel":{"description":"BoYesNoEnum","type":"string","enum":["tYES","tNO"]},"RowNumber":{"type":"integer"},"EffectiveRate":{"type":"number"},"Inactive":{"description":"BoYesNoEnum","type":"string","enum":["tYES","tNO"]},"STATaxOnTaxType":{"type":"integer"},"FADebit":{"description":"BoYesNoEnum","type":"string","enum":["tYES","tNO"]},"STACode":{"type":"string"},"Freight":{"description":"BoYesNoEnum","type":"string","enum":["tYES","tNO"]}}},"SalesTaxCodes_Line":{"type":"object","properties":{"STAType":{"type":"integer"},"RowNumber":{"type":"integer"},"STCCode":{"type":"string"},"EffectiveRate":{"type":"number"},"STATaxonTaxCode":{"type":"string"},"STATaxOnTaxType":{"type":"integer"},"STACode":{"type":"string"}}},"BoYesNoEnum":{"type":"string","enum":["tYES","tNO"]}},"swagger":"3.0","info":{"description":"This is a sample server Petstore server.","title":"Swagger For Service Layer","version":"1.0.0"},"tags":[{"name":"SalesTaxCodes","description":"This entity enables you to manipulate 'SalesTaxCodes'. It represents the inclusive sales tax codes. Each sales tax code consists of one or more sales taxes."}]}