{"basePath":"/b1s/v1/","paths":{"/SalesTaxAuthorities":{"post":{"produces":["application/json","application/xml"],"description":"Create an instance of 'SalesTaxAuthorities' with the given payload of type 'SalesTaxAuthority' in JSON format.","responses":{"200":{"description":"successful operation"}},"parameters":[{"schema":{"$ref":"#/definitions/SalesTaxAuthority"},"in":"body","name":"body"}],"tags":["SalesTaxAuthorities"],"consumes":["application/json","application/xml"]},"get":{"produces":["application/json","application/xml"],"description":"Retrieve a collection of 'SalesTaxAuthorities' with all or some selected properties in the given order by specifying the given filter condition.","responses":{"200":{"description":"successful operation"}},"parameters":[{"name":"UseTaxAccount","type":"string"},{"name":"UserSignature","type":"string"}],"tags":["SalesTaxAuthorities"],"consumes":["application/json","application/xml"]}},"/SalesTaxAuthorities(id)":{"patch":{"produces":["application/json","application/xml"],"description":"Update an instance of 'SalesTaxAuthorities' with the given payload of type 'SalesTaxAuthority' in JSON format and with the specified id.","responses":{"200":{"description":"successful operation"}},"parameters":[{"schema":{"$ref":"#/definitions/SalesTaxAuthority"},"in":"body","name":"body"}],"tags":["SalesTaxAuthorities"],"consumes":["application/json","application/xml"]},"get":{"produces":["application/json","application/xml"],"description":"Retrieve all or some selected properties from an instance of 'SalesTaxAuthorities' with the given id.","responses":{"200":{"description":"successful operation"}},"parameters":[{"name":"UseTaxAccount","type":"string"},{"name":"UserSignature","type":"string"},{"name":"Type","type":"string"}],"tags":["SalesTaxAuthorities"],"consumes":["application/json","application/xml"]},"delete":{"produces":["application/json","application/xml"],"description":"Delete an instance of 'SalesTaxAuthorities' with the specified id.","responses":{"200":{"description":"successful operation"}},"parameters":[],"tags":["SalesTaxAuthorities"],"consumes":["application/json","application/xml"]}}},"host":"slcdemo.cfapps.sap.hana.ondemand.com","schemes":"https","definitions":{"TaxDefinition":{"type":"object","properties":{"Rate":{"type":"number"},"Effectivefrom":{"type":"string"}}},"SalesTaxAuthority":{"type":"object","properties":{"UseTaxAccount":{"type":"string"},"UserSignature":{"type":"integer"},"InclInPrice":{"description":"BoYesNoEnum","type":"string","enum":["tYES","tNO"]},"Rate":{"type":"number"},"NonDeductiblePrecent":{"type":"number"},"ARExpAccount":{"type":"string"},"Effectivefrom":{"type":"string"},"AOrRTaxAccount":{"type":"string"},"Code":{"type":"string"},"MinTaxableAmount":{"type":"number"},"MaxTaxableAmount":{"type":"number"},"TaxDefinitions":{"type":"array","items":{"$ref":"#/definitions/TaxDefinition"}},"Name":{"type":"string"},"FlatTaxAmount":{"type":"number"},"Type":{"type":"integer"},"Exempt":{"description":"BoYesNoEnum","type":"string","enum":["tYES","tNO"]},"InclInGrossRevenue":{"description":"BoYesNoEnum","type":"string","enum":["tYES","tNO"]},"NonDeductibleAccount":{"type":"string"},"TextCode":{"type":"integer"},"DeferredTaxAccount":{"type":"string"},"AOrPTaxAccount":{"type":"string"},"APExpAccount":{"type":"string"}}},"BoYesNoEnum":{"type":"string","enum":["tYES","tNO"]}},"swagger":"3.0","info":{"description":"This is a sample server Petstore server.","title":"Swagger For Service Layer","version":"1.0.0"},"tags":[{"name":"SalesTaxAuthorities","description":"This entity enables you to manipulate 'SalesTaxAuthorities'. It represents the sales tax jurisdictions data for the US and Canada localizations, or sales tax types for the Latin America localization."}]}