{"basePath":"/b1s/v1/","paths":{"/SalesOpportunityInterestsSetupService_GetSalesOpportunityInterestSetupList":{"post":{"produces":["application/json","application/xml"],"description":"Invoke the method 'GetSalesOpportunityInterestSetupList' on this service.","responses":{"200":{"description":"successful operation"}},"parameters":[{"schema":{"$ref":"#/definitions/SalesOpportunityInterestSetup"},"in":"body","name":"body"}],"tags":["SalesOpportunityInterestsSetupService"],"consumes":["application/json","application/xml"]}}},"host":"slcdemo.cfapps.sap.hana.ondemand.com","schemes":"https","definitions":{"SalesOpportunityInterestSetup":{"type":"object","properties":{}}},"swagger":"3.0","info":{"description":"This is a sample server Petstore server.","title":"Swagger For Service Layer","version":"1.0.0"},"tags":[{"name":"SalesOpportunityInterestsSetupService","description":"This API enables you to invoke the interfaces defined on 'SalesOpportunityInterestsSetupService'."}]}