{"basePath":"/b1s/v1/","paths":{"/SBOBobService_GetSystemCurrency":{"post":{"produces":["application/json","application/xml"],"description":"Invoke the method 'GetSystemCurrency' on this service.","responses":{"200":{"description":"successful operation"}},"parameters":[{"schema":{"$ref":"#/definitions/SalesTaxInvoice"},"in":"body","name":"body"}],"tags":["SBOBobService"],"consumes":["application/json","application/xml"]}},"/SBOBobService_GetSystemPermission":{"post":{"produces":["application/json","application/xml"],"description":"Invoke the method 'GetSystemPermission' on this service by specifying the payload 'UserCode,PermissionID' in the JSON format.","responses":{"200":{"description":"successful operation"}},"parameters":[{"schema":{"$ref":"#/definitions/SalesTaxInvoice"},"in":"body","name":"body"}],"tags":["SBOBobService"],"consumes":["application/json","application/xml"]}},"/SBOBobService_Format_MoneyToString":{"post":{"produces":["application/json","application/xml"],"description":"Invoke the method 'Format_MoneyToString' on this service by specifying the payload 'InMoney,InPrecision' in the JSON format.","responses":{"200":{"description":"successful operation"}},"parameters":[{"schema":{"$ref":"#/definitions/SalesTaxInvoice"},"in":"body","name":"body"}],"tags":["SBOBobService"],"consumes":["application/json","application/xml"]}},"/SBOBobService_GetIndexRate":{"post":{"produces":["application/json","application/xml"],"description":"Invoke the method 'GetIndexRate' on this service by specifying the payload 'Index,Date' in the JSON format.","responses":{"200":{"description":"successful operation"}},"parameters":[{"schema":{"$ref":"#/definitions/SalesTaxInvoice"},"in":"body","name":"body"}],"tags":["SBOBobService"],"consumes":["application/json","application/xml"]}},"/SBOBobService_SetCurrencyRate":{"post":{"produces":["application/json","application/xml"],"description":"Invoke the method 'SBOBobService_SetCurrencyRate' on this service by specifying the payload 'RateDate,Currency,Rate' in the JSON format.","responses":{"200":{"description":"successful operation"}},"parameters":[{"schema":{"$ref":"#/definitions/SalesTaxInvoice"},"in":"body","name":"body"}],"tags":["SBOBobService"],"consumes":["application/json","application/xml"]}},"/SBOBobService_GetCurrencyRate":{"post":{"produces":["application/json","application/xml"],"description":"Invoke the method 'GetCurrencyRate' on this service by specifying the payload 'Currency,Date' in the JSON format.","responses":{"200":{"description":"successful operation"}},"parameters":[{"schema":{"$ref":"#/definitions/SalesTaxInvoice"},"in":"body","name":"body"}],"tags":["SBOBobService"],"consumes":["application/json","application/xml"]}},"/SBOBobService_GetDueDate":{"post":{"produces":["application/json","application/xml"],"description":"Invoke the method 'GetDueDate' on this service by specifying the payload 'CardCode,RefDate' in the JSON format.","responses":{"200":{"description":"successful operation"}},"parameters":[{"schema":{"$ref":"#/definitions/SalesTaxInvoice"},"in":"body","name":"body"}],"tags":["SBOBobService"],"consumes":["application/json","application/xml"]}},"/SBOBobService_GetLocalCurrency":{"post":{"produces":["application/json","application/xml"],"description":"Invoke the method 'GetLocalCurrency' on this service.","responses":{"200":{"description":"successful operation"}},"parameters":[{"schema":{"$ref":"#/definitions/SalesTaxInvoice"},"in":"body","name":"body"}],"tags":["SBOBobService"],"consumes":["application/json","application/xml"]}}},"host":"slcdemo.cfapps.sap.hana.ondemand.com","schemes":"https","definitions":{"SalesTaxInvoice":{"type":"object","properties":{}}},"swagger":"3.0","info":{"description":"This is a sample server Petstore server.","title":"Swagger For Service Layer","version":"1.0.0"},"tags":[{"name":"SBOBobService","description":"This API enables you to invoke the interfaces defined on 'SBOBobService'."}]}