{"basePath":"/b1s/v1/","paths":{"/SectionsService_GetSectionList":{"post":{"produces":["application/json","application/xml"],"description":"\n\t\t\t\t\tInvoke the method 'GetSectionList' on this service.\n\t\t\t\t","responses":{"200":{"description":"successful operation"}},"parameters":[{"schema":{"$ref":"#/definitions/Section"},"in":"body","name":"body"}],"tags":["SectionsService"],"consumes":["application/json","application/xml"]}}},"host":"slcdemo.cfapps.sap.hana.ondemand.com","schemes":"https","definitions":{"Section":{"type":"object","properties":{}}},"swagger":"3.0","info":{"description":"This is a sample server Petstore server.","title":"Swagger For Service Layer","version":"1.0.0"},"tags":[{"name":"SectionsService","description":"\n\t\t\tThis API enables you to invoke the interfaces defined on 'SectionsService'.\n\t\t"}]}