{"basePath":"/b1s/v1/","paths":{"/SerialNumberDetails":{"get":{"produces":["application/json","application/xml"],"description":"Retrieve a collection of 'SerialNumberDetails' with all or some selected properties in the given order by specifying the given filter condition.","responses":{"200":{"description":"successful operation"}},"parameters":[{"name":"DocEntry","type":"string"},{"name":"ItemCode","type":"string"},{"name":"ItemDescrip","type":"string"}],"tags":["SerialNumberDetails"],"consumes":["application/json","application/xml"]}},"/SerialNumberDetails(id)":{"patch":{"produces":["application/json","application/xml"],"description":"Update an instance of 'SerialNumberDetails' with the given payload of type 'SerialNumberDetail' in JSON format and with the specified id.","responses":{"200":{"description":"successful operation"}},"parameters":[{"schema":{"$ref":"#/definitions/SerialNumberDetail"},"in":"body","name":"body"}],"tags":["SerialNumberDetails"],"consumes":["application/json","application/xml"]},"get":{"produces":["application/json","application/xml"],"description":"Retrieve all or some selected properties from an instance of 'SerialNumberDetails' with the given id.","responses":{"200":{"description":"successful operation"}},"parameters":[{"name":"DocEntry","type":"string"},{"name":"ItemCode","type":"string"},{"name":"ItemDescription","type":"string"}],"tags":["SerialNumberDetails"],"consumes":["application/json","application/xml"]}}},"host":"slcdemo.cfapps.sap.hana.ondemand.com","schemes":"https","definitions":{"SerialNumberDetail":{"type":"object","properties":{"ItemCode":{"type":"string"},"AdmissionDate":{"type":"string"},"DocEntry":{"type":"integer"},"ItemDescription":{"type":"string"},"Details":{"type":"string"},"SerialNumber":{"type":"string"},"SystemNumber":{"type":"integer"},"ExpirationDate":{"type":"string"},"MfrSerialNo":{"type":"string"},"ManufacturingDate":{"type":"string"},"MfrWarrantyStart":{"type":"string"},"MFrWarrantyEnd":{"type":"string"},"LotNumber":{"type":"string"},"Location":{"type":"string"}}}},"swagger":"3.0","info":{"description":"This is a sample server Petstore server.","title":"Swagger For Service Layer","version":"1.0.0"},"tags":[{"name":"SerialNumberDetails","description":"This entity enables you to manipulate 'SerialNumberDetails'."}]}