{"basePath":"/b1s/v1/","paths":{"/SeriesService_SetDefaultSeriesForAllUsers":{"post":{"produces":["application/json","application/xml"],"description":"Invoke the method 'SetDefaultSeriesForAllUsers' on this service by specifying the payload 'DocumentSeriesParams' in the JSON format.","responses":{"200":{"description":"successful operation"}},"parameters":[{"schema":{"$ref":"#/definitions/SerialNumberDetail"},"in":"body","name":"body"}],"tags":["SeriesService"],"consumes":["application/json","application/xml"]}},"/SeriesService_SetDefaultElectronicSeries":{"post":{"produces":["application/json","application/xml"],"description":"Invoke the method 'SetDefaultElectronicSeries' on this service by specifying the payload 'DefaultElectronicSeriesParams' in the JSON format.","responses":{"200":{"description":"successful operation"}},"parameters":[{"schema":{"$ref":"#/definitions/SerialNumberDetail"},"in":"body","name":"body"}],"tags":["SeriesService"],"consumes":["application/json","application/xml"]}},"/SeriesService_GetDocumentChangedMenuName":{"post":{"produces":["application/json","application/xml"],"description":"Invoke the method 'GetDocumentChangedMenuName' on this service by specifying the payload 'DocumentTypeParams' in the JSON format.","responses":{"200":{"description":"successful operation"}},"parameters":[{"schema":{"$ref":"#/definitions/SerialNumberDetail"},"in":"body","name":"body"}],"tags":["SeriesService"],"consumes":["application/json","application/xml"]}},"/SeriesService_RemoveElectronicSeries":{"post":{"produces":["application/json","application/xml"],"description":"Invoke the method 'RemoveElectronicSeries' on this service by specifying the payload 'ElectronicSeriesParams' in the JSON format.","responses":{"200":{"description":"successful operation"}},"parameters":[{"schema":{"$ref":"#/definitions/SerialNumberDetail"},"in":"body","name":"body"}],"tags":["SeriesService"],"consumes":["application/json","application/xml"]}},"/SeriesService_SetDefaultSeriesForCurrentUser":{"post":{"produces":["application/json","application/xml"],"description":"Invoke the method 'SetDefaultSeriesForCurrentUser' on this service by specifying the payload 'DocumentSeriesParams' in the JSON format.","responses":{"200":{"description":"successful operation"}},"parameters":[{"schema":{"$ref":"#/definitions/SerialNumberDetail"},"in":"body","name":"body"}],"tags":["SeriesService"],"consumes":["application/json","application/xml"]}},"/SeriesService_UpdateSeries":{"post":{"produces":["application/json","application/xml"],"description":"Invoke the method 'UpdateSeries' on this service by specifying the payload 'Series' in the JSON format.","responses":{"200":{"description":"successful operation"}},"parameters":[{"schema":{"$ref":"#/definitions/SerialNumberDetail"},"in":"body","name":"body"}],"tags":["SeriesService"],"consumes":["application/json","application/xml"]}},"/SeriesService_GetDefaultSeries":{"post":{"produces":["application/json","application/xml"],"description":"Invoke the method 'GetDefaultSeries' on this service by specifying the payload 'DocumentTypeParams' in the JSON format.","responses":{"200":{"description":"successful operation"}},"parameters":[{"schema":{"$ref":"#/definitions/SerialNumberDetail"},"in":"body","name":"body"}],"tags":["SeriesService"],"consumes":["application/json","application/xml"]}},"/SeriesService_ChangeDocumentMenuName":{"post":{"produces":["application/json","application/xml"],"description":"Invoke the method 'ChangeDocumentMenuName' on this service by specifying the payload 'DocumentChangeMenuName' in the JSON format.","responses":{"200":{"description":"successful operation"}},"parameters":[{"schema":{"$ref":"#/definitions/SerialNumberDetail"},"in":"body","name":"body"}],"tags":["SeriesService"],"consumes":["application/json","application/xml"]}},"/SeriesService_UpdateElectronicSeries":{"post":{"produces":["application/json","application/xml"],"description":"Invoke the method 'UpdateElectronicSeries' on this service by specifying the payload 'ElectronicSeries' in the JSON format.","responses":{"200":{"description":"successful operation"}},"parameters":[{"schema":{"$ref":"#/definitions/SerialNumberDetail"},"in":"body","name":"body"}],"tags":["SeriesService"],"consumes":["application/json","application/xml"]}},"/SeriesService_GetDocumentSeries":{"post":{"produces":["application/json","application/xml"],"description":"Invoke the method 'GetDocumentSeries' on this service by specifying the payload 'DocumentTypeParams' in the JSON format.","responses":{"200":{"description":"successful operation"}},"parameters":[{"schema":{"$ref":"#/definitions/SerialNumberDetail"},"in":"body","name":"body"}],"tags":["SeriesService"],"consumes":["application/json","application/xml"]}},"/SeriesService_AddSeries":{"post":{"produces":["application/json","application/xml"],"description":"Invoke the method 'AddSeries' on this service by specifying the payload 'Series' in the JSON format.","responses":{"200":{"description":"successful operation"}},"parameters":[{"schema":{"$ref":"#/definitions/SerialNumberDetail"},"in":"body","name":"body"}],"tags":["SeriesService"],"consumes":["application/json","application/xml"]}},"/SeriesService_RemoveSeries":{"post":{"produces":["application/json","application/xml"],"description":"Invoke the method 'RemoveSeries' on this service by specifying the payload 'SeriesParams' in the JSON format.","responses":{"200":{"description":"successful operation"}},"parameters":[{"schema":{"$ref":"#/definitions/SerialNumberDetail"},"in":"body","name":"body"}],"tags":["SeriesService"],"consumes":["application/json","application/xml"]}},"/SeriesService_SetDefaultSeriesForUser":{"post":{"produces":["application/json","application/xml"],"description":"Invoke the method 'SetDefaultSeriesForUser' on this service by specifying the payload 'DocumentSeriesUserParams' in the JSON format.","responses":{"200":{"description":"successful operation"}},"parameters":[{"schema":{"$ref":"#/definitions/SerialNumberDetail"},"in":"body","name":"body"}],"tags":["SeriesService"],"consumes":["application/json","application/xml"]}},"/SeriesService_UnattachSeriesFromDocument":{"post":{"produces":["application/json","application/xml"],"description":"Invoke the method 'UnattachSeriesFromDocument' on this service by specifying the payload 'DocumentSeriesParams' in the JSON format.","responses":{"200":{"description":"successful operation"}},"parameters":[{"schema":{"$ref":"#/definitions/SerialNumberDetail"},"in":"body","name":"body"}],"tags":["SeriesService"],"consumes":["application/json","application/xml"]}},"/SeriesService_AddElectronicSeries":{"post":{"produces":["application/json","application/xml"],"description":"Invoke the method 'AddElectronicSeries' on this service by specifying the payload 'ElectronicSeries' in the JSON format.","responses":{"200":{"description":"successful operation"}},"parameters":[{"schema":{"$ref":"#/definitions/SerialNumberDetail"},"in":"body","name":"body"}],"tags":["SeriesService"],"consumes":["application/json","application/xml"]}},"/SeriesService_AttachSeriesToDocument":{"post":{"produces":["application/json","application/xml"],"description":"Invoke the method 'AttachSeriesToDocument' on this service by specifying the payload 'DocumentSeriesParams' in the JSON format.","responses":{"200":{"description":"successful operation"}},"parameters":[{"schema":{"$ref":"#/definitions/SerialNumberDetail"},"in":"body","name":"body"}],"tags":["SeriesService"],"consumes":["application/json","application/xml"]}},"/SeriesService_GetSeries":{"post":{"produces":["application/json","application/xml"],"description":"Invoke the method 'GetSeries' on this service by specifying the payload 'SeriesParams' in the JSON format.","responses":{"200":{"description":"successful operation"}},"parameters":[{"schema":{"$ref":"#/definitions/SerialNumberDetail"},"in":"body","name":"body"}],"tags":["SeriesService"],"consumes":["application/json","application/xml"]}},"/SeriesService_GetElectronicSeries":{"post":{"produces":["application/json","application/xml"],"description":"Invoke the method 'GetElectronicSeries' on this service by specifying the payload 'ElectronicSeriesParams' in the JSON format.","responses":{"200":{"description":"successful operation"}},"parameters":[{"schema":{"$ref":"#/definitions/SerialNumberDetail"},"in":"body","name":"body"}],"tags":["SeriesService"],"consumes":["application/json","application/xml"]}},"/SeriesService_GetDefaultElectronicSeries":{"post":{"produces":["application/json","application/xml"],"description":"Invoke the method 'GetDefaultElectronicSeries' on this service by specifying the payload 'SeriesParams' in the JSON format.","responses":{"200":{"description":"successful operation"}},"parameters":[{"schema":{"$ref":"#/definitions/SerialNumberDetail"},"in":"body","name":"body"}],"tags":["SeriesService"],"consumes":["application/json","application/xml"]}}},"host":"slcdemo.cfapps.sap.hana.ondemand.com","schemes":"https","definitions":{"BoSeriesTypeEnum":{"type":"string","enum":["stResource","stDocument","stItem","stBusinessPartner"]},"DefaultElectronicSeriesParams":{"type":"object","properties":{"Series":{"type":"integer"},"ElectronicSeries":{"type":"integer"}}},"BoYesNoEnum":{"type":"string","enum":["tYES","tNO"]},"SerialNumberDetail":{"type":"object","properties":{}},"SeriesParams":{"type":"object","properties":{"Series":{"type":"integer"}}},"Series":{"type":"object","properties":{"NextNumber":{"type":"integer"},"ATDocumentType":{"type":"string"},"InitialNumber":{"type":"integer"},"DigitNumber":{"type":"integer"},"SeriesType":{"$ref":"#/definitions/BoSeriesTypeEnum"},"IsElectronicCommEnabled":{"$ref":"#/definitions/BoYesNoEnum"},"GroupCode":{"$ref":"#/definitions/BoSeriesGroupEnum"},"Prefix":{"type":"string"},"Document":{"type":"string"},"LastNumber":{"type":"integer"},"PeriodIndicator":{"type":"string"},"DocumentSubType":{"type":"string"},"Name":{"type":"string"},"Locked":{"$ref":"#/definitions/BoYesNoEnum"},"Series":{"type":"integer"},"Suffix":{"type":"string"},"Remarks":{"type":"string"},"IsDigitalSeries":{"$ref":"#/definitions/BoYesNoEnum"},"BPLID":{"type":"integer"}}},"DocumentTypeParams":{"type":"object","properties":{"Document":{"type":"string"},"DocumentSubType":{"type":"string"}}},"DocumentSeriesUserParams":{"type":"object","properties":{"Series":{"type":"integer"},"User":{"type":"integer"},"Document":{"type":"string"},"DocumentSubType":{"type":"string"}}},"DocumentSeriesParams":{"type":"object","properties":{"Series":{"type":"integer"},"Document":{"type":"string"},"DocumentSubType":{"type":"string"}}},"ElectronicSeries":{"type":"object","properties":{"Series":{"type":"integer"},"NextNumber":{"type":"string"},"InitialNumber":{"type":"string"},"Remarks":{"type":"string"},"ApprovalYear":{"type":"integer"},"ApprovalNumber":{"type":"integer"},"Prefix":{"type":"string"},"ElectronicSeries":{"type":"integer"},"LastNumber":{"type":"string"},"Name":{"type":"string"}}},"ElectronicSeriesParams":{"type":"object","properties":{"ElectronicSeries":{"type":"integer"}}},"DocumentChangeMenuName":{"type":"object","properties":{"ChangedMenuName":{"type":"string"},"Document":{"type":"string"},"DocumentSubType":{"type":"string"}}},"BoSeriesGroupEnum":{"type":"string","enum":["sg_Group9","sg_Group8","sg_Group7","sg_Group6","sg_Group5","sg_Group4","sg_Group3","sg_Group2","sg_Group1","sg_Group10"]}},"swagger":"3.0","info":{"description":"This is a sample server Petstore server.","title":"Swagger For Service Layer","version":"1.0.0"},"tags":[{"name":"SeriesService","description":"This API enables you to invoke the interfaces defined on 'SeriesService'."}]}