{"basePath":"/b1s/v1/","paths":{"/ServiceCalls(id)/Close":{"post":{"produces":["application/json","application/xml"],"description":"Invoke the method 'Close' on this EntitySet with the specified id.","responses":{"200":{"description":"successful operation"}},"parameters":[{"schema":{"$ref":"#/definitions/ServiceCall"},"in":"body","name":"body"}],"tags":["ServiceCalls"],"consumes":["application/json","application/xml"]}},"/ServiceCalls":{"post":{"produces":["application/json","application/xml"],"description":"Create an instance of 'ServiceCalls' with the given payload of type 'ServiceCall' in JSON format.","responses":{"200":{"description":"successful operation"}},"parameters":[{"schema":{"$ref":"#/definitions/ServiceCall"},"in":"body","name":"body"}],"tags":["ServiceCalls"],"consumes":["application/json","application/xml"]},"get":{"produces":["application/json","application/xml"],"description":"Retrieve a collection of 'ServiceCalls' with all or some selected properties in the given order by specifying the given filter condition.","responses":{"200":{"description":"successful operation"}},"parameters":[{"name":"ServiceCallID","type":"string"},{"name":"Subject","type":"string"},{"name":"Customer","type":"string"}],"tags":["ServiceCalls"],"consumes":["application/json","application/xml"]}},"/ServiceCalls(id)":{"patch":{"produces":["application/json","application/xml"],"description":"Update an instance of 'ServiceCalls' with the given payload of type 'ServiceCall' in JSON format and with the specified id.","responses":{"200":{"description":"successful operation"}},"parameters":[{"schema":{"$ref":"#/definitions/ServiceCall"},"in":"body","name":"body"}],"tags":["ServiceCalls"],"consumes":["application/json","application/xml"]},"get":{"produces":["application/json","application/xml"],"description":"Retrieve all or some selected properties from an instance of 'ServiceCalls' with the given id.","responses":{"200":{"description":"successful operation"}},"parameters":[{"name":"ServiceCallID","type":"string"},{"name":"Subject","type":"string"},{"name":"CustomerCode","type":"string"}],"tags":["ServiceCalls"],"consumes":["application/json","application/xml"]},"delete":{"produces":["application/json","application/xml"],"description":"Delete an instance of 'ServiceCalls' with the specified id.","responses":{"200":{"description":"successful operation"}},"parameters":[],"tags":["ServiceCalls"],"consumes":["application/json","application/xml"]}}},"host":"slcdemo.cfapps.sap.hana.ondemand.com","schemes":"https","definitions":{"BoAddressType":{"type":"string","enum":["bo_ShipTo","bo_BillTo"]},"ServiceCall":{"type":"object","properties":{"Origin":{"type":"integer"},"BPPhone1":{"type":"string"},"CreationDate":{"type":"string"},"ResolutionOnDate":{"type":"string"},"BPPhone2":{"type":"string"},"StockTransferDirection":{"description":"BoStckTrnDir","type":"string","enum":["bos_TransferFromTechnician","bos_TransferToTechnician"]},"ResponseAssignee":{"type":"integer"},"DisplayInCalendar":{"description":"BoYesNoEnum","type":"string","enum":["tYES","tNO"]},"AssigneeCode":{"type":"integer"},"InternalSerialNum":{"type":"string"},"PeriodIndicator":{"type":"string"},"Remark":{"type":"string"},"ServiceBPType":{"description":"ServiceTypeEnum","type":"string","enum":["srvcPurchasing","srvcSales"]},"LineNum":{"type":"integer"},"BillToBlock":{"type":"string"},"ResolutionOnTime":{"type":"array","items":{}},"Street":{"type":"string"},"ReminderType":{"description":"BoDurations","type":"string","enum":["du_Hours","du_Days","du_Minuts"]},"DocNum":{"type":"integer"},"BillToState":{"type":"string"},"Status":{"type":"integer"},"EndDueDate":{"type":"string"},"BPBillToCode":{"type":"string"},"BPFax":{"type":"string"},"BillToGlobalLocationNumber":{"type":"string"},"BPTerritory":{"type":"integer"},"ServiceCallInventoryExpenses":{"type":"array","items":{"$ref":"#/definitions/ServiceCallInventoryExpense"}},"AddressName":{"type":"string"},"BPShipToAddress":{"type":"string"},"ServiceCallSchedulings":{"type":"array","items":{"$ref":"#/definitions/ServiceCallScheduling"}},"CreationTime":{"type":"array","items":{}},"Country":{"type":"string"},"BillToCity":{"type":"string"},"BillToCounty":{"type":"string"},"ResponseOnDate":{"type":"string"},"PartType":{"description":"BoSvcExpPartTypes","type":"string","enum":["sep_NonInventory","sep_Inventory"]},"Description":{"type":"string"},"EndTime":{},"ShipToCity":{"type":"string"},"CallType":{"type":"integer"},"DocumentPostingDate":{"type":"string"},"IsClosed":{"description":"BoYesNoEnum","type":"string","enum":["tYES","tNO"]},"CustomerRefNo":{"type":"string"},"BPCellular":{"type":"string"},"ShipToGlobalLocationNumber":{"type":"string"},"ShipToStreetNo":{"type":"string"},"ServiceCallBPAddressComponents":{"type":"array","items":{"$ref":"#/definitions/ServiceCallBPAddressComponent"}},"ResponseByDate":{"type":"string"},"ShipToStreet":{"type":"string"},"Queue":{"type":"string"},"DurationType":{"description":"BoDurations","type":"string","enum":["du_Hours","du_Days","du_Minuts"]},"Reminder":{"description":"BoYesNoEnum","type":"string","enum":["tYES","tNO"]},"ShipToCountry":{"type":"string"},"BillToBuilding":{"type":"string"},"ContractEndDate":{"type":"string"},"ActivityCode":{"type":"integer"},"ShipToAddressType":{"type":"string"},"CustomerCode":{"type":"string"},"TaxOffice":{"type":"string"},"DocumentNumber":{"type":"integer"},"EndDate":{"type":"string"},"AddressText":{"type":"string"},"ItemGroupCode":{"type":"integer"},"ClosingDate":{"type":"string"},"TechnicianCode":{"type":"integer"},"UpdatedTime":{"type":"array","items":{}},"AddressType":{"type":"string"},"Responder":{"type":"integer"},"AddressTypeBS":{"description":"BoAddressType","type":"string","enum":["bo_ShipTo","bo_BillTo"]},"ReminderDate":{"type":"string"},"ShipToBlock":{"type":"string"},"ReminderTime":{},"StartDate":{"type":"string"},"ShipToState":{"type":"string"},"IsUnscheduled":{"description":"BoYesNoEnum","type":"string","enum":["tYES","tNO"]},"ResolutionDate":{"type":"string"},"ServiceCallActivities":{"type":"array","items":{"$ref":"#/definitions/ServiceCallActivity"}},"ClosingTime":{"type":"array","items":{}},"BelongsToAQueue":{"description":"BoYesNoEnum","type":"string","enum":["tYES","tNO"]},"ShipToZipCode":{"type":"string"},"ServiceCallSolutions":{"type":"array","items":{"$ref":"#/definitions/ServiceCallSolution"}},"ReminderSent":{"description":"BoYesNoEnum","type":"string","enum":["tYES","tNO"]},"Priority":{"description":"BoSvcCallPriorities","type":"string","enum":["scp_High","scp_Low","scp_Medium"]},"StartTime":{},"DocEntry":{"type":"integer"},"Duration":{"type":"number"},"City":{"type":"string"},"ShipToBuilding":{"type":"string"},"ManufacturerSerialNum":{"type":"string"},"ResolutionTime":{"type":"array","items":{}},"ActualDuration":{"type":"number"},"AssignedTime":{"type":"array","items":{}},"BillToAddress2":{"type":"string"},"BillToAddress3":{"type":"string"},"State":{"type":"string"},"BillToCountry":{"type":"string"},"Block":{"type":"string"},"BPContactPerson":{"type":"string"},"BPeMail":{"type":"string"},"Resolution":{"type":"string"},"HandWritten":{"description":"BoYesNoEnum","type":"string","enum":["tYES","tNO"]},"BillToStreet":{"type":"string"},"ResponseByTime":{"type":"array","items":{}},"ItemCode":{"type":"string"},"ContractID":{"type":"integer"},"EntitledforService":{"description":"BoYesNoEnum","type":"string","enum":["tYES","tNO"]},"ItemDescription":{"type":"string"},"County":{"type":"string"},"ShipToCounty":{"type":"string"},"BPProjectCode":{"type":"string"},"AssignedDate":{"type":"string"},"ResponseOnTime":{"type":"array","items":{}},"SolutionID":{"type":"integer"},"BillToZipCode":{"type":"string"},"HandledBy":{"type":"integer"},"CustomerName":{"type":"string"},"BPShipToCode":{"type":"string"},"ContactCode":{"type":"integer"},"ShipToAddress2":{"type":"string"},"Room":{"type":"string"},"StreetNo":{"type":"string"},"ShipToAddress3":{"type":"string"},"Technician":{"type":"integer"},"ZipCode":{"type":"string"},"BPBillToAddress":{"type":"string"},"Address2":{"type":"string"},"DocumentType":{"description":"BoSvcEpxDocTypes","type":"string","enum":["edt_GoodsReturn","edt_StockTransfer","edt_AP_CorrectionInvoice","edt_Return","edt_PurchaseQuotation","edt_GoodsReceipt","edt_CreditMemo","edt_Order","edt_Delivery","edt_AP_Invoice","edt_AR_CorrectionInvoice","edt_Invoice","edt_Quotation","edt_PurchaseOrder"]},"Address3":{"type":"string"},"AttachmentEntry":{"type":"integer"},"Subject":{"type":"string"},"ReminderPeriod":{"type":"number"},"Series":{"type":"integer"},"GlobalLocNum":{"type":"string"},"ServiceCallID":{"type":"integer"},"ProblemSubType":{"type":"integer"},"BillToAddressType":{"type":"string"},"ProblemType":{"type":"integer"},"Location":{"type":"integer"},"BillToStreetNo":{"type":"string"}}},"ServiceCallSolution":{"type":"object","properties":{"LineNum":{"type":"integer"},"SolutionID":{"type":"integer"}}},"ServiceTypeEnum":{"type":"string","enum":["srvcPurchasing","srvcSales"]},"ServiceCallActivity":{"type":"object","properties":{"LineNum":{"type":"integer"},"ActivityCode":{"type":"integer"}}},"BoSvcCallPriorities":{"type":"string","enum":["scp_High","scp_Low","scp_Medium"]},"BoSvcExpPartTypes":{"type":"string","enum":["sep_NonInventory","sep_Inventory"]},"BoYesNoEnum":{"type":"string","enum":["tYES","tNO"]},"ServiceCallBPAddressComponent":{"type":"object","properties":{"BillToStreet":{"type":"string"},"ShipToCity":{"type":"string"},"ShipToBlock":{"type":"string"},"ShipToCounty":{"type":"string"},"ShipToGlobalLocationNumber":{"type":"string"},"ShipToStreetNo":{"type":"string"},"ShipToState":{"type":"string"},"BillToBlock":{"type":"string"},"BillToZipCode":{"type":"string"},"ShipToStreet":{"type":"string"},"ShipToAddress2":{"type":"string"},"ShipToAddress3":{"type":"string"},"BillToState":{"type":"string"},"ShipToZipCode":{"type":"string"},"ShipToCountry":{"type":"string"},"BillToBuilding":{"type":"string"},"ShipToAddressType":{"type":"string"},"BillToGlobalLocationNumber":{"type":"string"},"ShipToBuilding":{"type":"string"},"BillToAddressType":{"type":"string"},"BillToAddress2":{"type":"string"},"BillToAddress3":{"type":"string"},"BillToCountry":{"type":"string"},"BillToCity":{"type":"string"},"BillToCounty":{"type":"string"},"BillToStreetNo":{"type":"string"}}},"BoStckTrnDir":{"type":"string","enum":["bos_TransferFromTechnician","bos_TransferToTechnician"]},"ServiceCallScheduling":{"type":"object","properties":{"EndTime":{"$ref":"#/definitions/Edm.Time"},"AddressTypeBS":{"$ref":"#/definitions/BoAddressType"},"ReminderDate":{"type":"string"},"DisplayInCalendar":{"$ref":"#/definitions/BoYesNoEnum"},"IsClosed":{"$ref":"#/definitions/BoYesNoEnum"},"County":{"type":"string"},"ReminderTime":{"$ref":"#/definitions/Edm.Time"},"Remark":{"type":"string"},"StartDate":{"type":"string"},"LineNum":{"type":"integer"},"HandledBy":{"type":"integer"},"IsUnscheduled":{"$ref":"#/definitions/BoYesNoEnum"},"Street":{"type":"string"},"ReminderType":{"$ref":"#/definitions/BoDurations"},"Room":{"type":"string"},"StreetNo":{"type":"string"},"DurationType":{"$ref":"#/definitions/BoDurations"},"Reminder":{"$ref":"#/definitions/BoYesNoEnum"},"Technician":{"type":"integer"},"ReminderSent":{"$ref":"#/definitions/BoYesNoEnum"},"ZipCode":{"type":"string"},"StartTime":{"$ref":"#/definitions/Edm.Time"},"Address2":{"type":"string"},"Address3":{"type":"string"},"TaxOffice":{"type":"string"},"Duration":{"type":"number"},"City":{"type":"string"},"EndDate":{"type":"string"},"ReminderPeriod":{"type":"number"},"AddressName":{"type":"string"},"AddressText":{"type":"string"},"GlobalLocNum":{"type":"string"},"ActualDuration":{"type":"number"},"State":{"type":"string"},"Country":{"type":"string"},"Block":{"type":"string"},"AddressType":{"type":"string"},"Location":{"type":"integer"}}},"BoDurations":{"type":"string","enum":["du_Hours","du_Days","du_Minuts"]},"ServiceCallInventoryExpense":{"type":"object","properties":{"PartType":{"$ref":"#/definitions/BoSvcExpPartTypes"},"LineNum":{"type":"integer"},"StockTransferDirection":{"$ref":"#/definitions/BoStckTrnDir"},"DocumentType":{"$ref":"#/definitions/BoSvcEpxDocTypes"},"DocumentPostingDate":{"type":"string"},"DocEntry":{"type":"integer"},"DocumentNumber":{"type":"integer"}}},"BoSvcEpxDocTypes":{"type":"string","enum":["edt_GoodsReturn","edt_StockTransfer","edt_AP_CorrectionInvoice","edt_Return","edt_PurchaseQuotation","edt_GoodsReceipt","edt_CreditMemo","edt_Order","edt_Delivery","edt_AP_Invoice","edt_AR_CorrectionInvoice","edt_Invoice","edt_Quotation","edt_PurchaseOrder"]}},"swagger":"3.0","info":{"description":"This is a sample server Petstore server.","title":"Swagger For Service Layer","version":"1.0.0"},"tags":[{"name":"ServiceCalls","description":"This entity enables you to manipulate 'ServiceCalls'. It represents the service calls in the Service module. Service calls are used to manage service and support activities that you provide to your customers."}]}