{"basePath":"/b1s/v1/","paths":{"/ServiceContracts":{"post":{"produces":["application/json","application/xml"],"description":"Create an instance of 'ServiceContracts' with the given payload of type 'ServiceContract' in JSON format.","responses":{"200":{"description":"successful operation"}},"parameters":[{"schema":{"$ref":"#/definitions/ServiceContract"},"in":"body","name":"body"}],"tags":["ServiceContracts"],"consumes":["application/json","application/xml"]},"get":{"produces":["application/json","application/xml"],"description":"Retrieve a collection of 'ServiceContracts' with all or some selected properties in the given order by specifying the given filter condition.","responses":{"200":{"description":"successful operation"}},"parameters":[{"name":"ContractID","type":"string"},{"name":"CustomerCode","type":"string"},{"name":"Customer","type":"string"}],"tags":["ServiceContracts"],"consumes":["application/json","application/xml"]}},"/ServiceContracts(id)/Close":{"post":{"produces":["application/json","application/xml"],"description":"Invoke the method 'Close' on this EntitySet with the specified id.","responses":{"200":{"description":"successful operation"}},"parameters":[{"schema":{"$ref":"#/definitions/ServiceContract"},"in":"body","name":"body"}],"tags":["ServiceContracts"],"consumes":["application/json","application/xml"]}},"/ServiceContracts(id)":{"patch":{"produces":["application/json","application/xml"],"description":"Update an instance of 'ServiceContracts' with the given payload of type 'ServiceContract' in JSON format and with the specified id.","responses":{"200":{"description":"successful operation"}},"parameters":[{"schema":{"$ref":"#/definitions/ServiceContract"},"in":"body","name":"body"}],"tags":["ServiceContracts"],"consumes":["application/json","application/xml"]},"get":{"produces":["application/json","application/xml"],"description":"Retrieve all or some selected properties from an instance of 'ServiceContracts' with the given id.","responses":{"200":{"description":"successful operation"}},"parameters":[{"name":"ContractID","type":"string"},{"name":"CustomerCode","type":"string"},{"name":"CustomerName","type":"string"}],"tags":["ServiceContracts"],"consumes":["application/json","application/xml"]},"delete":{"produces":["application/json","application/xml"],"description":"Delete an instance of 'ServiceContracts' with the specified id.","responses":{"200":{"description":"successful operation"}},"parameters":[],"tags":["ServiceContracts"],"consumes":["application/json","application/xml"]}},"/ServiceContracts(id)/Cancel":{"post":{"produces":["application/json","application/xml"],"description":"Invoke the method 'Cancel' on this EntitySet with the specified id.","responses":{"200":{"description":"successful operation"}},"parameters":[{"schema":{"$ref":"#/definitions/ServiceContract"},"in":"body","name":"body"}],"tags":["ServiceContracts"],"consumes":["application/json","application/xml"]}}},"host":"slcdemo.cfapps.sap.hana.ondemand.com","schemes":"https","definitions":{"BoResponseUnit":{"type":"string","enum":["boru_Day","boru_Hour"]},"BoSvcContractStatus":{"type":"string","enum":["scs_Draft","scs_Approved","scs_Frozen","scs_Terminated"]},"BoContractTypes":{"type":"string","enum":["ct_SerialNumber","ct_Customer","ct_ItemGroup"]},"ServiceContract":{"type":"object","properties":{"Owner":{"type":"integer"},"TemplateRemarks":{"type":"string"},"InternalSerialNum":{"type":"string"},"ThursdayEnd":{"type":"array","items":{}},"Renewal":{"description":"BoYesNoEnum","type":"string","enum":["tYES","tNO"]},"ReminderTime":{"type":"integer"},"StartDate":{"type":"string"},"ServiceBPType":{"description":"ServiceTypeEnum","type":"string","enum":["srvcPurchasing","srvcSales"]},"WednesdayEnabled":{"description":"BoYesNoEnum","type":"string","enum":["tYES","tNO"]},"ResponseUnit":{"description":"BoResponseUnit","type":"string","enum":["boru_Day","boru_Hour"]},"LineNum":{"type":"integer"},"Remarks":{"type":"string"},"ServiceType":{"description":"BoServiceTypes","type":"string","enum":["bst_Regular","bst_Warranty"]},"TuesdayEnabled":{"description":"BoYesNoEnum","type":"string","enum":["tYES","tNO"]},"ThursdayStart":{"type":"array","items":{}},"Status":{"description":"BoSvcContractStatus","type":"string","enum":["scs_Draft","scs_Approved","scs_Frozen","scs_Terminated"]},"WednesdayStart":{"type":"array","items":{}},"ResolutionTime":{"type":"integer"},"ManufacturerSerialNum":{"type":"string"},"TuesdayEnd":{"type":"array","items":{}},"ContractType":{"description":"BoContractTypes","type":"string","enum":["ct_SerialNumber","ct_Customer","ct_ItemGroup"]},"IncludeTravel":{"description":"BoYesNoEnum","type":"string","enum":["tYES","tNO"]},"ThursdayEnabled":{"description":"BoYesNoEnum","type":"string","enum":["tYES","tNO"]},"SaturdayEnabled":{"description":"BoYesNoEnum","type":"string","enum":["tYES","tNO"]},"SundayStart":{"type":"array","items":{}},"IncludeParts":{"description":"BoYesNoEnum","type":"string","enum":["tYES","tNO"]},"FridayEnd":{"type":"array","items":{}},"ItemCode":{"type":"string"},"Description":{"type":"string"},"IncludeLabor":{"description":"BoYesNoEnum","type":"string","enum":["tYES","tNO"]},"ContractID":{"type":"integer"},"TuesdayStart":{"type":"array","items":{}},"ItemGroupName":{"type":"string"},"FridayEnabled":{"description":"BoYesNoEnum","type":"string","enum":["tYES","tNO"]},"MondayEnd":{"type":"array","items":{}},"IncludeHolidays":{"description":"BoYesNoEnum","type":"string","enum":["tYES","tNO"]},"ItemName":{"type":"string"},"ResponseTime":{"type":"integer"},"CustomerName":{"type":"string"},"ContactCode":{"type":"integer"},"SaturdayEnd":{"type":"array","items":{}},"FridayStart":{"type":"array","items":{}},"SaturdayStart":{"type":"array","items":{}},"CustomerCode":{"type":"string"},"TerminationDate":{"type":"string"},"DurationOfCoverage":{"type":"integer"},"AttachmentEntry":{"type":"integer"},"ServiceContract_Lines":{"type":"array","items":{"$ref":"#/definitions/ServiceContract_Line"}},"EndDate":{"type":"string"},"WednesdayEnd":{"type":"array","items":{}},"MondayStart":{"type":"array","items":{}},"ContractTemplate":{"type":"string"},"SundayEnd":{"type":"array","items":{}},"ItemGroup":{"type":"integer"},"SundayEnabled":{"description":"BoYesNoEnum","type":"string","enum":["tYES","tNO"]},"MondayEnabled":{"description":"BoYesNoEnum","type":"string","enum":["tYES","tNO"]},"RemindUnit":{"description":"BoRemindUnits","type":"string","enum":["reu_Days","reu_Weeks","reu_Month"]},"ResolutionUnit":{"description":"BoResolutionUnits","type":"string","enum":["rsu_Days","rsu_Hours"]}}},"BoRemindUnits":{"type":"string","enum":["reu_Days","reu_Weeks","reu_Month"]},"ServiceTypeEnum":{"type":"string","enum":["srvcPurchasing","srvcSales"]},"BoServiceTypes":{"type":"string","enum":["bst_Regular","bst_Warranty"]},"ServiceContract_Line":{"type":"object","properties":{"StartDate":{"type":"string"},"LineNum":{"type":"integer"},"ItemGroupName":{"type":"string"},"ManufacturerSerialNum":{"type":"string"},"ItemCode":{"type":"string"},"ItemGroup":{"type":"integer"},"TerminationDate":{"type":"string"},"ItemName":{"type":"string"},"InternalSerialNum":{"type":"string"},"EndDate":{"type":"string"}}},"BoResolutionUnits":{"type":"string","enum":["rsu_Days","rsu_Hours"]},"BoYesNoEnum":{"type":"string","enum":["tYES","tNO"]}},"swagger":"3.0","info":{"description":"This is a sample server Petstore server.","title":"Swagger For Service Layer","version":"1.0.0"},"tags":[{"name":"ServiceContracts","description":"This entity enables you to manipulate 'ServiceContracts'. It represents the service contracts table in the Service module of the SAP Business One application. This object enables you to do the following: Add a service contract; retrieve a service contract by its key; update a service contract; remove a service contract."}]}