{"basePath":"/b1s/v1/","paths":{"/ServiceCallProblemTypesService_GetServiceCallProblemTypeList":{"post":{"produces":["application/json","application/xml"],"description":"Invoke the method 'GetServiceCallProblemTypeList' on this service.","responses":{"200":{"description":"successful operation"}},"parameters":[{"schema":{"$ref":"#/definitions/ServiceCallProblemType"},"in":"body","name":"body"}],"tags":["ServiceCallProblemTypesService"],"consumes":["application/json","application/xml"]}}},"host":"slcdemo.cfapps.sap.hana.ondemand.com","schemes":"https","definitions":{"ServiceCallProblemType":{"type":"object","properties":{}}},"swagger":"3.0","info":{"description":"This is a sample server Petstore server.","title":"Swagger For Service Layer","version":"1.0.0"},"tags":[{"name":"ServiceCallProblemTypesService","description":"This API enables you to invoke the interfaces defined on 'ServiceCallProblemTypesService'."}]}