{"basePath":"/b1s/v1/","paths":{"/ServiceCallProblemSubTypes(id)":{"patch":{"produces":["application/json","application/xml"],"description":"Update an instance of 'ServiceCallProblemSubTypes' with the given payload of type 'ServiceCallProblemSubType' in JSON format and with the specified id.","responses":{"200":{"description":"successful operation"}},"parameters":[{"schema":{"$ref":"#/definitions/ServiceCallProblemSubType"},"in":"body","name":"body"}],"tags":["ServiceCallProblemSubTypes"],"consumes":["application/json","application/xml"]},"get":{"produces":["application/json","application/xml"],"description":"Retrieve all or some selected properties from an instance of 'ServiceCallProblemSubTypes' with the given id.","responses":{"200":{"description":"successful operation"}},"parameters":[{"name":"ProblemSubTypeID","type":"string"},{"name":"Name","type":"string"},{"name":"Description","type":"string"}],"tags":["ServiceCallProblemSubTypes"],"consumes":["application/json","application/xml"]},"delete":{"produces":["application/json","application/xml"],"description":"Delete an instance of 'ServiceCallProblemSubTypes' with the specified id.","responses":{"200":{"description":"successful operation"}},"parameters":[],"tags":["ServiceCallProblemSubTypes"],"consumes":["application/json","application/xml"]}},"/ServiceCallProblemSubTypes":{"post":{"produces":["application/json","application/xml"],"description":"Create an instance of 'ServiceCallProblemSubTypes' with the given payload of type 'ServiceCallProblemSubType' in JSON format.","responses":{"200":{"description":"successful operation"}},"parameters":[{"schema":{"$ref":"#/definitions/ServiceCallProblemSubType"},"in":"body","name":"body"}],"tags":["ServiceCallProblemSubTypes"],"consumes":["application/json","application/xml"]},"get":{"produces":["application/json","application/xml"],"description":"Retrieve a collection of 'ServiceCallProblemSubTypes' with all or some selected properties in the given order by specifying the given filter condition.","responses":{"200":{"description":"successful operation"}},"parameters":[{"name":"ProblemSubTypeID","type":"string"},{"name":"Name","type":"string"},{"name":"Descrip","type":"string"}],"tags":["ServiceCallProblemSubTypes"],"consumes":["application/json","application/xml"]}}},"host":"slcdemo.cfapps.sap.hana.ondemand.com","schemes":"https","definitions":{"ServiceCallProblemSubType":{"type":"object","properties":{"Description":{"type":"string"},"ProblemSubTypeID":{"type":"integer"},"Name":{"type":"string"}}}},"swagger":"3.0","info":{"description":"This is a sample server Petstore server.","title":"Swagger For Service Layer","version":"1.0.0"},"tags":[{"name":"ServiceCallProblemSubTypes","description":"This entity enables you to manipulate 'ServiceCallProblemSubTypes'."}]}