{"basePath":"/b1s/v1/","paths":{"/ServiceCallProblemTypes(id)":{"patch":{"produces":["application/json","application/xml"],"description":"Update an instance of 'ServiceCallProblemTypes' with the given payload of type 'ServiceCallProblemType' in JSON format and with the specified id.","responses":{"200":{"description":"successful operation"}},"parameters":[{"schema":{"$ref":"#/definitions/ServiceCallProblemType"},"in":"body","name":"body"}],"tags":["ServiceCallProblemTypes"],"consumes":["application/json","application/xml"]},"get":{"produces":["application/json","application/xml"],"description":"Retrieve all or some selected properties from an instance of 'ServiceCallProblemTypes' with the given id.","responses":{"200":{"description":"successful operation"}},"parameters":[{"name":"ProblemTypeID","type":"string"},{"name":"Name","type":"string"},{"name":"Description","type":"string"}],"tags":["ServiceCallProblemTypes"],"consumes":["application/json","application/xml"]},"delete":{"produces":["application/json","application/xml"],"description":"Delete an instance of 'ServiceCallProblemTypes' with the specified id.","responses":{"200":{"description":"successful operation"}},"parameters":[],"tags":["ServiceCallProblemTypes"],"consumes":["application/json","application/xml"]}},"/ServiceCallProblemTypes":{"post":{"produces":["application/json","application/xml"],"description":"Create an instance of 'ServiceCallProblemTypes' with the given payload of type 'ServiceCallProblemType' in JSON format.","responses":{"200":{"description":"successful operation"}},"parameters":[{"schema":{"$ref":"#/definitions/ServiceCallProblemType"},"in":"body","name":"body"}],"tags":["ServiceCallProblemTypes"],"consumes":["application/json","application/xml"]},"get":{"produces":["application/json","application/xml"],"description":"Retrieve a collection of 'ServiceCallProblemTypes' with all or some selected properties in the given order by specifying the given filter condition.","responses":{"200":{"description":"successful operation"}},"parameters":[{"name":"ProblemTypeID","type":"string"},{"name":"Name","type":"string"},{"name":"Descrip","type":"string"}],"tags":["ServiceCallProblemTypes"],"consumes":["application/json","application/xml"]}}},"host":"slcdemo.cfapps.sap.hana.ondemand.com","schemes":"https","definitions":{"ServiceCallProblemType":{"type":"object","properties":{"ProblemTypeID":{"type":"integer"},"Description":{"type":"string"},"Name":{"type":"string"}}}},"swagger":"3.0","info":{"description":"This is a sample server Petstore server.","title":"Swagger For Service Layer","version":"1.0.0"},"tags":[{"name":"ServiceCallProblemTypes","description":"This entity enables you to manipulate 'ServiceCallProblemTypes'."}]}