{"basePath":"/b1s/v1/","paths":{"/ServiceTaxPostingService_GetTaxableDeliveries":{"post":{"produces":["application/json","application/xml"],"description":"Invoke the method 'GetTaxableDeliveries' on this service.","responses":{"200":{"description":"successful operation"}},"parameters":[{"schema":{"$ref":"#/definitions/ServiceGroup"},"in":"body","name":"body"}],"tags":["ServiceTaxPostingService"],"consumes":["application/json","application/xml"]}},"/ServiceTaxPostingService_PostServiceTax":{"post":{"produces":["application/json","application/xml"],"description":"Invoke the method 'PostServiceTax' on this service by specifying the payload 'ServiceTaxPostingParams' in the JSON format.","responses":{"200":{"description":"successful operation"}},"parameters":[{"schema":{"$ref":"#/definitions/ServiceGroup"},"in":"body","name":"body"}],"tags":["ServiceTaxPostingService"],"consumes":["application/json","application/xml"]}}},"host":"slcdemo.cfapps.sap.hana.ondemand.com","schemes":"https","definitions":{"ServiceGroup":{"type":"object","properties":{}},"ServiceTaxPostingParams":{"type":"object","properties":{"DocEntry":{"type":"integer"}}}},"swagger":"3.0","info":{"description":"This is a sample server Petstore server.","title":"Swagger For Service Layer","version":"1.0.0"},"tags":[{"name":"ServiceTaxPostingService","description":"This API enables you to invoke the interfaces defined on 'ServiceTaxPostingService'."}]}