{"basePath":"/b1s/v1/","paths":{"/ServiceGroups":{"post":{"produces":["application/json","application/xml"],"description":"Create an instance of 'ServiceGroups' with the given payload of type 'ServiceGroup' in JSON format.","responses":{"200":{"description":"successful operation"}},"parameters":[{"schema":{"$ref":"#/definitions/ServiceGroup"},"in":"body","name":"body"}],"tags":["ServiceGroups"],"consumes":["application/json","application/xml"]},"get":{"produces":["application/json","application/xml"],"description":"Retrieve a collection of 'ServiceGroups' with all or some selected properties in the given order by specifying the given filter condition.","responses":{"200":{"description":"successful operation"}},"parameters":[{"name":"AbsEntry","type":"string"},{"name":"ServiceGroupCode","type":"string"},{"name":"Descrip","type":"string"}],"tags":["ServiceGroups"],"consumes":["application/json","application/xml"]}},"/ServiceGroups(id)":{"patch":{"produces":["application/json","application/xml"],"description":"Update an instance of 'ServiceGroups' with the given payload of type 'ServiceGroup' in JSON format and with the specified id.","responses":{"200":{"description":"successful operation"}},"parameters":[{"schema":{"$ref":"#/definitions/ServiceGroup"},"in":"body","name":"body"}],"tags":["ServiceGroups"],"consumes":["application/json","application/xml"]},"get":{"produces":["application/json","application/xml"],"description":"Retrieve all or some selected properties from an instance of 'ServiceGroups' with the given id.","responses":{"200":{"description":"successful operation"}},"parameters":[{"name":"AbsEntry","type":"string"},{"name":"ServiceGroupCode","type":"string"},{"name":"Description","type":"string"}],"tags":["ServiceGroups"],"consumes":["application/json","application/xml"]},"delete":{"produces":["application/json","application/xml"],"description":"Delete an instance of 'ServiceGroups' with the specified id.","responses":{"200":{"description":"successful operation"}},"parameters":[],"tags":["ServiceGroups"],"consumes":["application/json","application/xml"]}}},"host":"slcdemo.cfapps.sap.hana.ondemand.com","schemes":"https","definitions":{"ServiceGroup":{"type":"object","properties":{"Description":{"type":"string"},"ServiceGroupCode":{"type":"string"},"AbsEntry":{"type":"integer"}}}},"swagger":"3.0","info":{"description":"This is a sample server Petstore server.","title":"Swagger For Service Layer","version":"1.0.0"},"tags":[{"name":"ServiceGroups","description":"This entity enables you to manipulate 'ServiceGroups'."}]}