{"basePath":"/b1s/v1/","paths":{"/ServiceCallOrigins(id)":{"patch":{"produces":["application/json","application/xml"],"description":"Update an instance of 'ServiceCallOrigins' with the given payload of type 'ServiceCallOrigin' in JSON format and with the specified id.","responses":{"200":{"description":"successful operation"}},"parameters":[{"schema":{"$ref":"#/definitions/ServiceCallOrigin"},"in":"body","name":"body"}],"tags":["ServiceCallOrigins"],"consumes":["application/json","application/xml"]},"get":{"produces":["application/json","application/xml"],"description":"Retrieve all or some selected properties from an instance of 'ServiceCallOrigins' with the given id.","responses":{"200":{"description":"successful operation"}},"parameters":[{"name":"OriginID","type":"string"},{"name":"Name","type":"string"},{"name":"Description","type":"string"}],"tags":["ServiceCallOrigins"],"consumes":["application/json","application/xml"]},"delete":{"produces":["application/json","application/xml"],"description":"Delete an instance of 'ServiceCallOrigins' with the specified id.","responses":{"200":{"description":"successful operation"}},"parameters":[],"tags":["ServiceCallOrigins"],"consumes":["application/json","application/xml"]}},"/ServiceCallOrigins":{"post":{"produces":["application/json","application/xml"],"description":"Create an instance of 'ServiceCallOrigins' with the given payload of type 'ServiceCallOrigin' in JSON format.","responses":{"200":{"description":"successful operation"}},"parameters":[{"schema":{"$ref":"#/definitions/ServiceCallOrigin"},"in":"body","name":"body"}],"tags":["ServiceCallOrigins"],"consumes":["application/json","application/xml"]},"get":{"produces":["application/json","application/xml"],"description":"Retrieve a collection of 'ServiceCallOrigins' with all or some selected properties in the given order by specifying the given filter condition.","responses":{"200":{"description":"successful operation"}},"parameters":[{"name":"OriginID","type":"string"},{"name":"Name","type":"string"},{"name":"Descrip","type":"string"}],"tags":["ServiceCallOrigins"],"consumes":["application/json","application/xml"]}}},"host":"slcdemo.cfapps.sap.hana.ondemand.com","schemes":"https","definitions":{"ServiceCallOrigin":{"type":"object","properties":{"Description":{"type":"string"},"OriginID":{"type":"integer"},"Name":{"type":"string"}}}},"swagger":"3.0","info":{"description":"This is a sample server Petstore server.","title":"Swagger For Service Layer","version":"1.0.0"},"tags":[{"name":"ServiceCallOrigins","description":"This entity enables you to manipulate 'ServiceCallOrigins'."}]}