{"basePath":"/b1s/v1/","paths":{"/ServiceGroupsService_GetServiceGroupList":{"post":{"produces":["application/json","application/xml"],"description":"Invoke the method 'GetServiceGroupList' on this service.","responses":{"200":{"description":"successful operation"}},"parameters":[{"schema":{"$ref":"#/definitions/ServiceGroup"},"in":"body","name":"body"}],"tags":["ServiceGroupsService"],"consumes":["application/json","application/xml"]}}},"host":"slcdemo.cfapps.sap.hana.ondemand.com","schemes":"https","definitions":{"ServiceGroup":{"type":"object","properties":{}}},"swagger":"3.0","info":{"description":"This is a sample server Petstore server.","title":"Swagger For Service Layer","version":"1.0.0"},"tags":[{"name":"ServiceGroupsService","description":"This API enables you to invoke the interfaces defined on 'ServiceGroupsService'."}]}