{"basePath":"/b1s/v1/","paths":{"/ServiceCallOriginsService_GetServiceCallOriginList":{"post":{"produces":["application/json","application/xml"],"description":"Invoke the method 'GetServiceCallOriginList' on this service.","responses":{"200":{"description":"successful operation"}},"parameters":[{"schema":{"$ref":"#/definitions/ServiceCallOrigin"},"in":"body","name":"body"}],"tags":["ServiceCallOriginsService"],"consumes":["application/json","application/xml"]}}},"host":"slcdemo.cfapps.sap.hana.ondemand.com","schemes":"https","definitions":{"ServiceCallOrigin":{"type":"object","properties":{}}},"swagger":"3.0","info":{"description":"This is a sample server Petstore server.","title":"Swagger For Service Layer","version":"1.0.0"},"tags":[{"name":"ServiceCallOriginsService","description":"This API enables you to invoke the interfaces defined on 'ServiceCallOriginsService'."}]}