{"basePath":"/b1s/v1/","paths":{"/ShippingTypes(id)":{"patch":{"produces":["application/json","application/xml"],"description":"Update an instance of 'ShippingTypes' with the given payload of type 'ShippingType' in JSON format and with the specified id.","responses":{"200":{"description":"successful operation"}},"parameters":[{"schema":{"$ref":"#/definitions/ShippingType"},"in":"body","name":"body"}],"tags":["ShippingTypes"],"consumes":["application/json","application/xml"]},"get":{"produces":["application/json","application/xml"],"description":"Retrieve all or some selected properties from an instance of 'ShippingTypes' with the given id.","responses":{"200":{"description":"successful operation"}},"parameters":[{"name":"Code","type":"string"},{"name":"Name","type":"string"},{"name":"Website","type":"string"}],"tags":["ShippingTypes"],"consumes":["application/json","application/xml"]},"delete":{"produces":["application/json","application/xml"],"description":"Delete an instance of 'ShippingTypes' with the specified id.","responses":{"200":{"description":"successful operation"}},"parameters":[],"tags":["ShippingTypes"],"consumes":["application/json","application/xml"]}},"/ShippingTypes":{"post":{"produces":["application/json","application/xml"],"description":"Create an instance of 'ShippingTypes' with the given payload of type 'ShippingType' in JSON format.","responses":{"200":{"description":"successful operation"}},"parameters":[{"schema":{"$ref":"#/definitions/ShippingType"},"in":"body","name":"body"}],"tags":["ShippingTypes"],"consumes":["application/json","application/xml"]},"get":{"produces":["application/json","application/xml"],"description":"Retrieve a collection of 'ShippingTypes' with all or some selected properties in the given order by specifying the given filter condition.","responses":{"200":{"description":"successful operation"}},"parameters":[{"name":"Code","type":"string"},{"name":"Name","type":"string"},{"name":"Web","type":"string"}],"tags":["ShippingTypes"],"consumes":["application/json","application/xml"]}}},"host":"slcdemo.cfapps.sap.hana.ondemand.com","schemes":"https","definitions":{"ShippingType":{"type":"object","properties":{"Website":{"type":"string"},"Code":{"type":"integer"},"Name":{"type":"string"}}}},"swagger":"3.0","info":{"description":"This is a sample server Petstore server.","title":"Swagger For Service Layer","version":"1.0.0"},"tags":[{"name":"ShippingTypes","description":"This entity enables you to manipulate 'ShippingTypes'. It defines transportation methods (for example, air cargo and courier) of goods."}]}