{"basePath":"/b1s/v1/","paths":{"/SpecialPrices(id)":{"patch":{"produces":["application/json","application/xml"],"description":"Update an instance of 'SpecialPrices' with the given payload of type 'SpecialPrice' in JSON format and with the specified id.","responses":{"200":{"description":"successful operation"}},"parameters":[{"schema":{"$ref":"#/definitions/SpecialPrice"},"in":"body","name":"body"}],"tags":["SpecialPrices"],"consumes":["application/json","application/xml"]},"get":{"produces":["application/json","application/xml"],"description":"Retrieve all or some selected properties from an instance of 'SpecialPrices' with the given id.","responses":{"200":{"description":"successful operation"}},"parameters":[{"name":"ItemCode","type":"string"},{"name":"CardCode","type":"string"},{"name":"Price","type":"string"}],"tags":["SpecialPrices"],"consumes":["application/json","application/xml"]},"delete":{"produces":["application/json","application/xml"],"description":"Delete an instance of 'SpecialPrices' with the specified id.","responses":{"200":{"description":"successful operation"}},"parameters":[],"tags":["SpecialPrices"],"consumes":["application/json","application/xml"]}},"/SpecialPrices":{"post":{"produces":["application/json","application/xml"],"description":"Create an instance of 'SpecialPrices' with the given payload of type 'SpecialPrice' in JSON format.","responses":{"200":{"description":"successful operation"}},"parameters":[{"schema":{"$ref":"#/definitions/SpecialPrice"},"in":"body","name":"body"}],"tags":["SpecialPrices"],"consumes":["application/json","application/xml"]},"get":{"produces":["application/json","application/xml"],"description":"Retrieve a collection of 'SpecialPrices' with all or some selected properties in the given order by specifying the given filter condition.","responses":{"200":{"description":"successful operation"}},"parameters":[{"name":"ItemCode","type":"string"},{"name":"CardCode","type":"string"},{"name":"P","type":"string"}],"tags":["SpecialPrices"],"consumes":["application/json","application/xml"]}}},"host":"slcdemo.cfapps.sap.hana.ondemand.com","schemes":"https","definitions":{"SourceCurrencyEnum":{"type":"string","enum":["sc_PrimaryCurrency","sc_AdditionalCurrency2","sc_AdditionalCurrency1"]},"SpecialPriceDataArea":{"type":"object","properties":{"SpecialPriceQuantityAreas":{"type":"array","items":{"$ref":"#/definitions/SpecialPriceQuantityArea"}},"RowNumber":{"type":"integer"},"Discount":{"type":"number"},"AutoUpdate":{"$ref":"#/definitions/BoYesNoEnum"},"SpecialPrice":{"type":"number"},"DateFrom":{"type":"string"},"ItemNo":{"type":"string"},"BPCode":{"type":"string"},"PriceCurrency":{"type":"string"},"PriceListNo":{"type":"integer"},"Dateto":{"type":"string"}}},"SpecialPrice":{"type":"object","properties":{"SpecialPriceQuantityAreas":{"type":"array","items":{"$ref":"#/definitions/SpecialPriceQuantityArea"}},"ItemCode":{"type":"string"},"Discount":{"type":"number"},"UoMEntry":{"type":"integer"},"PriceListNum":{"type":"integer"},"SourcePrice":{"description":"SourceCurrencyEnum","type":"string","enum":["sc_PrimaryCurrency","sc_AdditionalCurrency2","sc_AdditionalCurrency1"]},"SpecialPrice":{"type":"number"},"CardCode":{"type":"string"},"Quantity":{"type":"number"},"RowNumber":{"type":"integer"},"Discountin":{"type":"number"},"Price":{"type":"number"},"AutoUpdate":{"description":"BoYesNoEnum","type":"string","enum":["tYES","tNO"]},"Currency":{"type":"string"},"DateFrom":{"type":"string"},"ItemNo":{"type":"string"},"SpecialPriceDataAreas":{"type":"array","items":{"$ref":"#/definitions/SpecialPriceDataArea"}},"BPCode":{"type":"string"},"SPDARowNumber":{"type":"integer"},"PriceCurrency":{"type":"string"},"PriceListNo":{"type":"integer"},"DiscountPercent":{"type":"number"},"Dateto":{"type":"string"}}},"SpecialPriceQuantityArea":{"type":"object","properties":{"RowNumber":{"type":"integer"},"UoMEntry":{"type":"integer"},"Discountin":{"type":"number"},"SpecialPrice":{"type":"number"},"ItemNo":{"type":"string"},"Quantity":{"type":"number"},"SPDARowNumber":{"type":"integer"},"BPCode":{"type":"string"},"PriceCurrency":{"type":"string"}}},"BoYesNoEnum":{"type":"string","enum":["tYES","tNO"]}},"swagger":"3.0","info":{"description":"This is a sample server Petstore server.","title":"Swagger For Service Layer","version":"1.0.0"},"tags":[{"name":"SpecialPrices","description":"This entity enables you to manipulate 'SpecialPrices'. It represents a discount for a specific item in a specific price list. The discount can apply to a specific business partner or for all business partners. For a specific business partner, the item and business partner must be unique; for all business partners, the item and price list must be unique."}]}