{"basePath":"/b1s/v1/","paths":{"/States(id)":{"patch":{"produces":["application/json","application/xml"],"description":"Update an instance of 'States' with the given payload of type 'State' in JSON format and with the specified id.","responses":{"200":{"description":"successful operation"}},"parameters":[{"schema":{"$ref":"#/definitions/State"},"in":"body","name":"body"}],"tags":["States"],"consumes":["application/json","application/xml"]},"get":{"produces":["application/json","application/xml"],"description":"Retrieve all or some selected properties from an instance of 'States' with the given id.","responses":{"200":{"description":"successful operation"}},"parameters":[{"name":"Code","type":"string"},{"name":"Country","type":"string"},{"name":"Name","type":"string"}],"tags":["States"],"consumes":["application/json","application/xml"]},"delete":{"produces":["application/json","application/xml"],"description":"Delete an instance of 'States' with the specified id.","responses":{"200":{"description":"successful operation"}},"parameters":[],"tags":["States"],"consumes":["application/json","application/xml"]}},"/States":{"post":{"produces":["application/json","application/xml"],"description":"Create an instance of 'States' with the given payload of type 'State' in JSON format.","responses":{"200":{"description":"successful operation"}},"parameters":[{"schema":{"$ref":"#/definitions/State"},"in":"body","name":"body"}],"tags":["States"],"consumes":["application/json","application/xml"]},"get":{"produces":["application/json","application/xml"],"description":"Retrieve a collection of 'States' with all or some selected properties in the given order by specifying the given filter condition.","responses":{"200":{"description":"successful operation"}},"parameters":[{"name":"Code","type":"string"},{"name":"Country","type":"string"}],"tags":["States"],"consumes":["application/json","application/xml"]}}},"host":"slcdemo.cfapps.sap.hana.ondemand.com","schemes":"https","definitions":{"State":{"type":"object","properties":{"Country":{"type":"string"},"Code":{"type":"string"},"Name":{"type":"string"}}}},"swagger":"3.0","info":{"description":"This is a sample server Petstore server.","title":"Swagger For Service Layer","version":"1.0.0"},"tags":[{"name":"States","description":"This entity enables you to manipulate 'States'."}]}