{"basePath":"/b1s/v1/","paths":{"/StatesService_GetStateList":{"post":{"produces":["application/json","application/xml"],"description":"Invoke the method 'GetStateList' on this service.","responses":{"200":{"description":"successful operation"}},"parameters":[{"schema":{"$ref":"#/definitions/State"},"in":"body","name":"body"}],"tags":["StatesService"],"consumes":["application/json","application/xml"]}}},"host":"slcdemo.cfapps.sap.hana.ondemand.com","schemes":"https","definitions":{"State":{"type":"object","properties":{}}},"swagger":"3.0","info":{"description":"This is a sample server Petstore server.","title":"Swagger For Service Layer","version":"1.0.0"},"tags":[{"name":"StatesService","description":"This API enables you to invoke the interfaces defined on 'StatesService'."}]}