{"basePath":"/b1s/v1/","paths":{"/StockTransferDraftService_HandleApprovalRequest":{"post":{"produces":["application/json","application/xml"],"description":"Invoke the method 'HandleApprovalRequest' on this service.","responses":{"200":{"description":"successful operation"}},"parameters":[{"schema":{"$ref":"#/definitions/StockTransfer"},"in":"body","name":"body"}],"tags":["StockTransferDraftService"],"consumes":["application/json","application/xml"]}},"/StockTransferDraftService_GetApprovalTemplates":{"post":{"produces":["application/json","application/xml"],"description":"Invoke the method 'GetApprovalTemplates' on this service by specifying the payload 'StockTransfer' in the JSON format.","responses":{"200":{"description":"successful operation"}},"parameters":[{"schema":{"$ref":"#/definitions/StockTransfer"},"in":"body","name":"body"}],"tags":["StockTransferDraftService"],"consumes":["application/json","application/xml"]}}},"host":"slcdemo.cfapps.sap.hana.ondemand.com","schemes":"https","definitions":{"StockTransfer_ApprovalRequest":{"type":"object","properties":{"ApprovalTemplatesID":{"type":"integer"},"Remarks":{"type":"string"}}},"InvBaseDocTypeEnum":{"type":"string","enum":["InventoryTransferRequest","Default","PurchaseDeliveryNotes","WarehouseTransfers","Empty","InventoryGeneralEntry"]},"BatchNumber":{"type":"object","properties":{"BaseLineNumber":{"type":"integer"},"ExpiryDate":{"type":"string"},"AddmisionDate":{"type":"string"},"BatchNumber":{"type":"string"},"ManufacturingDate":{"type":"string"},"TrackingNote":{"type":"integer"},"Quantity":{"type":"number"},"InternalSerialNumber":{"type":"string"},"TrackingNoteLine":{"type":"integer"},"Notes":{"type":"string"},"ManufacturerSerialNumber":{"type":"string"},"Location":{"type":"string"}}},"StockTransferTaxExtension":{"type":"object","properties":{"SupportVAT":{"$ref":"#/definitions/BoYesNoEnum"},"FormNumber":{"type":"string"},"TransactionCategory":{"type":"string"}}},"StockTransferLinesBinAllocation":{"type":"object","properties":{"BaseLineNumber":{"type":"integer"},"SerialAndBatchNumbersBaseLine":{"type":"integer"},"Quantity":{"type":"number"},"AllowNegativeQuantity":{"$ref":"#/definitions/BoYesNoEnum"},"BinActionType":{"$ref":"#/definitions/BinActionTypeEnum"},"BinAbsEntry":{"type":"integer"}}},"BinActionTypeEnum":{"type":"string","enum":["batToWarehouse","batFromWarehouse"]},"BoStatus":{"type":"string","enum":["bost_Paid","bost_Delivered","bost_Open","bost_Close"]},"StockTransferLine":{"type":"object","properties":{"Factor2":{"type":"number"},"ItemCode":{"type":"string"},"DistributionRule4":{"type":"string"},"DistributionRule5":{"type":"string"},"DistributionRule2":{"type":"string"},"DistributionRule3":{"type":"string"},"Factor4":{"type":"number"},"Factor3":{"type":"number"},"RemainingOpenInventoryQuantity":{"type":"number"},"VendorNum":{"type":"string"},"ItemDescription":{"type":"string"},"WarehouseCode":{"type":"string"},"LineStatus":{"$ref":"#/definitions/BoStatus"},"FromWarehouseCode":{"type":"string"},"LineNum":{"type":"integer"},"Currency":{"type":"string"},"Factor":{"type":"number"},"UoMCode":{"type":"string"},"ProjectCode":{"type":"string"},"DiscountPercent":{"type":"number"},"DistributionRule":{"type":"string"},"RemainingOpenQuantity":{"type":"number"},"InventoryQuantity":{"type":"number"},"UoMEntry":{"type":"integer"},"Rate":{"type":"number"},"SerialNumbers":{"type":"array","items":{"$ref":"#/definitions/SerialNumber"}},"StockTransferLinesBinAllocations":{"type":"array","items":{"$ref":"#/definitions/StockTransferLinesBinAllocation"}},"DocEntry":{"type":"integer"},"Quantity":{"type":"number"},"UnitPrice":{"type":"number"},"MeasureUnit":{"type":"string"},"SerialNumber":{"type":"string"},"Price":{"type":"number"},"BaseType":{"$ref":"#/definitions/InvBaseDocTypeEnum"},"BatchNumbers":{"type":"array","items":{"$ref":"#/definitions/BatchNumber"}},"UseBaseUnits":{"$ref":"#/definitions/BoYesNoEnum"},"BaseEntry":{"type":"integer"},"UnitsOfMeasurment":{"type":"number"},"BaseLine":{"type":"integer"}}},"BoYesNoEnum":{"type":"string","enum":["tYES","tNO"]},"FolioLetterEnum":{"type":"string","enum":["fLetterR","fLetterE","fLetterB","fLetterC","fLetterA","fLetterM"]},"ElecCommStatusEnum":{"type":"string","enum":["ecsApproved","ecsRejected","ecsPendingApproval"]},"SerialNumber":{"type":"object","properties":{"BaseLineNumber":{"type":"integer"},"WarrantyStart":{"type":"string"},"ExpiryDate":{"type":"string"},"ReceptionDate":{"type":"string"},"ManufactureDate":{"type":"string"},"WarrantyEnd":{"type":"string"},"BatchID":{"type":"string"},"Quantity":{"type":"number"},"InternalSerialNumber":{"type":"string"},"SystemSerialNumber":{"type":"integer"},"TrackingNote":{"type":"integer"},"TrackingNoteLine":{"type":"integer"},"Notes":{"type":"string"},"ManufacturerSerialNumber":{"type":"string"},"Location":{"type":"string"}}},"StockTransferAuthorizationStatusEnum":{"type":"string","enum":["sasGeneratedbyAuthorizer","sasPending","sasGenerated","sasApproved","sasCancelled","sasWithout","sasRejected"]},"StockTransfer":{"type":"object","properties":{"PointOfIssueCode":{"type":"string"},"CreationDate":{"type":"string"},"WarrantyStart":{"type":"string"},"Address":{"type":"string"},"InternalSerialNumber":{"type":"string"},"WarehouseCode":{"type":"string"},"ContactPerson":{"type":"integer"},"UpdateDate":{"type":"string"},"LineNum":{"type":"integer"},"TaxDate":{"type":"string"},"EndDeliveryDate":{"type":"string"},"Currency":{"type":"string"},"TrackingNote":{"type":"integer"},"DocNum":{"type":"integer"},"DiscountPercent":{"type":"number"},"BaseLineNumber":{"type":"integer"},"BatchNumber":{"type":"string"},"Rate":{"type":"number"},"StockTransferLinesBinAllocations":{"type":"array","items":{"$ref":"#/definitions/StockTransferLinesBinAllocation"}},"ToWarehouse":{"type":"string"},"BinAbsEntry":{"type":"integer"},"Letter":{"description":"FolioLetterEnum","type":"string","enum":["fLetterR","fLetterE","fLetterB","fLetterC","fLetterA","fLetterM"]},"EndDeliveryTime":{"type":"array","items":{}},"ElecCommStatus":{"description":"ElecCommStatusEnum","type":"string","enum":["ecsApproved","ecsRejected","ecsPendingApproval"]},"Reference1":{"type":"string"},"UseBaseUnits":{"description":"BoYesNoEnum","type":"string","enum":["tYES","tNO"]},"Reference2":{"type":"string"},"FolioNumberTo":{"type":"integer"},"VendorNum":{"type":"string"},"TransactionCategory":{"type":"string"},"ManufacturingDate":{"type":"string"},"UoMCode":{"type":"string"},"BPLName":{"type":"string"},"RemainingOpenQuantity":{"type":"number"},"AddmisionDate":{"type":"string"},"SerialAndBatchNumbersBaseLine":{"type":"integer"},"CardCode":{"type":"string"},"SalesPersonCode":{"type":"integer"},"DocumentStatus":{"description":"BoStatus","type":"string","enum":["bost_Paid","bost_Delivered","bost_Open","bost_Close"]},"UnitPrice":{"type":"number"},"BatchNumbers":{"type":"array","items":{"$ref":"#/definitions/BatchNumber"}},"TrackingNoteLine":{"type":"integer"},"Factor2":{"type":"number"},"FinancialPeriod":{"type":"integer"},"FormNumber":{"type":"string"},"CardName":{"type":"string"},"ATDocumentType":{"type":"string"},"DistributionRule4":{"type":"string"},"ExpiryDate":{"type":"string"},"DistributionRule5":{"type":"string"},"ApprovalTemplatesID":{"type":"integer"},"DistributionRule2":{"type":"string"},"ElecCommMessage":{"type":"string"},"DistributionRule3":{"type":"string"},"ReceptionDate":{"type":"string"},"Factor4":{"type":"number"},"ManufactureDate":{"type":"string"},"Factor3":{"type":"number"},"RemainingOpenInventoryQuantity":{"type":"number"},"LineStatus":{"description":"BoStatus","type":"string","enum":["bost_Paid","bost_Delivered","bost_Open","bost_Close"]},"FromWarehouseCode":{"type":"string"},"AuthorizationStatus":{"description":"StockTransferAuthorizationStatusEnum","type":"string","enum":["sasGeneratedbyAuthorizer","sasPending","sasGenerated","sasApproved","sasCancelled","sasWithout","sasRejected"]},"VehiclePlate":{"type":"string"},"Remarks":{"type":"string"},"Factor":{"type":"number"},"Printed":{"description":"BoYesNoEnum","type":"string","enum":["tYES","tNO"]},"FolioNumber":{"type":"integer"},"BPLID":{"type":"integer"},"FolioNumberFrom":{"type":"integer"},"StartDeliveryTime":{"type":"array","items":{}},"DocObjectCode":{"type":"string"},"UoMEntry":{"type":"integer"},"FromWarehouse":{"type":"string"},"StockTransferTaxExtension":{"type":"array","items":{"$ref":"#/definitions/StockTransferTaxExtension"}},"DocEntry":{"type":"integer"},"AllowNegativeQuantity":{"description":"BoYesNoEnum","type":"string","enum":["tYES","tNO"]},"EDocExportFormat":{"type":"integer"},"MeasureUnit":{"type":"string"},"SerialNumber":{"type":"string"},"Price":{"type":"number"},"BaseEntry":{"type":"integer"},"UnitsOfMeasurment":{"type":"number"},"BaseLine":{"type":"integer"},"SupportVAT":{"description":"BoYesNoEnum","type":"string","enum":["tYES","tNO"]},"ItemCode":{"type":"string"},"DocDate":{"type":"string"},"WarrantyEnd":{"type":"string"},"BatchID":{"type":"string"},"FolioPrefixString":{"type":"string"},"BinActionType":{"description":"BinActionTypeEnum","type":"string","enum":["batToWarehouse","batFromWarehouse"]},"ItemDescription":{"type":"string"},"SystemSerialNumber":{"type":"integer"},"VATRegNum":{"type":"string"},"ProjectCode":{"type":"string"},"DueDate":{"type":"string"},"PriceList":{"type":"integer"},"Notes":{"type":"string"},"DistributionRule":{"type":"string"},"AuthorizationCode":{"type":"string"},"InventoryQuantity":{"type":"number"},"Comments":{"type":"string"},"SerialNumbers":{"type":"array","items":{"$ref":"#/definitions/SerialNumber"}},"StockTransfer_ApprovalRequests":{"type":"array","items":{"$ref":"#/definitions/StockTransfer_ApprovalRequest"}},"Quantity":{"type":"number"},"AttachmentEntry":{"type":"integer"},"StockTransferLines":{"type":"array","items":{"$ref":"#/definitions/StockTransferLine"}},"TransNum":{"type":"integer"},"Series":{"type":"integer"},"BaseType":{"description":"InvBaseDocTypeEnum","type":"string","enum":["InventoryTransferRequest","Default","PurchaseDeliveryNotes","WarehouseTransfers","Empty","InventoryGeneralEntry"]},"JournalMemo":{"type":"string"},"StartDeliveryDate":{"type":"string"},"ManufacturerSerialNumber":{"type":"string"},"Location":{"type":"string"}}}},"swagger":"3.0","info":{"description":"This is a sample server Petstore server.","title":"Swagger For Service Layer","version":"1.0.0"},"tags":[{"name":"StockTransferDraftService","description":"This API enables you to invoke the interfaces defined on 'StockTransferDraftService'."}]}