{"basePath":"/b1s/v1/","paths":{"/StockTakings":{"post":{"produces":["application/json","application/xml"],"description":"Create an instance of 'StockTakings' with the given payload of type 'StockTaking' in JSON format.","responses":{"200":{"description":"successful operation"}},"parameters":[{"schema":{"$ref":"#/definitions/StockTaking"},"in":"body","name":"body"}],"tags":["StockTakings"],"consumes":["application/json","application/xml"]},"get":{"produces":["application/json","application/xml"],"description":"Retrieve a collection of 'StockTakings' with all or some selected properties in the given order by specifying the given filter condition.","responses":{"200":{"description":"successful operation"}},"parameters":[{"name":"ItemCode","type":"string"},{"name":"WarehouseCode","type":"string"},{"name":"Cou","type":"string"}],"tags":["StockTakings"],"consumes":["application/json","application/xml"]}},"/StockTakings(id)":{"patch":{"produces":["application/json","application/xml"],"description":"Update an instance of 'StockTakings' with the given payload of type 'StockTaking' in JSON format and with the specified id.","responses":{"200":{"description":"successful operation"}},"parameters":[{"schema":{"$ref":"#/definitions/StockTaking"},"in":"body","name":"body"}],"tags":["StockTakings"],"consumes":["application/json","application/xml"]},"get":{"produces":["application/json","application/xml"],"description":"Retrieve all or some selected properties from an instance of 'StockTakings' with the given id.","responses":{"200":{"description":"successful operation"}},"parameters":[{"name":"ItemCode","type":"string"},{"name":"WarehouseCode","type":"string"},{"name":"Counted","type":"string"}],"tags":["StockTakings"],"consumes":["application/json","application/xml"]},"delete":{"produces":["application/json","application/xml"],"description":"Delete an instance of 'StockTakings' with the specified id.","responses":{"200":{"description":"successful operation"}},"parameters":[],"tags":["StockTakings"],"consumes":["application/json","application/xml"]}}},"host":"slcdemo.cfapps.sap.hana.ondemand.com","schemes":"https","definitions":{"StockTaking":{"type":"object","properties":{"Counted":{"type":"number"},"ItemCode":{"type":"string"},"WarehouseCode":{"type":"string"}}}},"swagger":"3.0","info":{"description":"This is a sample server Petstore server.","title":"Swagger For Service Layer","version":"1.0.0"},"tags":[{"name":"StockTakings","description":"This entity enables you to manipulate 'StockTakings'."}]}