{"basePath":"/b1s/v1/","paths":{"/TargetGroups(id)":{"patch":{"produces":["application/json","application/xml"],"description":"Update an instance of 'TargetGroups' with the given payload of type 'TargetGroup' in JSON format and with the specified id.","responses":{"200":{"description":"successful operation"}},"parameters":[{"schema":{"$ref":"#/definitions/TargetGroup"},"in":"body","name":"body"}],"tags":["TargetGroups"],"consumes":["application/json","application/xml"]},"get":{"produces":["application/json","application/xml"],"description":"Retrieve all or some selected properties from an instance of 'TargetGroups' with the given id.","responses":{"200":{"description":"successful operation"}},"parameters":[{"name":"TargetGroupCode","type":"string"},{"name":"TargetGroupName","type":"string"},{"name":"TargetGroupType","type":"string"}],"tags":["TargetGroups"],"consumes":["application/json","application/xml"]},"delete":{"produces":["application/json","application/xml"],"description":"Delete an instance of 'TargetGroups' with the specified id.","responses":{"200":{"description":"successful operation"}},"parameters":[],"tags":["TargetGroups"],"consumes":["application/json","application/xml"]}},"/TargetGroups":{"post":{"produces":["application/json","application/xml"],"description":"Create an instance of 'TargetGroups' with the given payload of type 'TargetGroup' in JSON format.","responses":{"200":{"description":"successful operation"}},"parameters":[{"schema":{"$ref":"#/definitions/TargetGroup"},"in":"body","name":"body"}],"tags":["TargetGroups"],"consumes":["application/json","application/xml"]},"get":{"produces":["application/json","application/xml"],"description":"Retrieve a collection of 'TargetGroups' with all or some selected properties in the given order by specifying the given filter condition.","responses":{"200":{"description":"successful operation"}},"parameters":[{"name":"TargetGroupCode","type":"string"},{"name":"TargetGroupName","type":"string"},{"name":"TargetGroup","type":"string"}],"tags":["TargetGroups"],"consumes":["application/json","application/xml"]}}},"host":"slcdemo.cfapps.sap.hana.ondemand.com","schemes":"https","definitions":{"TargetGroupsDetailStatusEnum":{"type":"string","enum":["tdsActive","tdsInactive"]},"TargetGroupsDetail":{"type":"object","properties":{"Building":{"type":"string"},"Telephone":{"type":"string"},"Address":{"type":"string"},"Position":{"type":"string"},"ZipCode":{"type":"string"},"GroupCode":{"type":"string"},"Title":{"type":"string"},"City":{"type":"string"},"E_Mail":{"type":"string"},"County":{"type":"string"},"ContactPerson":{"type":"string"},"MobilePhone":{"type":"string"},"ActiveStatus":{"$ref":"#/definitions/TargetGroupsDetailStatusEnum"},"Industry":{"type":"string"},"State":{"type":"string"},"TargetGroupCode":{"type":"string"},"Street":{"type":"string"},"Block":{"type":"string"},"Country":{"type":"string"},"Fax":{"type":"string"},"BusinessPartnerCode":{"type":"string"},"BusinessPartnerName":{"type":"string"}}},"TargetGroup":{"type":"object","properties":{"Building":{"type":"string"},"TargetGroupType":{"description":"TargetGroupTypeEnum","type":"string","enum":["tgtCustomer","tgtVendor"]},"Telephone":{"type":"string"},"Address":{"type":"string"},"E_Mail":{"type":"string"},"County":{"type":"string"},"ContactPerson":{"type":"string"},"MobilePhone":{"type":"string"},"ActiveStatus":{"description":"TargetGroupsDetailStatusEnum","type":"string","enum":["tdsActive","tdsInactive"]},"Industry":{"type":"string"},"Street":{"type":"string"},"TargetGroupName":{"type":"string"},"BusinessPartnerName":{"type":"string"},"Position":{"type":"string"},"ZipCode":{"type":"string"},"GroupCode":{"type":"string"},"Title":{"type":"string"},"City":{"type":"string"},"State":{"type":"string"},"TargetGroupsDetails":{"type":"array","items":{"$ref":"#/definitions/TargetGroupsDetail"}},"TargetGroupCode":{"type":"string"},"Block":{"type":"string"},"Country":{"type":"string"},"Fax":{"type":"string"},"BusinessPartnerCode":{"type":"string"}}},"TargetGroupTypeEnum":{"type":"string","enum":["tgtCustomer","tgtVendor"]}},"swagger":"3.0","info":{"description":"This is a sample server Petstore server.","title":"Swagger For Service Layer","version":"1.0.0"},"tags":[{"name":"TargetGroups","description":"This entity enables you to manipulate 'TargetGroups'."}]}