{"basePath":"/b1s/v1/","paths":{"/TaxCodeDeterminationsTCDService_GetTaxCodeDeterminationTCDList":{"post":{"produces":["application/json","application/xml"],"description":"Invoke the method 'GetTaxCodeDeterminationTCDList' on this service.","responses":{"200":{"description":"successful operation"}},"parameters":[{"schema":{"$ref":"#/definitions/TaxCodeDeterminationTCD"},"in":"body","name":"body"}],"tags":["TaxCodeDeterminationsTCDService"],"consumes":["application/json","application/xml"]}}},"host":"slcdemo.cfapps.sap.hana.ondemand.com","schemes":"https","definitions":{"TaxCodeDeterminationTCD":{"type":"object","properties":{}}},"swagger":"3.0","info":{"description":"This is a sample server Petstore server.","title":"Swagger For Service Layer","version":"1.0.0"},"tags":[{"name":"TaxCodeDeterminationsTCDService","description":"This API enables you to invoke the interfaces defined on 'TaxCodeDeterminationsTCDService'."}]}