{"basePath":"/b1s/v1/","paths":{"/TaxCodeDeterminations(id)":{"patch":{"produces":["application/json","application/xml"],"description":"Update an instance of 'TaxCodeDeterminations' with the given payload of type 'TaxCodeDetermination' in JSON format and with the specified id.","responses":{"200":{"description":"successful operation"}},"parameters":[{"schema":{"$ref":"#/definitions/TaxCodeDetermination"},"in":"body","name":"body"}],"tags":["TaxCodeDeterminations"],"consumes":["application/json","application/xml"]},"get":{"produces":["application/json","application/xml"],"description":"Retrieve all or some selected properties from an instance of 'TaxCodeDeterminations' with the given id.","responses":{"200":{"description":"successful operation"}},"parameters":[{"name":"DocEntry","type":"string"},{"name":"LineNumber","type":"string"},{"name":"DocumentType","type":"string"}],"tags":["TaxCodeDeterminations"],"consumes":["application/json","application/xml"]},"delete":{"produces":["application/json","application/xml"],"description":"Delete an instance of 'TaxCodeDeterminations' with the specified id.","responses":{"200":{"description":"successful operation"}},"parameters":[],"tags":["TaxCodeDeterminations"],"consumes":["application/json","application/xml"]}},"/TaxCodeDeterminations":{"post":{"produces":["application/json","application/xml"],"description":"Create an instance of 'TaxCodeDeterminations' with the given payload of type 'TaxCodeDetermination' in JSON format.","responses":{"200":{"description":"successful operation"}},"parameters":[{"schema":{"$ref":"#/definitions/TaxCodeDetermination"},"in":"body","name":"body"}],"tags":["TaxCodeDeterminations"],"consumes":["application/json","application/xml"]},"get":{"produces":["application/json","application/xml"],"description":"Retrieve a collection of 'TaxCodeDeterminations' with all or some selected properties in the given order by specifying the given filter condition.","responses":{"200":{"description":"successful operation"}},"parameters":[{"name":"DocEntry","type":"string"},{"name":"LineNumber","type":"string"},{"name":"Document","type":"string"}],"tags":["TaxCodeDeterminations"],"consumes":["application/json","application/xml"]}}},"host":"slcdemo.cfapps.sap.hana.ondemand.com","schemes":"https","definitions":{"BoTCDDocumentTypeEnum":{"type":"string","enum":["tcddtItem","tcddtService","tcddtItemAndService"]},"TaxCodeDetermination":{"type":"object","properties":{"Condition1":{"description":"BoTCDConditionEnum","type":"string","enum":["tcdcShipToZipCode","tcdcCustomerGroup","tcdcFreight","tcdcWarehouse","tcdcNone","tcdcShipToAddress","tcdcShipToState","tcdcUDF","tcdcItemGroup","tcdcShipToCountry","tcdcShipToStreePOBox","tcdcBusinessPartner","tcdcBranchNumber","tcdcVendorGroup","tcdcItem","tcdcShipToCity","tcdcShipToCounty","tcdcTaxStatus","tcdcCustomerEquTax","tcdcFederalTaxID","tcdcGLAccount"]},"Condition2":{"description":"BoTCDConditionEnum","type":"string","enum":["tcdcShipToZipCode","tcdcCustomerGroup","tcdcFreight","tcdcWarehouse","tcdcNone","tcdcShipToAddress","tcdcShipToState","tcdcUDF","tcdcItemGroup","tcdcShipToCountry","tcdcShipToStreePOBox","tcdcBusinessPartner","tcdcBranchNumber","tcdcVendorGroup","tcdcItem","tcdcShipToCity","tcdcShipToCounty","tcdcTaxStatus","tcdcCustomerEquTax","tcdcFederalTaxID","tcdcGLAccount"]},"FreightHeaderTax":{"type":"string"},"UDFTable2":{"type":"string"},"UDFTable1":{"type":"string"},"Description":{"type":"string"},"UDFTable4":{"type":"string"},"UDFTable3":{"type":"string"},"UDFTable5":{"type":"string"},"Condition5":{"description":"BoTCDConditionEnum","type":"string","enum":["tcdcShipToZipCode","tcdcCustomerGroup","tcdcFreight","tcdcWarehouse","tcdcNone","tcdcShipToAddress","tcdcShipToState","tcdcUDF","tcdcItemGroup","tcdcShipToCountry","tcdcShipToStreePOBox","tcdcBusinessPartner","tcdcBranchNumber","tcdcVendorGroup","tcdcItem","tcdcShipToCity","tcdcShipToCounty","tcdcTaxStatus","tcdcCustomerEquTax","tcdcFederalTaxID","tcdcGLAccount"]},"LineNumber":{"type":"integer"},"Condition3":{"description":"BoTCDConditionEnum","type":"string","enum":["tcdcShipToZipCode","tcdcCustomerGroup","tcdcFreight","tcdcWarehouse","tcdcNone","tcdcShipToAddress","tcdcShipToState","tcdcUDF","tcdcItemGroup","tcdcShipToCountry","tcdcShipToStreePOBox","tcdcBusinessPartner","tcdcBranchNumber","tcdcVendorGroup","tcdcItem","tcdcShipToCity","tcdcShipToCounty","tcdcTaxStatus","tcdcCustomerEquTax","tcdcFederalTaxID","tcdcGLAccount"]},"Condition4":{"description":"BoTCDConditionEnum","type":"string","enum":["tcdcShipToZipCode","tcdcCustomerGroup","tcdcFreight","tcdcWarehouse","tcdcNone","tcdcShipToAddress","tcdcShipToState","tcdcUDF","tcdcItemGroup","tcdcShipToCountry","tcdcShipToStreePOBox","tcdcBusinessPartner","tcdcBranchNumber","tcdcVendorGroup","tcdcItem","tcdcShipToCity","tcdcShipToCounty","tcdcTaxStatus","tcdcCustomerEquTax","tcdcFederalTaxID","tcdcGLAccount"]},"UDFAlias4":{"type":"string"},"UDFAlias3":{"type":"string"},"UDFAlias2":{"type":"string"},"UDFAlias1":{"type":"string"},"TaxCode":{"type":"string"},"FreightRowTax":{"type":"string"},"UDFAlias5":{"type":"string"},"StringValue5":{"type":"string"},"MoneyValue5":{"type":"number"},"StringValue4":{"type":"string"},"StringValue1":{"type":"string"},"MoneyValue1":{"type":"number"},"MoneyValue2":{"type":"number"},"StringValue3":{"type":"string"},"MoneyValue3":{"type":"number"},"StringValue2":{"type":"string"},"MoneyValue4":{"type":"number"},"BusinessArea":{"description":"BoBusinessAreaEnum","type":"string","enum":["baSales","baSalesAndPurchase","baPurchase"]},"NumberValue5":{"type":"integer"},"DocEntry":{"type":"integer"},"DocumentType":{"description":"BoTCDDocumentTypeEnum","type":"string","enum":["tcddtItem","tcddtService","tcddtItemAndService"]},"NumberValue4":{"type":"integer"},"NumberValue1":{"type":"integer"},"NumberValue3":{"type":"integer"},"NumberValue2":{"type":"integer"}}},"BoTCDConditionEnum":{"type":"string","enum":["tcdcShipToZipCode","tcdcCustomerGroup","tcdcFreight","tcdcWarehouse","tcdcNone","tcdcShipToAddress","tcdcShipToState","tcdcUDF","tcdcItemGroup","tcdcShipToCountry","tcdcShipToStreePOBox","tcdcBusinessPartner","tcdcBranchNumber","tcdcVendorGroup","tcdcItem","tcdcShipToCity","tcdcShipToCounty","tcdcTaxStatus","tcdcCustomerEquTax","tcdcFederalTaxID","tcdcGLAccount"]},"BoBusinessAreaEnum":{"type":"string","enum":["baSales","baSalesAndPurchase","baPurchase"]}},"swagger":"3.0","info":{"description":"This is a sample server Petstore server.","title":"Swagger For Service Layer","version":"1.0.0"},"tags":[{"name":"TaxCodeDeterminations","description":"This entity enables you to manipulate 'TaxCodeDeterminations'."}]}