{"basePath":"/b1s/v1/","paths":{"/TaxCodeDeterminationsTCD":{"get":{"produces":["application/json","application/xml"],"description":"Retrieve a collection of 'TaxCodeDeterminationsTCD' with all or some selected properties in the given order by specifying the given filter condition.","responses":{"200":{"description":"successful operation"}},"parameters":[{"name":"AbsId","type":"string"},{"name":"TcdType","type":"string"},{"name":"DftAr","type":"string"}],"tags":["TaxCodeDeterminationsTCD"],"consumes":["application/json","application/xml"]}},"/TaxCodeDeterminationsTCD(id)":{"patch":{"produces":["application/json","application/xml"],"description":"Update an instance of 'TaxCodeDeterminationsTCD' with the given payload of type 'TaxCodeDeterminationTCD' in JSON format and with the specified id.","responses":{"200":{"description":"successful operation"}},"parameters":[{"schema":{"$ref":"#/definitions/TaxCodeDeterminationTCD"},"in":"body","name":"body"}],"tags":["TaxCodeDeterminationsTCD"],"consumes":["application/json","application/xml"]},"get":{"produces":["application/json","application/xml"],"description":"Retrieve all or some selected properties from an instance of 'TaxCodeDeterminationsTCD' with the given id.","responses":{"200":{"description":"successful operation"}},"parameters":[{"name":"AbsId","type":"string"},{"name":"TcdType","type":"string"},{"name":"DftArCode","type":"string"}],"tags":["TaxCodeDeterminationsTCD"],"consumes":["application/json","application/xml"]}}},"host":"slcdemo.cfapps.sap.hana.ondemand.com","schemes":"https","definitions":{"TaxCodeDeterminationTCDDefaultWTTypeEnum":{"type":"string","enum":["tcddwttDefaultSales","tcddwttDefaultPurchase","tcddwttLine"]},"TaxCodeDeterminationTCDKeyFieldValuePeriod":{"type":"object","properties":{"TaxCode":{"type":"string"},"EfctTo":{"type":"string"},"TaxCodeDeterminationTCDKeyFieldValuePeriodByUsages":{"type":"array","items":{"$ref":"#/definitions/TaxCodeDeterminationTCDKeyFieldValuePeriodByUsage"}},"EfctFrom":{"type":"string"},"AbsId":{"type":"integer"}}},"TaxCodeDeterminationTCDKeyFieldValuePeriodByUsage":{"type":"object","properties":{"UsageCode":{"type":"integer"},"TaxCode":{"type":"string"},"ExpTaxCode":{"type":"string"},"AbsId":{"type":"integer"}}},"TaxCodeDeterminationTCDDefaultWT":{"type":"object","properties":{"Type":{"$ref":"#/definitions/TaxCodeDeterminationTCDDefaultWTTypeEnum"},"AbsId":{"type":"integer"},"WTCode":{"type":"string"}}},"TaxCodeDeterminationTCDKeyField":{"type":"object","properties":{"UDFTable_3":{"type":"string"},"KeyFld_4":{"type":"integer"},"UDFTable_2":{"type":"string"},"UDFTable_1":{"type":"string"},"KeyFld_1":{"type":"integer"},"Priority":{"type":"integer"},"KeyFld_2":{"type":"integer"},"KeyFld_3":{"type":"integer"},"UDFTable_4":{"type":"string"},"TaxCodeDeterminationTCDKeyFieldValues":{"type":"array","items":{"$ref":"#/definitions/TaxCodeDeterminationTCDKeyFieldValue"}},"Descr":{"type":"string"},"AbsId":{"type":"integer"},"UDFAlias_1":{"type":"string"},"UDFAlias_2":{"type":"string"},"UDFAlias_3":{"type":"string"},"UDFAlias_4":{"type":"string"}}},"TaxCodeDeterminationTCDTypeEnum":{"type":"string","enum":["tcdtWithholdingTax","tcdtServiceDocument","tcdtMaterialItem","tcdtServiceItem"]},"TaxCodeDeterminationTCDByUsageTypeEnum":{"type":"string","enum":["tcdbutLine","tcdbutDefaultSales","tcdbutDefaultPurchase"]},"TaxCodeDeterminationTCDByUsage":{"type":"object","properties":{"UsageCode":{"type":"integer"},"Type":{"$ref":"#/definitions/TaxCodeDeterminationTCDByUsageTypeEnum"},"TaxCode":{"type":"string"},"ExpTaxCode":{"type":"string"},"AbsId":{"type":"integer"}}},"TaxCodeDeterminationTCDKeyFieldValueDefaultWT":{"type":"object","properties":{"AbsId":{"type":"integer"},"WTCode":{"type":"string"}}},"TaxCodeDeterminationTCD":{"type":"object","properties":{"KeyFld_4":{"type":"integer"},"UsageCode":{"type":"integer"},"DftApCode":{"type":"string"},"KeyFld_1":{"type":"integer"},"KeyFld_2":{"type":"integer"},"KeyFld_3":{"type":"integer"},"EfctTo":{"type":"string"},"TaxCodeDeterminationTCDKeyFieldValues":{"type":"array","items":{"$ref":"#/definitions/TaxCodeDeterminationTCDKeyFieldValue"}},"Descr":{"type":"string"},"TaxCodeDeterminationTCDKeyFields":{"type":"array","items":{"$ref":"#/definitions/TaxCodeDeterminationTCDKeyField"}},"DispOrder":{"type":"integer"},"AbsId":{"type":"integer"},"TaxCodeDeterminationTCDKeyFieldValuePeriods":{"type":"array","items":{"$ref":"#/definitions/TaxCodeDeterminationTCDKeyFieldValuePeriod"}},"TaxCode":{"type":"string"},"ExpTaxCode":{"type":"string"},"TaxCodeDeterminationTCDKeyFieldValuePeriodByUsages":{"type":"array","items":{"$ref":"#/definitions/TaxCodeDeterminationTCDKeyFieldValuePeriodByUsage"}},"EfctFrom":{"type":"string"},"TaxCodeDeterminationTCDKeyFieldValueDefaultWTs":{"type":"array","items":{"$ref":"#/definitions/TaxCodeDeterminationTCDKeyFieldValueDefaultWT"}},"WTCode":{"type":"string"},"UDFTable_3":{"type":"string"},"TaxCodeDeterminationTCDDefaultWTs":{"type":"array","items":{"$ref":"#/definitions/TaxCodeDeterminationTCDDefaultWT"}},"UDFTable_2":{"type":"string"},"UDFTable_1":{"type":"string"},"Priority":{"type":"integer"},"UDFTable_4":{"type":"string"},"TaxCodeDeterminationTCDByUsages":{"type":"array","items":{"$ref":"#/definitions/TaxCodeDeterminationTCDByUsage"}},"TcdType":{"description":"TaxCodeDeterminationTCDTypeEnum","type":"string","enum":["tcdtWithholdingTax","tcdtServiceDocument","tcdtMaterialItem","tcdtServiceItem"]},"Type":{"description":"TaxCodeDeterminationTCDByUsageTypeEnum","type":"string","enum":["tcdbutLine","tcdbutDefaultSales","tcdbutDefaultPurchase"]},"UDFAlias_1":{"type":"string"},"UDFAlias_2":{"type":"string"},"KeyFld_3_V":{"type":"string"},"UDFAlias_3":{"type":"string"},"KeyFld_4_V":{"type":"string"},"UDFAlias_4":{"type":"string"},"KeyFld_1_V":{"type":"string"},"KeyFld_2_V":{"type":"string"},"DftArCode":{"type":"string"}}},"TaxCodeDeterminationTCDKeyFieldValue":{"type":"object","properties":{"KeyFld_3_V":{"type":"string"},"KeyFld_4_V":{"type":"string"},"KeyFld_1_V":{"type":"string"},"KeyFld_2_V":{"type":"string"},"DispOrder":{"type":"integer"},"TaxCodeDeterminationTCDKeyFieldValueDefaultWTs":{"type":"array","items":{"$ref":"#/definitions/TaxCodeDeterminationTCDKeyFieldValueDefaultWT"}},"AbsId":{"type":"integer"},"TaxCodeDeterminationTCDKeyFieldValuePeriods":{"type":"array","items":{"$ref":"#/definitions/TaxCodeDeterminationTCDKeyFieldValuePeriod"}}}}},"swagger":"3.0","info":{"description":"This is a sample server Petstore server.","title":"Swagger For Service Layer","version":"1.0.0"},"tags":[{"name":"TaxCodeDeterminationsTCD","description":"This entity enables you to manipulate 'TaxCodeDeterminationsTCD'."}]}