{"basePath":"/b1s/v1/","paths":{"/TaxInvoiceReport":{"get":{"produces":["application/json","application/xml"],"description":"Retrieve a collection of 'TaxInvoiceReport' with all or some selected properties in the given order by specifying the given filter condition.","responses":{"200":{"description":"successful operation"}},"parameters":[{"name":"NTSApproval","type":"string"},{"name":"ETaxWebSite","type":"string"},{"name":"ET","type":"string"}],"tags":["TaxInvoiceReport"],"consumes":["application/json","application/xml"]}},"/TaxInvoiceReport(id)":{"patch":{"produces":["application/json","application/xml"],"description":"Update an instance of 'TaxInvoiceReport' with the given payload of type 'TaxInvoiceReport' in JSON format and with the specified id.","responses":{"200":{"description":"successful operation"}},"parameters":[{"schema":{"$ref":"#/definitions/TaxInvoiceReport"},"in":"body","name":"body"}],"tags":["TaxInvoiceReport"],"consumes":["application/json","application/xml"]},"get":{"produces":["application/json","application/xml"],"description":"Retrieve all or some selected properties from an instance of 'TaxInvoiceReport' with the given id.","responses":{"200":{"description":"successful operation"}},"parameters":[{"name":"NTSApproval","type":"string"},{"name":"ETaxWebSite","type":"string"},{"name":"ETaxNo","type":"string"}],"tags":["TaxInvoiceReport"],"consumes":["application/json","application/xml"]}},"/TaxInvoiceReport(id)/CancelTaxInvoiceReport":{"post":{"produces":["application/json","application/xml"],"description":"Invoke the method 'CancelTaxInvoiceReport' on this EntitySet with the specified id.","responses":{"200":{"description":"successful operation"}},"parameters":[{"schema":{"$ref":"#/definitions/TaxInvoiceReport"},"in":"body","name":"body"}],"tags":["TaxInvoiceReport"],"consumes":["application/json","application/xml"]}}},"host":"slcdemo.cfapps.sap.hana.ondemand.com","schemes":"https","definitions":{"TaxInvoiceReportLineTypeEnum":{"type":"string","enum":["LineOfDocument","LineOfItem","LineOfBusinessPartner","LineOfBusinessPlace"]},"TaxInvoiceReport":{"type":"object","properties":{"NTSApprovalNo":{"type":"string"},"Legacy":{"type":"string"},"NTSApproval":{"description":"TaxInvoiceReportNTSApprovedEnum","type":"string","enum":["NotApproved","Approved"]},"ETaxNo":{"type":"string"},"ItemDescription":{"type":"string"},"LineNumber":{"type":"integer"},"TaxInvoiceReportLineCollection":{"type":"array","items":{"$ref":"#/definitions/TaxInvoiceReportLine"}},"BusinessPlace":{"type":"integer"},"BaseAmount":{"type":"number"},"TaxAmount":{"type":"number"},"TaxCode":{"type":"string"},"Remarks":{"type":"string"},"BPName":{"type":"string"},"Currency":{"type":"string"},"DocumentEntry":{"type":"integer"},"LineType":{"description":"TaxInvoiceReportLineTypeEnum","type":"string","enum":["LineOfDocument","LineOfItem","LineOfBusinessPartner","LineOfBusinessPlace"]},"ReportType":{"type":"integer"},"TaxInvoiceReportNumber":{"type":"string"},"ItemPrice":{"type":"number"},"ETaxWebSite":{"type":"integer"},"DocumentType":{"type":"integer"},"Date":{"type":"string"},"ItemQuantity":{"type":"number"},"ItemNo":{"type":"string"},"OriginalNTSApprovalNo":{"type":"string"},"Canceled":{"type":"string"},"BPCode":{"type":"string"},"DocumentDate":{"type":"string"}}},"TaxInvoiceReportLine":{"type":"object","properties":{"TaxInvoiceReportNumber":{"type":"string"},"Legacy":{"type":"string"},"ItemPrice":{"type":"number"},"DocumentType":{"type":"integer"},"ItemDescription":{"type":"string"},"LineNumber":{"type":"integer"},"BaseAmount":{"type":"number"},"BusinessPlace":{"type":"integer"},"TaxAmount":{"type":"number"},"TaxCode":{"type":"string"},"BPName":{"type":"string"},"ItemQuantity":{"type":"number"},"ItemNo":{"type":"string"},"Currency":{"type":"string"},"DocumentEntry":{"type":"integer"},"BPCode":{"type":"string"},"LineType":{"$ref":"#/definitions/TaxInvoiceReportLineTypeEnum"},"DocumentDate":{"type":"string"}}},"TaxInvoiceReportNTSApprovedEnum":{"type":"string","enum":["NotApproved","Approved"]}},"swagger":"3.0","info":{"description":"This is a sample server Petstore server.","title":"Swagger For Service Layer","version":"1.0.0"},"tags":[{"name":"TaxInvoiceReport","description":"This entity enables you to manipulate 'TaxInvoiceReport'."}]}