{"basePath":"/b1s/v1/","paths":{"/TaxWebSitesService_GetDefaultWebSite":{"post":{"produces":["application/json","application/xml"],"description":"Invoke the method 'GetDefaultWebSite' on this service.","responses":{"200":{"description":"successful operation"}},"parameters":[{"schema":{"$ref":"#/definitions/TaxWebSite"},"in":"body","name":"body"}],"tags":["TaxWebSitesService"],"consumes":["application/json","application/xml"]}},"/TaxWebSitesService_GetTaxWebSiteList":{"post":{"produces":["application/json","application/xml"],"description":"Invoke the method 'GetTaxWebSiteList' on this service.","responses":{"200":{"description":"successful operation"}},"parameters":[{"schema":{"$ref":"#/definitions/TaxWebSite"},"in":"body","name":"body"}],"tags":["TaxWebSitesService"],"consumes":["application/json","application/xml"]}}},"host":"slcdemo.cfapps.sap.hana.ondemand.com","schemes":"https","definitions":{"TaxWebSite":{"type":"object","properties":{}}},"swagger":"3.0","info":{"description":"This is a sample server Petstore server.","title":"Swagger For Service Layer","version":"1.0.0"},"tags":[{"name":"TaxWebSitesService","description":"This API enables you to invoke the interfaces defined on 'TaxWebSitesService'."}]}