{"basePath":"/b1s/v1/","paths":{"/TaxWebSites(id)/SetAsDefault":{"post":{"produces":["application/json","application/xml"],"description":"Invoke the method 'SetAsDefault' on this EntitySet with the specified id.","responses":{"200":{"description":"successful operation"}},"parameters":[{"schema":{"$ref":"#/definitions/TaxWebSite"},"in":"body","name":"body"}],"tags":["TaxWebSites"],"consumes":["application/json","application/xml"]}},"/TaxWebSites(id)":{"patch":{"produces":["application/json","application/xml"],"description":"Update an instance of 'TaxWebSites' with the given payload of type 'TaxWebSite' in JSON format and with the specified id.","responses":{"200":{"description":"successful operation"}},"parameters":[{"schema":{"$ref":"#/definitions/TaxWebSite"},"in":"body","name":"body"}],"tags":["TaxWebSites"],"consumes":["application/json","application/xml"]},"get":{"produces":["application/json","application/xml"],"description":"Retrieve all or some selected properties from an instance of 'TaxWebSites' with the given id.","responses":{"200":{"description":"successful operation"}},"parameters":[{"name":"AbsEntry","type":"string"},{"name":"WebSiteName","type":"string"},{"name":"WebSiteURL","type":"string"}],"tags":["TaxWebSites"],"consumes":["application/json","application/xml"]},"delete":{"produces":["application/json","application/xml"],"description":"Delete an instance of 'TaxWebSites' with the specified id.","responses":{"200":{"description":"successful operation"}},"parameters":[],"tags":["TaxWebSites"],"consumes":["application/json","application/xml"]}},"/TaxWebSites":{"post":{"produces":["application/json","application/xml"],"description":"Create an instance of 'TaxWebSites' with the given payload of type 'TaxWebSite' in JSON format.","responses":{"200":{"description":"successful operation"}},"parameters":[{"schema":{"$ref":"#/definitions/TaxWebSite"},"in":"body","name":"body"}],"tags":["TaxWebSites"],"consumes":["application/json","application/xml"]},"get":{"produces":["application/json","application/xml"],"description":"Retrieve a collection of 'TaxWebSites' with all or some selected properties in the given order by specifying the given filter condition.","responses":{"200":{"description":"successful operation"}},"parameters":[{"name":"AbsEntry","type":"string"},{"name":"WebSiteName","type":"string"},{"name":"WebSit","type":"string"}],"tags":["TaxWebSites"],"consumes":["application/json","application/xml"]}}},"host":"slcdemo.cfapps.sap.hana.ondemand.com","schemes":"https","definitions":{"TaxWebSite":{"type":"object","properties":{"Description":{"type":"string"},"WebSiteURL":{"type":"string"},"AbsEntry":{"type":"integer"},"WebSiteName":{"type":"string"}}}},"swagger":"3.0","info":{"description":"This is a sample server Petstore server.","title":"Swagger For Service Layer","version":"1.0.0"},"tags":[{"name":"TaxWebSites","description":"This entity enables you to manipulate 'TaxWebSites'."}]}