{"basePath":"/b1s/v1/","paths":{"/Teams":{"post":{"produces":["application/json","application/xml"],"description":"Create an instance of 'Teams' with the given payload of type 'Team' in JSON format.","responses":{"200":{"description":"successful operation"}},"parameters":[{"schema":{"$ref":"#/definitions/Team"},"in":"body","name":"body"}],"tags":["Teams"],"consumes":["application/json","application/xml"]},"get":{"produces":["application/json","application/xml"],"description":"Retrieve a collection of 'Teams' with all or some selected properties in the given order by specifying the given filter condition.","responses":{"200":{"description":"successful operation"}},"parameters":[{"name":"TeamID","type":"string"},{"name":"TeamName","type":"string"},{"name":"Descrip","type":"string"}],"tags":["Teams"],"consumes":["application/json","application/xml"]}},"/Teams(id)":{"patch":{"produces":["application/json","application/xml"],"description":"Update an instance of 'Teams' with the given payload of type 'Team' in JSON format and with the specified id.","responses":{"200":{"description":"successful operation"}},"parameters":[{"schema":{"$ref":"#/definitions/Team"},"in":"body","name":"body"}],"tags":["Teams"],"consumes":["application/json","application/xml"]},"get":{"produces":["application/json","application/xml"],"description":"Retrieve all or some selected properties from an instance of 'Teams' with the given id.","responses":{"200":{"description":"successful operation"}},"parameters":[{"name":"TeamID","type":"string"},{"name":"TeamName","type":"string"},{"name":"Description","type":"string"}],"tags":["Teams"],"consumes":["application/json","application/xml"]}}},"host":"slcdemo.cfapps.sap.hana.ondemand.com","schemes":"https","definitions":{"BoRoleInTeam":{"type":"string","enum":["borit_Leader","borit_Member"]},"Team":{"type":"object","properties":{"Description":{"type":"string"},"TeamMembers":{"type":"array","items":{"$ref":"#/definitions/TeamMember"}},"RoleInTeam":{"description":"BoRoleInTeam","type":"string","enum":["borit_Leader","borit_Member"]},"TeamName":{"type":"string"},"TeamID":{"type":"integer"},"EmployeeID":{"type":"integer"}}},"TeamMember":{"type":"object","properties":{"RoleInTeam":{"$ref":"#/definitions/BoRoleInTeam"},"TeamID":{"type":"integer"},"EmployeeID":{"type":"integer"}}}},"swagger":"3.0","info":{"description":"This is a sample server Petstore server.","title":"Swagger For Service Layer","version":"1.0.0"},"tags":[{"name":"Teams","description":"This entity enables you to manipulate 'Teams'. It represents the list of teams from which team memberships of an employee can be selected. An employee can be a Member or a Leader of more than one team."}]}