{"basePath":"/b1s/v1/","paths":{"/TerminationReason(id)":{"patch":{"produces":["application/json","application/xml"],"description":"\n\t\t\t\t\tUpdate an instance of 'TerminationReason' with the given payload of type 'TerminationReason' in JSON format and with the specified id.\n\t\t\t\t","responses":{"200":{"description":"successful operation"}},"parameters":[{"schema":{"$ref":"#/definitions/TerminationReason"},"in":"body","name":"body"}],"tags":["TerminationReason"],"consumes":["application/json","application/xml"]},"get":{"produces":["application/json","application/xml"],"description":"\n\t\t\t\t\tRetrieve all or some selected properties from an instance of 'TerminationReason' with the given id.\n\t\t\t\t","responses":{"200":{"description":"successful operation"}},"parameters":[{"name":"ReasonID","type":"string"},{"name":"Name","type":"string"},{"name":"Description","type":"string"}],"tags":["TerminationReason"],"consumes":["application/json","application/xml"]},"delete":{"produces":["application/json","application/xml"],"description":"\n\t\t\t\t\tDelete an instance of 'TerminationReason' with the specified id.\n\t\t\t\t","responses":{"200":{"description":"successful operation"}},"parameters":[],"tags":["TerminationReason"],"consumes":["application/json","application/xml"]}},"/TerminationReason":{"post":{"produces":["application/json","application/xml"],"description":"\n\t\t\t\t\tCreate an instance of 'TerminationReason' with the given payload of type 'TerminationReason' in JSON format.\n\t\t\t\t","responses":{"200":{"description":"successful operation"}},"parameters":[{"schema":{"$ref":"#/definitions/TerminationReason"},"in":"body","name":"body"}],"tags":["TerminationReason"],"consumes":["application/json","application/xml"]},"get":{"produces":["application/json","application/xml"],"description":"\n\t\t\t\t\tRetrieve a collection of 'TerminationReason' with all or some selected properties in the given order by specifying the given filter condition.\n\t\t\t\t","responses":{"200":{"description":"successful operation"}},"parameters":[{"name":"ReasonID","type":"string"},{"name":"Name","type":"string"},{"name":"Descrip","type":"string"}],"tags":["TerminationReason"],"consumes":["application/json","application/xml"]}}},"host":"slcdemo.cfapps.sap.hana.ondemand.com","schemes":"https","definitions":{"TerminationReason":{"type":"object","properties":{"Description":{"type":"string"},"ReasonID":{"type":"integer"},"Name":{"type":"string"}}}},"swagger":"3.0","info":{"description":"This is a sample server Petstore server.","title":"Swagger For Service Layer","version":"1.0.0"},"tags":[{"name":"TerminationReason","description":"\n\t\t\tThis entity enables you to manipulate 'TerminationReason'.\n\t\t"}]}