{"basePath":"/b1s/v1/","paths":{"/Territories":{"post":{"produces":["application/json","application/xml"],"description":"Create an instance of 'Territories' with the given payload of type 'Territory' in JSON format.","responses":{"200":{"description":"successful operation"}},"parameters":[{"schema":{"$ref":"#/definitions/Territory"},"in":"body","name":"body"}],"tags":["Territories"],"consumes":["application/json","application/xml"]},"get":{"produces":["application/json","application/xml"],"description":"Retrieve a collection of 'Territories' with all or some selected properties in the given order by specifying the given filter condition.","responses":{"200":{"description":"successful operation"}},"parameters":[{"name":"TerritoryID","type":"string"},{"name":"Description","type":"string"},{"name":"LocationI","type":"string"}],"tags":["Territories"],"consumes":["application/json","application/xml"]}},"/Territories(id)":{"patch":{"produces":["application/json","application/xml"],"description":"Update an instance of 'Territories' with the given payload of type 'Territory' in JSON format and with the specified id.","responses":{"200":{"description":"successful operation"}},"parameters":[{"schema":{"$ref":"#/definitions/Territory"},"in":"body","name":"body"}],"tags":["Territories"],"consumes":["application/json","application/xml"]},"get":{"produces":["application/json","application/xml"],"description":"Retrieve all or some selected properties from an instance of 'Territories' with the given id.","responses":{"200":{"description":"successful operation"}},"parameters":[{"name":"TerritoryID","type":"string"},{"name":"Description","type":"string"},{"name":"LocationIndex","type":"string"}],"tags":["Territories"],"consumes":["application/json","application/xml"]},"delete":{"produces":["application/json","application/xml"],"description":"Delete an instance of 'Territories' with the specified id.","responses":{"200":{"description":"successful operation"}},"parameters":[],"tags":["Territories"],"consumes":["application/json","application/xml"]}}},"host":"slcdemo.cfapps.sap.hana.ondemand.com","schemes":"https","definitions":{"Territory":{"type":"object","properties":{"TerritoryID":{"type":"integer"},"Description":{"type":"string"},"Parent":{"type":"integer"},"Inactive":{"description":"BoYesNoEnum","type":"string","enum":["tYES","tNO"]},"LocationIndex":{"type":"integer"}}},"BoYesNoEnum":{"type":"string","enum":["tYES","tNO"]}},"swagger":"3.0","info":{"description":"This is a sample server Petstore server.","title":"Swagger For Service Layer","version":"1.0.0"},"tags":[{"name":"Territories","description":"This entity enables you to manipulate 'Territories'. It represents the territory segmentation."}]}