{"basePath":"/b1s/v1/","paths":{"/TrackingNotes(id)":{"patch":{"produces":["application/json","application/xml"],"description":"\n\t\t\t\t\tUpdate an instance of 'TrackingNotes' with the given payload of type 'TrackingNote' in JSON format and with the specified id.\n\t\t\t\t","responses":{"200":{"description":"successful operation"}},"parameters":[{"schema":{"$ref":"#/definitions/TrackingNote"},"in":"body","name":"body"}],"tags":["TrackingNotes"],"consumes":["application/json","application/xml"]},"get":{"produces":["application/json","application/xml"],"description":"\n\t\t\t\t\tRetrieve all or some selected properties from an instance of 'TrackingNotes' with the given id.\n\t\t\t\t","responses":{"200":{"description":"successful operation"}},"parameters":[{"name":"TrackingNoteNumber","type":"string"},{"name":"CCDNumber","type":"string"},{"name":"Date","type":"string"}],"tags":["TrackingNotes"],"consumes":["application/json","application/xml"]},"delete":{"produces":["application/json","application/xml"],"description":"\n\t\t\t\t\tDelete an instance of 'TrackingNotes' with the specified id.\n\t\t\t\t","responses":{"200":{"description":"successful operation"}},"parameters":[],"tags":["TrackingNotes"],"consumes":["application/json","application/xml"]}},"/TrackingNotes":{"post":{"produces":["application/json","application/xml"],"description":"\n\t\t\t\t\tCreate an instance of 'TrackingNotes' with the given payload of type 'TrackingNote' in JSON format.\n\t\t\t\t","responses":{"200":{"description":"successful operation"}},"parameters":[{"schema":{"$ref":"#/definitions/TrackingNote"},"in":"body","name":"body"}],"tags":["TrackingNotes"],"consumes":["application/json","application/xml"]},"get":{"produces":["application/json","application/xml"],"description":"\n\t\t\t\t\tRetrieve a collection of 'TrackingNotes' with all or some selected properties in the given order by specifying the given filter condition.\n\t\t\t\t","responses":{"200":{"description":"successful operation"}},"parameters":[{"name":"TrackingNoteNumber","type":"string"},{"name":"CCDNumber","type":"string"}],"tags":["TrackingNotes"],"consumes":["application/json","application/xml"]}}},"host":"slcdemo.cfapps.sap.hana.ondemand.com","schemes":"https","definitions":{"TrackingNoteBroker":{"type":"object","properties":{"AgreementNumber":{"type":"integer"},"TrackingNoteNumber":{"type":"integer"},"TrackingNoteLineNumber":{"type":"integer"},"BPCode":{"type":"string"}}},"TrackingNoteItem":{"type":"object","properties":{"ItemCCDNumber":{"type":"string"},"ItemCode":{"type":"string"},"TrackingNoteNumber":{"type":"integer"},"TrackingNoteLineNumber":{"type":"integer"},"Quantity":{"type":"number"}}},"TrackingNote":{"type":"object","properties":{"AgreementNumber":{"type":"integer"},"ItemCCDNumber":{"type":"string"},"ItemCode":{"type":"string"},"TrackingNoteNumber":{"type":"integer"},"CountryOfOrigin":{"type":"string"},"Quantity":{"type":"number"},"Date":{"type":"string"},"CCDNumber":{"type":"string"},"TrackingNoteItemCollection":{"type":"array","items":{"$ref":"#/definitions/TrackingNoteItem"}},"TrackingNoteBrokerCollection":{"type":"array","items":{"$ref":"#/definitions/TrackingNoteBroker"}},"TrackingNoteLineNumber":{"type":"integer"},"BPCode":{"type":"string"},"CustomsTerminal":{"type":"string"}}}},"swagger":"3.0","info":{"description":"This is a sample server Petstore server.","title":"Swagger For Service Layer","version":"1.0.0"},"tags":[{"name":"TrackingNotes","description":"\n\t\t\tThis entity enables you to manipulate 'TrackingNotes'.\n\t\t"}]}