{"basePath":"/b1s/v1/","paths":{"/UnitOfMeasurements(id)":{"patch":{"produces":["application/json","application/xml"],"description":"Update an instance of 'UnitOfMeasurements' with the given payload of type 'UnitOfMeasurement' in JSON format and with the specified id.","responses":{"200":{"description":"successful operation"}},"parameters":[{"schema":{"$ref":"#/definitions/UnitOfMeasurement"},"in":"body","name":"body"}],"tags":["UnitOfMeasurements"],"consumes":["application/json","application/xml"]},"get":{"produces":["application/json","application/xml"],"description":"Retrieve all or some selected properties from an instance of 'UnitOfMeasurements' with the given id.","responses":{"200":{"description":"successful operation"}},"parameters":[{"name":"AbsEntry","type":"string"},{"name":"Code","type":"string"},{"name":"Name","type":"string"}],"tags":["UnitOfMeasurements"],"consumes":["application/json","application/xml"]},"delete":{"produces":["application/json","application/xml"],"description":"Delete an instance of 'UnitOfMeasurements' with the specified id.","responses":{"200":{"description":"successful operation"}},"parameters":[],"tags":["UnitOfMeasurements"],"consumes":["application/json","application/xml"]}},"/UnitOfMeasurements":{"post":{"produces":["application/json","application/xml"],"description":"Create an instance of 'UnitOfMeasurements' with the given payload of type 'UnitOfMeasurement' in JSON format.","responses":{"200":{"description":"successful operation"}},"parameters":[{"schema":{"$ref":"#/definitions/UnitOfMeasurement"},"in":"body","name":"body"}],"tags":["UnitOfMeasurements"],"consumes":["application/json","application/xml"]},"get":{"produces":["application/json","application/xml"],"description":"Retrieve a collection of 'UnitOfMeasurements' with all or some selected properties in the given order by specifying the given filter condition.","responses":{"200":{"description":"successful operation"}},"parameters":[{"name":"AbsEntry","type":"string"},{"name":"Code","type":"string"}],"tags":["UnitOfMeasurements"],"consumes":["application/json","application/xml"]}}},"host":"slcdemo.cfapps.sap.hana.ondemand.com","schemes":"https","definitions":{"UnitOfMeasurement":{"type":"object","properties":{"Width2":{"type":"number"},"Width2Unit":{"type":"integer"},"Length2Unit":{"type":"integer"},"Height1Unit":{"type":"integer"},"Width1":{"type":"number"},"InternationalSymbol":{"type":"string"},"Length1Unit":{"type":"integer"},"AbsEntry":{"type":"integer"},"Weight1Unit":{"type":"integer"},"Code":{"type":"string"},"Width1Unit":{"type":"integer"},"Name":{"type":"string"},"Volume":{"type":"number"},"Weight2":{"type":"number"},"Height2Unit":{"type":"integer"},"Weight1":{"type":"number"},"Height1":{"type":"number"},"Height2":{"type":"number"},"VolumeUnit":{"type":"integer"},"Length1":{"type":"number"},"Length2":{"type":"number"},"Weight2Unit":{"type":"integer"}}}},"swagger":"3.0","info":{"description":"This is a sample server Petstore server.","title":"Swagger For Service Layer","version":"1.0.0"},"tags":[{"name":"UnitOfMeasurements","description":"This entity enables you to manipulate 'UnitOfMeasurements'."}]}