{"basePath":"/b1s/v1/","paths":{"/UnitOfMeasurementGroups":{"post":{"produces":["application/json","application/xml"],"description":"Create an instance of 'UnitOfMeasurementGroups' with the given payload of type 'UnitOfMeasurementGroup' in JSON format.","responses":{"200":{"description":"successful operation"}},"parameters":[{"schema":{"$ref":"#/definitions/UnitOfMeasurementGroup"},"in":"body","name":"body"}],"tags":["UnitOfMeasurementGroups"],"consumes":["application/json","application/xml"]},"get":{"produces":["application/json","application/xml"],"description":"Retrieve a collection of 'UnitOfMeasurementGroups' with all or some selected properties in the given order by specifying the given filter condition.","responses":{"200":{"description":"successful operation"}},"parameters":[{"name":"AbsEntry","type":"string"},{"name":"Code","type":"string"}],"tags":["UnitOfMeasurementGroups"],"consumes":["application/json","application/xml"]}},"/UnitOfMeasurementGroups(id)":{"patch":{"produces":["application/json","application/xml"],"description":"Update an instance of 'UnitOfMeasurementGroups' with the given payload of type 'UnitOfMeasurementGroup' in JSON format and with the specified id.","responses":{"200":{"description":"successful operation"}},"parameters":[{"schema":{"$ref":"#/definitions/UnitOfMeasurementGroup"},"in":"body","name":"body"}],"tags":["UnitOfMeasurementGroups"],"consumes":["application/json","application/xml"]},"get":{"produces":["application/json","application/xml"],"description":"Retrieve all or some selected properties from an instance of 'UnitOfMeasurementGroups' with the given id.","responses":{"200":{"description":"successful operation"}},"parameters":[{"name":"AbsEntry","type":"string"},{"name":"Code","type":"string"},{"name":"Name","type":"string"}],"tags":["UnitOfMeasurementGroups"],"consumes":["application/json","application/xml"]},"delete":{"produces":["application/json","application/xml"],"description":"Delete an instance of 'UnitOfMeasurementGroups' with the specified id.","responses":{"200":{"description":"successful operation"}},"parameters":[],"tags":["UnitOfMeasurementGroups"],"consumes":["application/json","application/xml"]}}},"host":"slcdemo.cfapps.sap.hana.ondemand.com","schemes":"https","definitions":{"UoMGroupDefinition":{"type":"object","properties":{"WeightFactor":{"type":"integer"},"AlternateUoM":{"type":"integer"},"AlternateQuantity":{"type":"number"},"UdfFactor":{"type":"integer"},"BaseQuantity":{"type":"number"}}},"UnitOfMeasurementGroup":{"type":"object","properties":{"WeightFactor":{"type":"integer"},"AlternateUoM":{"type":"integer"},"AlternateQuantity":{"type":"number"},"UdfFactor":{"type":"integer"},"UoMGroupDefinitionCollection":{"type":"array","items":{"$ref":"#/definitions/UoMGroupDefinition"}},"BaseUoM":{"type":"integer"},"BaseQuantity":{"type":"number"},"AbsEntry":{"type":"integer"},"Code":{"type":"string"},"Name":{"type":"string"}}}},"swagger":"3.0","info":{"description":"This is a sample server Petstore server.","title":"Swagger For Service Layer","version":"1.0.0"},"tags":[{"name":"UnitOfMeasurementGroups","description":"This entity enables you to manipulate 'UnitOfMeasurementGroups'."}]}