{"basePath":"/b1s/v1/","paths":{"/Users(id)/Close":{"post":{"produces":["application/json","application/xml"],"description":"Invoke the method 'Close' on this EntitySet with the specified id.","responses":{"200":{"description":"successful operation"}},"parameters":[{"schema":{"$ref":"#/definitions/User"},"in":"body","name":"body"}],"tags":["Users"],"consumes":["application/json","application/xml"]}},"/Users(id)":{"patch":{"produces":["application/json","application/xml"],"description":"Update an instance of 'Users' with the given payload of type 'User' in JSON format and with the specified id.","responses":{"200":{"description":"successful operation"}},"parameters":[{"schema":{"$ref":"#/definitions/User"},"in":"body","name":"body"}],"tags":["Users"],"consumes":["application/json","application/xml"]},"get":{"produces":["application/json","application/xml"],"description":"Retrieve all or some selected properties from an instance of 'Users' with the given id.","responses":{"200":{"description":"successful operation"}},"parameters":[{"name":"InternalKey","type":"string"},{"name":"UserPassword","type":"string"},{"name":"UserCode","type":"string"}],"tags":["Users"],"consumes":["application/json","application/xml"]},"delete":{"produces":["application/json","application/xml"],"description":"Delete an instance of 'Users' with the specified id.","responses":{"200":{"description":"successful operation"}},"parameters":[],"tags":["Users"],"consumes":["application/json","application/xml"]}},"/Users":{"post":{"produces":["application/json","application/xml"],"description":"Create an instance of 'Users' with the given payload of type 'User' in JSON format.","responses":{"200":{"description":"successful operation"}},"parameters":[{"schema":{"$ref":"#/definitions/User"},"in":"body","name":"body"}],"tags":["Users"],"consumes":["application/json","application/xml"]},"get":{"produces":["application/json","application/xml"],"description":"Retrieve a collection of 'Users' with all or some selected properties in the given order by specifying the given filter condition.","responses":{"200":{"description":"successful operation"}},"parameters":[{"name":"InternalKey","type":"string"},{"name":"UserPassword","type":"string"},{"name":"User","type":"string"}],"tags":["Users"],"consumes":["application/json","application/xml"]}}},"host":"slcdemo.cfapps.sap.hana.ondemand.com","schemes":"https","definitions":{"UserActionTypeEnum":{"type":"string","enum":["actionUnlockFail","actionLogoff","actionLoginFail","actionRemoveUser","actionSelectSU","actionCreateUser","actionLock","actionUnlock","actionChPasswd","actionDeselectSU","actionLogin"]},"BoPermission":{"type":"string","enum":["boper_Various","boper_ReadOnly","boper_Full","boper_Undefined","boper_None"]},"User":{"type":"object","properties":{"Group":{"description":"BoUserGroup","type":"string","enum":["ug_Deleted","ug_Regular"]},"Action":{"description":"UserActionTypeEnum","type":"string","enum":["actionUnlockFail","actionLogoff","actionLoginFail","actionRemoveUser","actionSelectSU","actionCreateUser","actionLock","actionUnlock","actionChPasswd","actionDeselectSU","actionLogin"]},"ProcessName":{"type":"string"},"UserCode":{"type":"string"},"MaxDiscountGeneral":{"type":"number"},"UserActionRecord":{"type":"array","items":{"$ref":"#/definitions/UserActionRecordItem"}},"Superuser":{"description":"BoYesNoEnum","type":"string","enum":["tYES","tNO"]},"MobilePhoneNumber":{"type":"string"},"LastLogoutTime":{"type":"array","items":{}},"eMail":{"type":"string"},"ActionDate":{"type":"string"},"Locked":{"description":"BoYesNoEnum","type":"string","enum":["tYES","tNO"]},"Department":{"type":"integer"},"LastLogoutDate":{"type":"string"},"ClientName":{"type":"string"},"Branch":{"type":"integer"},"FaxNumber":{"type":"string"},"MaxDiscountPurchase":{"type":"number"},"Permission":{"description":"BoPermission","type":"string","enum":["boper_Various","boper_ReadOnly","boper_Full","boper_Undefined","boper_None"]},"WindowsUser":{"type":"string"},"LastPasswordChangeTime":{"type":"array","items":{}},"ProcessID":{"type":"integer"},"MaxDiscountSales":{"type":"number"},"PermissionID":{"type":"string"},"BPLID":{"type":"integer"},"InternalKey":{"type":"integer"},"UserBranchAssignment":{"type":"array","items":{"$ref":"#/definitions/UserBranchAssignmentItem"}},"UserName":{"type":"string"},"CashLimit":{"description":"BoYesNoEnum","type":"string","enum":["tYES","tNO"]},"LastPasswordChangedBy":{"type":"string"},"UserPassword":{"type":"string"},"WindowsSession":{"type":"integer"},"ClientIP":{"type":"string"},"ActionBy":{"type":"string"},"ActionTime":{},"MaxCashAmtForIncmngPayts":{"type":"number"},"LastLoginTime":{"type":"array","items":{}},"Defaults":{"type":"string"},"UserPermission":{"type":"array","items":{"$ref":"#/definitions/UserPermissionItem"}}}},"UserPermissionItem":{"type":"object","properties":{"UserCode":{"type":"integer"},"Permission":{"$ref":"#/definitions/BoPermission"},"PermissionID":{"type":"string"}}},"UserActionRecordItem":{"type":"object","properties":{"ActionTime":{"$ref":"#/definitions/Edm.Time"},"Action":{"$ref":"#/definitions/UserActionTypeEnum"},"ClientName":{"type":"string"},"ProcessName":{"type":"string"},"UserCode":{"type":"string"},"WindowsUser":{"type":"string"},"ProcessID":{"type":"integer"},"WindowsSession":{"type":"integer"},"ClientIP":{"type":"string"},"ActionBy":{"type":"string"},"ActionDate":{"type":"string"}}},"UserBranchAssignmentItem":{"type":"object","properties":{"UserCode":{"type":"string"},"BPLID":{"type":"integer"}}},"BoUserGroup":{"type":"string","enum":["ug_Deleted","ug_Regular"]},"BoYesNoEnum":{"type":"string","enum":["tYES","tNO"]}},"swagger":"3.0","info":{"description":"This is a sample server Petstore server.","title":"Swagger For Service Layer","version":"1.0.0"},"tags":[{"name":"Users","description":"This entity enables you to manipulate 'Users'. It represents the users table of the SAP Business One application. The users table includes the users list, login details, and authorizations."}]}