{"basePath":"/b1s/v1/","paths":{"/UserQueries(id)":{"patch":{"produces":["application/json","application/xml"],"description":"Update an instance of 'UserQueries' with the given payload of type 'UserQuery' in JSON format and with the specified id.","responses":{"200":{"description":"successful operation"}},"parameters":[{"schema":{"$ref":"#/definitions/UserQuery"},"in":"body","name":"body"}],"tags":["UserQueries"],"consumes":["application/json","application/xml"]},"get":{"produces":["application/json","application/xml"],"description":"Retrieve all or some selected properties from an instance of 'UserQueries' with the given id.","responses":{"200":{"description":"successful operation"}},"parameters":[{"name":"InternalKey","type":"string"},{"name":"QueryCategory","type":"string"},{"name":"QueryDescription","type":"string"}],"tags":["UserQueries"],"consumes":["application/json","application/xml"]},"delete":{"produces":["application/json","application/xml"],"description":"Delete an instance of 'UserQueries' with the specified id.","responses":{"200":{"description":"successful operation"}},"parameters":[],"tags":["UserQueries"],"consumes":["application/json","application/xml"]}},"/UserQueries":{"post":{"produces":["application/json","application/xml"],"description":"Create an instance of 'UserQueries' with the given payload of type 'UserQuery' in JSON format.","responses":{"200":{"description":"successful operation"}},"parameters":[{"schema":{"$ref":"#/definitions/UserQuery"},"in":"body","name":"body"}],"tags":["UserQueries"],"consumes":["application/json","application/xml"]},"get":{"produces":["application/json","application/xml"],"description":"Retrieve a collection of 'UserQueries' with all or some selected properties in the given order by specifying the given filter condition.","responses":{"200":{"description":"successful operation"}},"parameters":[{"name":"InternalKey","type":"string"},{"name":"QueryCategory","type":"string"},{"name":"QueryDescrip","type":"string"}],"tags":["UserQueries"],"consumes":["application/json","application/xml"]}}},"host":"slcdemo.cfapps.sap.hana.ondemand.com","schemes":"https","definitions":{"UserQuery":{"type":"object","properties":{"InternalKey":{"type":"integer"},"Query":{"type":"string"},"ProcedureName":{"type":"string"},"ProcedureAlias":{"type":"string"},"QueryDescription":{"type":"string"},"QueryCategory":{"type":"integer"},"QueryType":{"description":"UserQueryTypeEnum","type":"string","enum":["uqtRegular","uqtGenerator","uqtStoredProcedure","uqtWizard"]}}},"UserQueryTypeEnum":{"type":"string","enum":["uqtRegular","uqtGenerator","uqtStoredProcedure","uqtWizard"]}},"swagger":"3.0","info":{"description":"This is a sample server Petstore server.","title":"Swagger For Service Layer","version":"1.0.0"},"tags":[{"name":"UserQueries","description":"This entity enables you to manipulate 'UserQueries'."}]}