{"basePath":"/b1s/v1/","paths":{"/UserTablesMD":{"post":{"produces":["application/json","application/xml"],"description":"Create an instance of 'UserTablesMD' with the given payload of type 'UserTablesMD' in JSON format.","responses":{"200":{"description":"successful operation"}},"parameters":[{"schema":{"$ref":"#/definitions/UserTablesMD"},"in":"body","name":"body"}],"tags":["UserTablesMD"],"consumes":["application/json","application/xml"]},"get":{"produces":["application/json","application/xml"],"description":"Retrieve a collection of 'UserTablesMD' with all or some selected properties in the given order by specifying the given filter condition.","responses":{"200":{"description":"successful operation"}},"parameters":[{"name":"TableName","type":"string"},{"name":"TableDescription","type":"string"},{"name":"Table","type":"string"}],"tags":["UserTablesMD"],"consumes":["application/json","application/xml"]}},"/UserTablesMD(id)":{"patch":{"produces":["application/json","application/xml"],"description":"Update an instance of 'UserTablesMD' with the given payload of type 'UserTablesMD' in JSON format and with the specified id.","responses":{"200":{"description":"successful operation"}},"parameters":[{"schema":{"$ref":"#/definitions/UserTablesMD"},"in":"body","name":"body"}],"tags":["UserTablesMD"],"consumes":["application/json","application/xml"]},"get":{"produces":["application/json","application/xml"],"description":"Retrieve all or some selected properties from an instance of 'UserTablesMD' with the given id.","responses":{"200":{"description":"successful operation"}},"parameters":[{"name":"TableName","type":"string"},{"name":"TableDescription","type":"string"},{"name":"TableType","type":"string"}],"tags":["UserTablesMD"],"consumes":["application/json","application/xml"]},"delete":{"produces":["application/json","application/xml"],"description":"Delete an instance of 'UserTablesMD' with the specified id.","responses":{"200":{"description":"successful operation"}},"parameters":[],"tags":["UserTablesMD"],"consumes":["application/json","application/xml"]}}},"host":"slcdemo.cfapps.sap.hana.ondemand.com","schemes":"https","definitions":{"UserTablesMD":{"type":"object","properties":{"TableName":{"type":"string"},"TableType":{"description":"BoUTBTableType","type":"string","enum":["bott_NoObjectAutoIncrement","bott_MasterData","bott_Document","bott_DocumentLines","bott_NoObject","bott_MasterDataLines"]},"Archivable":{"description":"BoYesNoEnum","type":"string","enum":["tYES","tNO"]},"ArchiveDateField":{"type":"string"},"TableDescription":{"type":"string"}}},"BoUTBTableType":{"type":"string","enum":["bott_NoObjectAutoIncrement","bott_MasterData","bott_Document","bott_DocumentLines","bott_NoObject","bott_MasterDataLines"]},"BoYesNoEnum":{"type":"string","enum":["tYES","tNO"]}},"swagger":"3.0","info":{"description":"This is a sample server Petstore server.","title":"Swagger For Service Layer","version":"1.0.0"},"tags":[{"name":"UserTablesMD","description":"This entity enables you to manipulate 'UserTablesMD'."}]}