{"basePath":"/b1s/v1/","paths":{"/UserLanguages":{"post":{"produces":["application/json","application/xml"],"description":"Create an instance of 'UserLanguages' with the given payload of type 'UserLanguage' in JSON format.","responses":{"200":{"description":"successful operation"}},"parameters":[{"schema":{"$ref":"#/definitions/UserLanguage"},"in":"body","name":"body"}],"tags":["UserLanguages"],"consumes":["application/json","application/xml"]},"get":{"produces":["application/json","application/xml"],"description":"Retrieve a collection of 'UserLanguages' with all or some selected properties in the given order by specifying the given filter condition.","responses":{"200":{"description":"successful operation"}},"parameters":[{"name":"Code","type":"string"},{"name":"LanguageShortName","type":"string"},{"name":"LanguageFull","type":"string"}],"tags":["UserLanguages"],"consumes":["application/json","application/xml"]}},"/UserLanguages(id)":{"patch":{"produces":["application/json","application/xml"],"description":"Update an instance of 'UserLanguages' with the given payload of type 'UserLanguage' in JSON format and with the specified id.","responses":{"200":{"description":"successful operation"}},"parameters":[{"schema":{"$ref":"#/definitions/UserLanguage"},"in":"body","name":"body"}],"tags":["UserLanguages"],"consumes":["application/json","application/xml"]},"get":{"produces":["application/json","application/xml"],"description":"Retrieve all or some selected properties from an instance of 'UserLanguages' with the given id.","responses":{"200":{"description":"successful operation"}},"parameters":[{"name":"Code","type":"string"},{"name":"LanguageShortName","type":"string"},{"name":"LanguageFullName","type":"string"}],"tags":["UserLanguages"],"consumes":["application/json","application/xml"]},"delete":{"produces":["application/json","application/xml"],"description":"Delete an instance of 'UserLanguages' with the specified id.","responses":{"200":{"description":"successful operation"}},"parameters":[],"tags":["UserLanguages"],"consumes":["application/json","application/xml"]}}},"host":"slcdemo.cfapps.sap.hana.ondemand.com","schemes":"https","definitions":{"UserLanguage":{"type":"object","properties":{"LanguageFullName":{"type":"string"},"RelatedSystemLanguage":{"type":"integer"},"LanguageShortName":{"type":"string"},"Code":{"type":"integer"}}}},"swagger":"3.0","info":{"description":"This is a sample server Petstore server.","title":"Swagger For Service Layer","version":"1.0.0"},"tags":[{"name":"UserLanguages","description":"This entity enables you to manipulate 'UserLanguages'. It defines user languages for multi-language support."}]}