{"basePath":"/b1s/v1/","paths":{"/UserFieldsMD(id)":{"patch":{"produces":["application/json","application/xml"],"description":"Update an instance of 'UserFieldsMD' with the given payload of type 'UserFieldMD' in JSON format and with the specified id.","responses":{"200":{"description":"successful operation"}},"parameters":[{"schema":{"$ref":"#/definitions/UserFieldMD"},"in":"body","name":"body"}],"tags":["UserFieldsMD"],"consumes":["application/json","application/xml"]},"get":{"produces":["application/json","application/xml"],"description":"Retrieve all or some selected properties from an instance of 'UserFieldsMD' with the given id.","responses":{"200":{"description":"successful operation"}},"parameters":[{"name":"Name","type":"string"},{"name":"Type","type":"string"},{"name":"Size","type":"string"}],"tags":["UserFieldsMD"],"consumes":["application/json","application/xml"]},"delete":{"produces":["application/json","application/xml"],"description":"Delete an instance of 'UserFieldsMD' with the specified id.","responses":{"200":{"description":"successful operation"}},"parameters":[],"tags":["UserFieldsMD"],"consumes":["application/json","application/xml"]}},"/UserFieldsMD":{"post":{"produces":["application/json","application/xml"],"description":"Create an instance of 'UserFieldsMD' with the given payload of type 'UserFieldMD' in JSON format.","responses":{"200":{"description":"successful operation"}},"parameters":[{"schema":{"$ref":"#/definitions/UserFieldMD"},"in":"body","name":"body"}],"tags":["UserFieldsMD"],"consumes":["application/json","application/xml"]},"get":{"produces":["application/json","application/xml"],"description":"Retrieve a collection of 'UserFieldsMD' with all or some selected properties in the given order by specifying the given filter condition.","responses":{"200":{"description":"successful operation"}},"parameters":[{"name":"Name","type":"string"},{"name":"Type","type":"string"}],"tags":["UserFieldsMD"],"consumes":["application/json","application/xml"]}}},"host":"slcdemo.cfapps.sap.hana.ondemand.com","schemes":"https","definitions":{"ValidValueMD":{"type":"object","properties":{"Description":{"type":"string"},"Value":{"type":"string"}}},"BoObjectTypes":{"type":"string","enum":["oAdditionalExpenses","oItems","oUserLanguages","oOrders","oVendorPayments","oPriceLists","oCustomsGroups","oWeightMeasures","oSalesTaxAuthoritiesTypes","oPaymentRunExport","oBusinessPlaces","oTeams","oDeductionTaxGroups","oContractTemplates","oTerritories","oEmployeesInfo","oCorrectionInvoiceReversal","oPaymentTermsTypes","oProductTrees","oUserDefaultGroups","oWarehouseLocations","oActivityStatus","oPurchaseRequest","oCreditCards","oIndustries","oFormattedSearches","oPurchaseTaxInvoice","oSalesOpportunities","oMaterialRevaluation","oStockTransferDraft","oJournalEntries","oDeductionTaxHierarchies","oUserKeys","oPurchaseQuotations","oSalesTaxAuthorities","oSalesTaxCodes","oPickLists","oMultiLanguageTranslations","oStockTransfer","oNotaFiscalCFOP","oQueryCategories","oCorrectionPurchaseInvoiceReversal","oActivityTypes","oUserFields","oDynamicSystemStrings","oLandedCostsCodes","oBPFiscalRegistryID","oAttachments2","oServiceContracts","oPurchaseInvoices","oShippingTypes","oWithholdingTaxCodes","oPurchaseOrders","oIncomingPayments","oCreditCardPayments","oChartOfAccounts","oPurchaseDownPayments","oDeliveryNotes","oBusinessPartnerGroups","oPackagesTypes","oActivityLocations","oCorrectionPurchaseInvoice","oVatGroups","oAlternateCatNum","oItemGroups","oContacts","oCreditNotes","oClosingDateProcedure","oPurchaseDeliveryNotes","oWarehouses","oProductionOrders","oInventoryTransferRequest","oUserTables","oAccountSegmentationCategories","oJournalVouchers","oInventoryCycles","oUserQueries","oWorkOrders","oCustomerEquipmentCards","oBillOfExchangeTransactions","oPurchaseReturns","oBudgetScenarios","oInventoryGenEntry","oSpecialPrices","oCreditPaymentMethods","oLengthMeasures","oSalesForecast","oRelationships","oDrafts","oBudgetDistribution","oForms1099","oKnowledgeBaseSolutions","oServiceCalls","oChecksforPayment","oMessages","oReturns","oLocalEra","oFactoringIndicators","oDunningLetters","oQuotations","oDownPayments","oBPPriorities","oManufacturers","oBudget","oUserPermissionTree","oPurchaseCreditNotes","oHouseBankAccounts","oSalesPersons","oNotaFiscalUsage","oPaymentsDrafts","oItemProperties","oSalesTaxInvoice","oWizardPaymentMethods","oInventoryGenExit","oSalesStages","oNotaFiscalCST","oUserObjectsMD","oUsers","oAccountSegmentations","oBusinessPartners","oCommissionGroups","oBanks","oQueue","oInvoices","oCorrectionInvoice","oStockTakings","oBankPages","oCurrencyCodes","oChooseFromList"]},"UserFieldMD":{"type":"object","properties":{"ValidValuesMD":{"type":"array","items":{"$ref":"#/definitions/ValidValueMD"}},"Description":{"type":"string"},"SubType":{"description":"BoFldSubTypes","type":"string","enum":["st_Phone","st_Sum","st_None","st_Time","st_Price","st_Address","st_Quantity","st_Percentage","st_Rate","st_Measurement","st_Link","st_Image"]},"LinkedTable":{"type":"string"},"Size":{"type":"integer"},"LinkedSystemObject":{"description":"BoObjectTypes","type":"string","enum":["oAdditionalExpenses","oItems","oUserLanguages","oOrders","oVendorPayments","oPriceLists","oCustomsGroups","oWeightMeasures","oSalesTaxAuthoritiesTypes","oPaymentRunExport","oBusinessPlaces","oTeams","oDeductionTaxGroups","oContractTemplates","oTerritories","oEmployeesInfo","oCorrectionInvoiceReversal","oPaymentTermsTypes","oProductTrees","oUserDefaultGroups","oWarehouseLocations","oActivityStatus","oPurchaseRequest","oCreditCards","oIndustries","oFormattedSearches","oPurchaseTaxInvoice","oSalesOpportunities","oMaterialRevaluation","oStockTransferDraft","oJournalEntries","oDeductionTaxHierarchies","oUserKeys","oPurchaseQuotations","oSalesTaxAuthorities","oSalesTaxCodes","oPickLists","oMultiLanguageTranslations","oStockTransfer","oNotaFiscalCFOP","oQueryCategories","oCorrectionPurchaseInvoiceReversal","oActivityTypes","oUserFields","oDynamicSystemStrings","oLandedCostsCodes","oBPFiscalRegistryID","oAttachments2","oServiceContracts","oPurchaseInvoices","oShippingTypes","oWithholdingTaxCodes","oPurchaseOrders","oIncomingPayments","oCreditCardPayments","oChartOfAccounts","oPurchaseDownPayments","oDeliveryNotes","oBusinessPartnerGroups","oPackagesTypes","oActivityLocations","oCorrectionPurchaseInvoice","oVatGroups","oAlternateCatNum","oItemGroups","oContacts","oCreditNotes","oClosingDateProcedure","oPurchaseDeliveryNotes","oWarehouses","oProductionOrders","oInventoryTransferRequest","oUserTables","oAccountSegmentationCategories","oJournalVouchers","oInventoryCycles","oUserQueries","oWorkOrders","oCustomerEquipmentCards","oBillOfExchangeTransactions","oPurchaseReturns","oBudgetScenarios","oInventoryGenEntry","oSpecialPrices","oCreditPaymentMethods","oLengthMeasures","oSalesForecast","oRelationships","oDrafts","oBudgetDistribution","oForms1099","oKnowledgeBaseSolutions","oServiceCalls","oChecksforPayment","oMessages","oReturns","oLocalEra","oFactoringIndicators","oDunningLetters","oQuotations","oDownPayments","oBPPriorities","oManufacturers","oBudget","oUserPermissionTree","oPurchaseCreditNotes","oHouseBankAccounts","oSalesPersons","oNotaFiscalUsage","oPaymentsDrafts","oItemProperties","oSalesTaxInvoice","oWizardPaymentMethods","oInventoryGenExit","oSalesStages","oNotaFiscalCST","oUserObjectsMD","oUsers","oAccountSegmentations","oBusinessPartners","oCommissionGroups","oBanks","oQueue","oInvoices","oCorrectionInvoice","oStockTakings","oBankPages","oCurrencyCodes","oChooseFromList"]},"LinkedUDO":{"type":"string"},"Name":{"type":"string"},"DefaultValue":{"type":"string"},"TableName":{"type":"string"},"Type":{"description":"BoFieldTypes","type":"string","enum":["db_Numeric","db_Alpha","db_Memo","db_Date","db_Float"]},"FieldID":{"type":"integer"},"Value":{"type":"string"},"EditSize":{"type":"integer"},"Mandatory":{"description":"BoYesNoEnum","type":"string","enum":["tYES","tNO"]}}},"BoFldSubTypes":{"type":"string","enum":["st_Phone","st_Sum","st_None","st_Time","st_Price","st_Address","st_Quantity","st_Percentage","st_Rate","st_Measurement","st_Link","st_Image"]},"BoFieldTypes":{"type":"string","enum":["db_Numeric","db_Alpha","db_Memo","db_Date","db_Float"]},"BoYesNoEnum":{"type":"string","enum":["tYES","tNO"]}},"swagger":"3.0","info":{"description":"This is a sample server Petstore server.","title":"Swagger For Service Layer","version":"1.0.0"},"tags":[{"name":"UserFieldsMD","description":"This entity enables you to manipulate 'UserFieldsMD' and manage user-defined fields in user and system tables."}]}