{"basePath":"/b1s/v1/","paths":{"/UserMenuService_UpdateUserMenu":{"post":{"produces":["application/json","application/xml"],"description":"Invoke the method 'UpdateUserMenu' on this service by specifying the payload 'UserMenuParams' in the JSON format.","responses":{"200":{"description":"successful operation"}},"parameters":[{"schema":{"$ref":"#/definitions/UserLanguage"},"in":"body","name":"body"}],"tags":["UserMenuService"],"consumes":["application/json","application/xml"]}},"/UserMenuService_UpdateCurrentUserMenu":{"post":{"produces":["application/json","application/xml"],"description":"Invoke the method 'UpdateCurrentUserMenu' on this service by specifying the payload 'Collection(UserMenuItem)' in the JSON format.","responses":{"200":{"description":"successful operation"}},"parameters":[{"schema":{"$ref":"#/definitions/UserLanguage"},"in":"body","name":"body"}],"tags":["UserMenuService"],"consumes":["application/json","application/xml"]}},"/UserMenuService_GetUserMenu":{"post":{"produces":["application/json","application/xml"],"description":"Invoke the method 'GetUserMenu' on this service by specifying the payload 'UserMenuParams' in the JSON format.","responses":{"200":{"description":"successful operation"}},"parameters":[{"schema":{"$ref":"#/definitions/UserLanguage"},"in":"body","name":"body"}],"tags":["UserMenuService"],"consumes":["application/json","application/xml"]}},"/UserMenuService_GetCurrentUserMenu":{"post":{"produces":["application/json","application/xml"],"description":"Invoke the method 'GetCurrentUserMenu' on this service.","responses":{"200":{"description":"successful operation"}},"parameters":[{"schema":{"$ref":"#/definitions/UserLanguage"},"in":"body","name":"body"}],"tags":["UserMenuService"],"consumes":["application/json","application/xml"]}}},"host":"slcdemo.cfapps.sap.hana.ondemand.com","schemes":"https","definitions":{"UserMenuItemTypeEnum":{"type":"string","enum":["umitQuery","umitForm","umitLink","umitReport","umitFolder"]},"UserLanguage":{"type":"object","properties":{}},"UserMenuParams":{"type":"object","properties":{"UserID":{"type":"integer"}}},"UserMenuItem":{"type":"object","properties":{"Type":{"$ref":"#/definitions/UserMenuItemTypeEnum"},"Position":{"type":"integer"},"ReportPath":{"type":"string"},"LinkedFormMenuID":{"type":"integer"},"LinkedObjType":{"type":"string"},"Name":{"type":"string"},"LinkedObjKey":{"type":"string"},"LinkedFormNum":{"type":"integer"}}}},"swagger":"3.0","info":{"description":"This is a sample server Petstore server.","title":"Swagger For Service Layer","version":"1.0.0"},"tags":[{"name":"UserMenuService","description":"This API enables you to invoke the interfaces defined on 'UserMenuService'."}]}