{"basePath":"/b1s/v1/","paths":{"/UserObjectsMD(id)":{"patch":{"produces":["application/json","application/xml"],"description":"Update an instance of 'UserObjectsMD' with the given payload of type 'UserObjectsMD' in JSON format and with the specified id.","responses":{"200":{"description":"successful operation"}},"parameters":[{"schema":{"$ref":"#/definitions/UserObjectsMD"},"in":"body","name":"body"}],"tags":["UserObjectsMD"],"consumes":["application/json","application/xml"]},"get":{"produces":["application/json","application/xml"],"description":"Retrieve all or some selected properties from an instance of 'UserObjectsMD' with the given id.","responses":{"200":{"description":"successful operation"}},"parameters":[{"name":"TableName","type":"string"},{"name":"Code","type":"string"},{"name":"LogTableName","type":"string"}],"tags":["UserObjectsMD"],"consumes":["application/json","application/xml"]},"delete":{"produces":["application/json","application/xml"],"description":"Delete an instance of 'UserObjectsMD' with the specified id.","responses":{"200":{"description":"successful operation"}},"parameters":[],"tags":["UserObjectsMD"],"consumes":["application/json","application/xml"]}},"/UserObjectsMD":{"post":{"produces":["application/json","application/xml"],"description":"Create an instance of 'UserObjectsMD' with the given payload of type 'UserObjectsMD' in JSON format.","responses":{"200":{"description":"successful operation"}},"parameters":[{"schema":{"$ref":"#/definitions/UserObjectsMD"},"in":"body","name":"body"}],"tags":["UserObjectsMD"],"consumes":["application/json","application/xml"]},"get":{"produces":["application/json","application/xml"],"description":"Retrieve a collection of 'UserObjectsMD' with all or some selected properties in the given order by specifying the given filter condition.","responses":{"200":{"description":"successful operation"}},"parameters":[{"name":"TableName","type":"string"},{"name":"Code","type":"string"},{"name":"LogTable","type":"string"}],"tags":["UserObjectsMD"],"consumes":["application/json","application/xml"]}}},"host":"slcdemo.cfapps.sap.hana.ondemand.com","schemes":"https","definitions":{"UserObjectMD_FindColumn":{"type":"object","properties":{"ColumnAlias":{"type":"string"},"ColumnDescription":{"type":"string"},"ColumnNumber":{"type":"integer"},"Code":{"type":"string"}}},"UserObjectsMD":{"type":"object","properties":{"ExtensionName":{"type":"string"},"FatherMenuID":{"type":"integer"},"ColumnAlias":{"type":"string"},"ColumnDescription":{"type":"string"},"UserObjectMD_FindColumns":{"type":"array","items":{"$ref":"#/definitions/UserObjectMD_FindColumn"}},"CanDelete":{"description":"BoYesNoEnum","type":"string","enum":["tYES","tNO"]},"UserObjectMD_EnhancedFormColumns":{"type":"array","items":{"$ref":"#/definitions/UserObjectMD_EnhancedFormColumn"}},"FormColumnNumber":{"type":"integer"},"ChildNumber":{"type":"integer"},"MenuUID":{"type":"string"},"CanCancel":{"description":"BoYesNoEnum","type":"string","enum":["tYES","tNO"]},"OverwriteDllfile":{"description":"BoYesNoEnum","type":"string","enum":["tYES","tNO"]},"Name":{"type":"string"},"ObjectType":{"description":"BoUDOObjType","type":"string","enum":["boud_MasterData","boud_Document"]},"CanCreateDefaultForm":{"description":"BoYesNoEnum","type":"string","enum":["tYES","tNO"]},"CanYearTransfer":{"description":"BoYesNoEnum","type":"string","enum":["tYES","tNO"]},"Editable":{"description":"BoYesNoEnum","type":"string","enum":["tYES","tNO"]},"MenuCaption":{"type":"string"},"EnableEnhancedForm":{"description":"BoYesNoEnum","type":"string","enum":["tYES","tNO"]},"ColumnIsUsed":{"description":"BoYesNoEnum","type":"string","enum":["tYES","tNO"]},"FormColumnDescription":{"type":"string"},"Position":{"type":"integer"},"SonNumber":{"type":"integer"},"CanLog":{"description":"BoYesNoEnum","type":"string","enum":["tYES","tNO"]},"MenuItem":{"description":"BoYesNoEnum","type":"string","enum":["tYES","tNO"]},"ColumnNumber":{"type":"integer"},"CanClose":{"description":"BoYesNoEnum","type":"string","enum":["tYES","tNO"]},"Code":{"type":"string"},"UserObjectMD_FormColumns":{"type":"array","items":{"$ref":"#/definitions/UserObjectMD_FormColumn"}},"LogTableName":{"type":"string"},"ObjectName":{"type":"string"},"TableName":{"type":"string"},"UseUniqueFormType":{"description":"BoYesNoEnum","type":"string","enum":["tYES","tNO"]},"ManageSeries":{"description":"BoYesNoEnum","type":"string","enum":["tYES","tNO"]},"RebuildEnhancedForm":{"description":"BoYesNoEnum","type":"string","enum":["tYES","tNO"]},"FormSRF":{"type":"string"},"FormColumnAlias":{"type":"string"},"UserObjectMD_ChildTables":{"type":"array","items":{"$ref":"#/definitions/UserObjectMD_ChildTable"}},"CanArchive":{"description":"BoYesNoEnum","type":"string","enum":["tYES","tNO"]},"CanFind":{"description":"BoYesNoEnum","type":"string","enum":["tYES","tNO"]}}},"UserObjectMD_ChildTable":{"type":"object","properties":{"TableName":{"type":"string"},"SonNumber":{"type":"integer"},"Code":{"type":"string"},"LogTableName":{"type":"string"},"ObjectName":{"type":"string"}}},"BoUDOObjType":{"type":"string","enum":["boud_MasterData","boud_Document"]},"UserObjectMD_EnhancedFormColumn":{"type":"object","properties":{"ColumnAlias":{"type":"string"},"ColumnDescription":{"type":"string"},"Editable":{"$ref":"#/definitions/BoYesNoEnum"},"ColumnNumber":{"type":"integer"},"ChildNumber":{"type":"integer"},"ColumnIsUsed":{"$ref":"#/definitions/BoYesNoEnum"},"Code":{"type":"string"}}},"UserObjectMD_FormColumn":{"type":"object","properties":{"FormColumnAlias":{"type":"string"},"SonNumber":{"type":"integer"},"Editable":{"$ref":"#/definitions/BoYesNoEnum"},"FormColumnNumber":{"type":"integer"},"Code":{"type":"string"},"FormColumnDescription":{"type":"string"}}},"BoYesNoEnum":{"type":"string","enum":["tYES","tNO"]}},"swagger":"3.0","info":{"description":"This is a sample server Petstore server.","title":"Swagger For Service Layer","version":"1.0.0"},"tags":[{"name":"UserObjectsMD","description":"This entity enables you to manipulate 'UserObjectsMD'. It represents the registration data settings, such as table name and supported services, of a user-defined object."}]}