{"basePath":"/b1s/v1/","paths":{"/UserDefaultGroups":{"post":{"produces":["application/json","application/xml"],"description":"Create an instance of 'UserDefaultGroups' with the given payload of type 'UserDefaultGroup' in JSON format.","responses":{"200":{"description":"successful operation"}},"parameters":[{"schema":{"$ref":"#/definitions/UserDefaultGroup"},"in":"body","name":"body"}],"tags":["UserDefaultGroups"],"consumes":["application/json","application/xml"]},"get":{"produces":["application/json","application/xml"],"description":"Retrieve a collection of 'UserDefaultGroups' with all or some selected properties in the given order by specifying the given filter condition.","responses":{"200":{"description":"successful operation"}},"parameters":[{"name":"Code","type":"string"},{"name":"Name","type":"string"},{"name":"Wareh","type":"string"}],"tags":["UserDefaultGroups"],"consumes":["application/json","application/xml"]}},"/UserDefaultGroups(id)":{"patch":{"produces":["application/json","application/xml"],"description":"Update an instance of 'UserDefaultGroups' with the given payload of type 'UserDefaultGroup' in JSON format and with the specified id.","responses":{"200":{"description":"successful operation"}},"parameters":[{"schema":{"$ref":"#/definitions/UserDefaultGroup"},"in":"body","name":"body"}],"tags":["UserDefaultGroups"],"consumes":["application/json","application/xml"]},"get":{"produces":["application/json","application/xml"],"description":"Retrieve all or some selected properties from an instance of 'UserDefaultGroups' with the given id.","responses":{"200":{"description":"successful operation"}},"parameters":[{"name":"Code","type":"string"},{"name":"Name","type":"string"},{"name":"Warehouse","type":"string"}],"tags":["UserDefaultGroups"],"consumes":["application/json","application/xml"]},"delete":{"produces":["application/json","application/xml"],"description":"Delete an instance of 'UserDefaultGroups' with the specified id.","responses":{"200":{"description":"successful operation"}},"parameters":[],"tags":["UserDefaultGroups"],"consumes":["application/json","application/xml"]}}},"host":"slcdemo.cfapps.sap.hana.ondemand.com","schemes":"https","definitions":{"BoPrintReceiptEnum":{"type":"string","enum":["boprcNo","boprcAlways","boprcOnlyWhenAdding"]},"UserDefaultGroup":{"type":"object","properties":{"SalesEmployee":{"type":"integer"},"WindowsColor":{"type":"integer"},"Warehouse":{"type":"string"},"PrintInvoiceandPaymentinS":{"description":"BoYesNoEnum","type":"string","enum":["tYES","tNO"]},"Address":{"type":"string"},"UseWarehouseAddressinAPD":{"description":"BoYesNoEnum","type":"string","enum":["tYES","tNO"]},"BPforInvoicePayment":{"type":"string"},"UseTax":{"description":"BoYesNoEnum","type":"string","enum":["tYES","tNO"]},"CheckingAcct":{"type":"string"},"PrintReceipt":{"description":"BoPrintReceiptEnum","type":"string","enum":["boprcNo","boprcAlways","boprcOnlyWhenAdding"]},"FaxNumberForeignLang":{"type":"string"},"Name":{"type":"string"},"eMail":{"type":"string"},"PrintingHeaderInForeignLangu":{"type":"string"},"FaxNumber":{"type":"string"},"AdditionalIdNumber":{"type":"string"},"DefaultTaxCode":{"type":"string"},"BPLID":{"type":"integer"},"UserSignature":{"type":"integer"},"PhoneNumber2":{"type":"string"},"PhoneNumber1":{"type":"string"},"CashAccount":{"type":"string"},"AssetInDoc":{"description":"BoYesNoEnum","type":"string","enum":["tYES","tNO"]},"Code":{"type":"string"},"PhoneNumber1ForeignLang":{"type":"string"},"AddressinForeignLanguage":{"type":"string"},"Country":{"type":"string"},"PrintingHeader":{"type":"string"},"PhoneNumber2ForeignLang":{"type":"string"}}},"BoYesNoEnum":{"type":"string","enum":["tYES","tNO"]}},"swagger":"3.0","info":{"description":"This is a sample server Petstore server.","title":"Swagger For Service Layer","version":"1.0.0"},"tags":[{"name":"UserDefaultGroups","description":"This entity enables you to manipulate 'UserDefaultGroups'. It defines default values (such as, default documents, default address in printed documents, windows color, and so on)."}]}