{"basePath":"/b1s/v1/","paths":{"/UserKeysMD(id)":{"get":{"produces":["application/json","application/xml"],"description":"Retrieve all or some selected properties from an instance of 'UserKeysMD' with the given id.","responses":{"200":{"description":"successful operation"}},"parameters":[{"name":"TableName","type":"string"},{"name":"KeyIndex","type":"string"},{"name":"KeyName","type":"string"}],"tags":["UserKeysMD"],"consumes":["application/json","application/xml"]},"delete":{"produces":["application/json","application/xml"],"description":"Delete an instance of 'UserKeysMD' with the specified id.","responses":{"200":{"description":"successful operation"}},"parameters":[],"tags":["UserKeysMD"],"consumes":["application/json","application/xml"]}},"/UserKeysMD":{"post":{"produces":["application/json","application/xml"],"description":"Create an instance of 'UserKeysMD' with the given payload of type 'UserKeysMD' in JSON format.","responses":{"200":{"description":"successful operation"}},"parameters":[{"schema":{"$ref":"#/definitions/UserKeysMD"},"in":"body","name":"body"}],"tags":["UserKeysMD"],"consumes":["application/json","application/xml"]},"get":{"produces":["application/json","application/xml"],"description":"Retrieve a collection of 'UserKeysMD' with all or some selected properties in the given order by specifying the given filter condition.","responses":{"200":{"description":"successful operation"}},"parameters":[{"name":"TableName","type":"string"},{"name":"KeyIndex","type":"string"},{"name":"Key","type":"string"}],"tags":["UserKeysMD"],"consumes":["application/json","application/xml"]}}},"host":"slcdemo.cfapps.sap.hana.ondemand.com","schemes":"https","definitions":{"UserKeysMD":{"type":"object","properties":{"KeyName":{"type":"string"},"TableName":{"type":"string"},"KeyIndex":{"type":"integer"},"ColumnAlias":{"type":"string"},"UserKeysMD_Elements":{"type":"array","items":{"$ref":"#/definitions/UserKeysMD_Element"}},"Unique":{"description":"BoYesNoEnum","type":"string","enum":["tYES","tNO"]},"SubKeyIndex":{"type":"integer"}}},"UserKeysMD_Element":{"type":"object","properties":{"ColumnAlias":{"type":"string"},"SubKeyIndex":{"type":"integer"}}},"BoYesNoEnum":{"type":"string","enum":["tYES","tNO"]}},"swagger":"3.0","info":{"description":"This is a sample server Petstore server.","title":"Swagger For Service Layer","version":"1.0.0"},"tags":[{"name":"UserKeysMD","description":"This entity enables you to manipulate 'UserKeysMD' and manage secondary keys to user tables."}]}