{"basePath":"/b1s/v1/","paths":{"/UserPermissionTree":{"post":{"produces":["application/json","application/xml"],"description":"Create an instance of 'UserPermissionTree' with the given payload of type 'UserPermissionTree' in JSON format.","responses":{"200":{"description":"successful operation"}},"parameters":[{"schema":{"$ref":"#/definitions/UserPermissionTree"},"in":"body","name":"body"}],"tags":["UserPermissionTree"],"consumes":["application/json","application/xml"]},"get":{"produces":["application/json","application/xml"],"description":"Retrieve a collection of 'UserPermissionTree' with all or some selected properties in the given order by specifying the given filter condition.","responses":{"200":{"description":"successful operation"}},"parameters":[{"name":"UserSignature","type":"string"},{"name":"DisplayOrder","type":"string"},{"name":"Permissi","type":"string"}],"tags":["UserPermissionTree"],"consumes":["application/json","application/xml"]}},"/UserPermissionTree(id)":{"patch":{"produces":["application/json","application/xml"],"description":"Update an instance of 'UserPermissionTree' with the given payload of type 'UserPermissionTree' in JSON format and with the specified id.","responses":{"200":{"description":"successful operation"}},"parameters":[{"schema":{"$ref":"#/definitions/UserPermissionTree"},"in":"body","name":"body"}],"tags":["UserPermissionTree"],"consumes":["application/json","application/xml"]},"get":{"produces":["application/json","application/xml"],"description":"Retrieve all or some selected properties from an instance of 'UserPermissionTree' with the given id.","responses":{"200":{"description":"successful operation"}},"parameters":[{"name":"UserSignature","type":"string"},{"name":"DisplayOrder","type":"string"},{"name":"PermissionID","type":"string"}],"tags":["UserPermissionTree"],"consumes":["application/json","application/xml"]},"delete":{"produces":["application/json","application/xml"],"description":"Delete an instance of 'UserPermissionTree' with the specified id.","responses":{"200":{"description":"successful operation"}},"parameters":[],"tags":["UserPermissionTree"],"consumes":["application/json","application/xml"]}}},"host":"slcdemo.cfapps.sap.hana.ondemand.com","schemes":"https","definitions":{"UserPermissionForm":{"type":"object","properties":{"DisplayOrder":{"type":"integer"},"FormType":{"type":"string"},"PermissionID":{"type":"string"}}},"UserPermissionTree":{"type":"object","properties":{"UserSignature":{"type":"integer"},"ParentID":{"type":"string"},"Options":{"description":"BoUPTOptions","type":"string","enum":["bou_FullReadNone","bou_FullNone"]},"DisplayOrder":{"type":"integer"},"IsItem":{"description":"BoYesNoEnum","type":"string","enum":["tYES","tNO"]},"FormType":{"type":"string"},"Levels":{"type":"integer"},"UserPermissionForms":{"type":"array","items":{"$ref":"#/definitions/UserPermissionForm"}},"PermissionID":{"type":"string"},"Name":{"type":"string"}}},"BoYesNoEnum":{"type":"string","enum":["tYES","tNO"]},"BoUPTOptions":{"type":"string","enum":["bou_FullReadNone","bou_FullNone"]}},"swagger":"3.0","info":{"description":"This is a sample server Petstore server.","title":"Swagger For Service Layer","version":"1.0.0"},"tags":[{"name":"UserPermissionTree","description":"This entity enables you to manipulate 'UserPermissionTree'. It represents the User Authorization form. This object enables managing user authorization for various forms."}]}