{"basePath":"/b1s/v1/","paths":{"/VatGroups(id)":{"patch":{"produces":["application/json","application/xml"],"description":"Update an instance of 'VatGroups' with the given payload of type 'VatGroup' in JSON format and with the specified id.","responses":{"200":{"description":"successful operation"}},"parameters":[{"schema":{"$ref":"#/definitions/VatGroup"},"in":"body","name":"body"}],"tags":["VatGroups"],"consumes":["application/json","application/xml"]},"get":{"produces":["application/json","application/xml"],"description":"Retrieve all or some selected properties from an instance of 'VatGroups' with the given id.","responses":{"200":{"description":"successful operation"}},"parameters":[{"name":"Code","type":"string"},{"name":"Name","type":"string"},{"name":"Category","type":"string"}],"tags":["VatGroups"],"consumes":["application/json","application/xml"]},"delete":{"produces":["application/json","application/xml"],"description":"Delete an instance of 'VatGroups' with the specified id.","responses":{"200":{"description":"successful operation"}},"parameters":[],"tags":["VatGroups"],"consumes":["application/json","application/xml"]}},"/VatGroups":{"post":{"produces":["application/json","application/xml"],"description":"Create an instance of 'VatGroups' with the given payload of type 'VatGroup' in JSON format.","responses":{"200":{"description":"successful operation"}},"parameters":[{"schema":{"$ref":"#/definitions/VatGroup"},"in":"body","name":"body"}],"tags":["VatGroups"],"consumes":["application/json","application/xml"]},"get":{"produces":["application/json","application/xml"],"description":"Retrieve a collection of 'VatGroups' with all or some selected properties in the given order by specifying the given filter condition.","responses":{"200":{"description":"successful operation"}},"parameters":[{"name":"Code","type":"string"},{"name":"Name","type":"string"},{"name":"Cate","type":"string"}],"tags":["VatGroups"],"consumes":["application/json","application/xml"]}}},"host":"slcdemo.cfapps.sap.hana.ondemand.com","schemes":"https","definitions":{"Report349CodeListEnum":{"type":"string","enum":["r349cT","r349cEmpty","r349cE","r349cA","r349cS","r349cM","r349cI","r349cH"]},"VatGroups_Line":{"type":"object","properties":{"Rate":{"type":"number"},"Effectivefrom":{"type":"string"},"EqualizationTax":{"type":"number"},"DatevCode":{"type":"integer"}}},"VatGroup":{"type":"object","properties":{"TaxRegion":{"description":"VatGroupsTaxRegionEnum","type":"string","enum":["vgtrPT","vgtrPT_MA","vgtrPT_AC"]},"TaxAccount":{"type":"string"},"Category":{"description":"BoVatCategoryEnum","type":"string","enum":["bovcInputTax","bovcOutputTax"]},"DeferredTaxAcc":{"type":"string"},"NonDeductAcc":{"type":"string"},"Effectivefrom":{"type":"string"},"AcquisitionTax":{"type":"string"},"Correction":{"description":"BoYesNoEnum","type":"string","enum":["tYES","tNO"]},"Name":{"type":"string"},"TaxTypeBlackList":{"description":"TaxTypeBlackListEnum","type":"string","enum":["ttblExcluded","ttblExempt","ttblNotTaxable","ttblTaxable","ttblNonSubject"]},"Inactive":{"description":"BoYesNoEnum","type":"string","enum":["tYES","tNO"]},"VatGroups_Lines":{"type":"array","items":{"$ref":"#/definitions/VatGroups_Line"}},"VATDeductibleAccount":{"type":"string"},"NonDeduct":{"type":"number"},"ServiceSupply":{"type":"string"},"Report349Code":{"description":"Report349CodeListEnum","type":"string","enum":["r349cT","r349cEmpty","r349cE","r349cA","r349cS","r349cM","r349cI","r349cH"]},"Rate":{"type":"number"},"VATInRevenueAccount":{"type":"string"},"Code":{"type":"string"},"CashDiscountAccount":{"type":"string"},"VatCorrection":{"type":"string"},"EqualizationTaxAccount":{"type":"string"},"EqualizationTax":{"type":"number"},"EU":{"description":"BoYesNoEnum","type":"string","enum":["tYES","tNO"]},"TriangularDeal":{"type":"string"},"DownPaymentTaxOffsetAccount":{"type":"string"},"GoodsShipment":{"type":"string"},"AcquisitionReverse":{"description":"BoYesNoEnum","type":"string","enum":["tYES","tNO"]},"DatevCode":{"type":"integer"}}},"VatGroupsTaxRegionEnum":{"type":"string","enum":["vgtrPT","vgtrPT_MA","vgtrPT_AC"]},"TaxTypeBlackListEnum":{"type":"string","enum":["ttblExcluded","ttblExempt","ttblNotTaxable","ttblTaxable","ttblNonSubject"]},"BoVatCategoryEnum":{"type":"string","enum":["bovcInputTax","bovcOutputTax"]},"BoYesNoEnum":{"type":"string","enum":["tYES","tNO"]}},"swagger":"3.0","info":{"description":"This is a sample server Petstore server.","title":"Swagger For Service Layer","version":"1.0.0"},"tags":[{"name":"VatGroups","description":"This entity enables you to manipulate 'VatGroups'. It defines tax groups that can be assigned to business partners and items in sales and purchase documents."}]}