{"basePath":"/b1s/v1/","paths":{"/VendorPayments(id)":{"patch":{"produces":["application/json","application/xml"],"description":"Update an instance of 'VendorPayments' with the given payload of type 'Payment' in JSON format and with the specified id.","responses":{"200":{"description":"successful operation"}},"parameters":[{"schema":{"$ref":"#/definitions/Payment"},"in":"body","name":"body"}],"tags":["VendorPayments"],"consumes":["application/json","application/xml"]},"get":{"produces":["application/json","application/xml"],"description":"Retrieve all or some selected properties from an instance of 'VendorPayments' with the given id.","responses":{"200":{"description":"successful operation"}},"parameters":[{"name":"DocNum","type":"string"},{"name":"DocType","type":"string"},{"name":"HandWritten","type":"string"}],"tags":["VendorPayments"],"consumes":["application/json","application/xml"]}},"/VendorPayments(id)/Cancel":{"post":{"produces":["application/json","application/xml"],"description":"Invoke the method 'Cancel' on this EntitySet with the specified id.","responses":{"200":{"description":"successful operation"}},"parameters":[{"schema":{"$ref":"#/definitions/Payment"},"in":"body","name":"body"}],"tags":["VendorPayments"],"consumes":["application/json","application/xml"]}},"/VendorPayments(id)/SaveDraftToDocument":{"post":{"produces":["application/json","application/xml"],"description":"Invoke the method 'SaveDraftToDocument' on this EntitySet with the specified id.","responses":{"200":{"description":"successful operation"}},"parameters":[{"schema":{"$ref":"#/definitions/Payment"},"in":"body","name":"body"}],"tags":["VendorPayments"],"consumes":["application/json","application/xml"]}},"/VendorPayments(id)/CancelbyCurrentSystemDate":{"post":{"produces":["application/json","application/xml"],"description":"Invoke the method 'CancelbyCurrentSystemDate' on this EntitySet with the specified id.","responses":{"200":{"description":"successful operation"}},"parameters":[{"schema":{"$ref":"#/definitions/Payment"},"in":"body","name":"body"}],"tags":["VendorPayments"],"consumes":["application/json","application/xml"]}},"/VendorPayments":{"post":{"produces":["application/json","application/xml"],"description":"Create an instance of 'VendorPayments' with the given payload of type 'Payment' in JSON format.","responses":{"200":{"description":"successful operation"}},"parameters":[{"schema":{"$ref":"#/definitions/Payment"},"in":"body","name":"body"}],"tags":["VendorPayments"],"consumes":["application/json","application/xml"]},"get":{"produces":["application/json","application/xml"],"description":"Retrieve a collection of 'VendorPayments' with all or some selected properties in the given order by specifying the given filter condition.","responses":{"200":{"description":"successful operation"}},"parameters":[{"name":"DocNum","type":"string"},{"name":"DocType","type":"string"},{"name":"HandWri","type":"string"}],"tags":["VendorPayments"],"consumes":["application/json","application/xml"]}},"/VendorPayments(id)/GetApprovalTemplates":{"post":{"produces":["application/json","application/xml"],"description":"Invoke the method 'GetApprovalTemplates' on this EntitySet with the specified id.","responses":{"200":{"description":"successful operation"}},"parameters":[{"schema":{"$ref":"#/definitions/Payment"},"in":"body","name":"body"}],"tags":["VendorPayments"],"consumes":["application/json","application/xml"]}}},"host":"slcdemo.cfapps.sap.hana.ondemand.com","schemes":"https","definitions":{"BoBoeStatus":{"type":"string","enum":["boes_Failed","boes_Cancelled","boes_Deposited","boes_Closed","boes_Created","boes_Sent","boes_Paid"]},"PaymentCreditCard":{"type":"object","properties":{"ConfirmationNum":{"type":"string"},"CreditCur":{"type":"string"},"CardValidUntil":{"type":"string"},"NumOfPayments":{"type":"integer"},"FirstPaymentSum":{"type":"number"},"CreditAcct":{"type":"string"},"OwnerPhone":{"type":"string"},"PaymentMethodCode":{"type":"integer"},"FirstPaymentDue":{"type":"string"},"CreditCard":{"type":"integer"},"LineNum":{"type":"integer"},"SplitPayments":{"$ref":"#/definitions/BoYesNoEnum"},"OwnerIdNum":{"type":"string"},"NumOfCreditPayments":{"type":"integer"},"CreditSum":{"type":"number"},"AdditionalPaymentSum":{"type":"number"},"CreditRate":{"type":"number"},"CreditCardNumber":{"type":"string"},"CreditType":{"$ref":"#/definitions/BoRcptCredTypes"},"VoucherNum":{"type":"string"}}},"PaymentInvoice":{"type":"object","properties":{"WitholdingTaxAppliedSC":{"type":"number"},"DistributionRule":{"type":"string"},"DistributionRule4":{"type":"string"},"DistributionRule5":{"type":"string"},"DocLine":{"type":"integer"},"DistributionRule2":{"type":"string"},"DistributionRule3":{"type":"string"},"TotalDiscountFC":{"type":"number"},"LinkDate":{"type":"string"},"DocEntry":{"type":"integer"},"InvoiceType":{"$ref":"#/definitions/BoRcptInvTypes"},"TotalDiscountSC":{"type":"number"},"LineNum":{"type":"integer"},"PaidSum":{"type":"number"},"InstallmentId":{"type":"integer"},"DocRate":{"type":"number"},"WitholdingTaxAppliedFC":{"type":"number"},"SumApplied":{"type":"number"},"AppliedSys":{"type":"number"},"AppliedFC":{"type":"number"},"DiscountPercent":{"type":"number"},"WitholdingTaxApplied":{"type":"number"},"TotalDiscount":{"type":"number"}}},"WTGroups":{"type":"object","properties":{"SumBaseAmount":{"type":"number"},"SumVATAmount":{"type":"number"},"Percent":{"type":"number"},"SumDocTotal":{"type":"number"},"DocsInWTGroupsCollection":{"type":"array","items":{"$ref":"#/definitions/DocsInWTGroups"}},"SumAccumAmount":{"type":"number"},"WTAbsEntry":{"type":"integer"},"SumPerceptAmount":{"type":"number"}}},"BoRcptTypes":{"type":"string","enum":["rAccount","rCustomer","rSupplier"]},"Payments_ApprovalRequest":{"type":"object","properties":{"ApprovalTemplatesID":{"type":"integer"},"Remarks":{"type":"string"}}},"PaymentAccount":{"type":"object","properties":{"VatAmount":{"type":"number"},"Decription":{"type":"string"},"ProfitCenter":{"type":"string"},"SumPaid":{"type":"number"},"VatGroup":{"type":"string"},"ProfitCenter4":{"type":"string"},"LocationCode":{"type":"integer"},"ProfitCenter3":{"type":"string"},"ProfitCenter2":{"type":"string"},"EqualizationVatAmount":{"type":"number"},"ProfitCenter5":{"type":"string"},"LineNum":{"type":"integer"},"AccountCode":{"type":"string"},"SumPaidFC":{"type":"number"},"ProjectCode":{"type":"string"},"GrossAmount":{"type":"number"},"AccountName":{"type":"string"}}},"DocsInWTGroups":{"type":"object","properties":{"BaseAmount":{"type":"number"},"VATAmount":{"type":"number"},"Percent":{"type":"number"},"PerceptAmount":{"type":"number"},"DocEntry":{"type":"integer"},"DocTotal":{"type":"number"},"DocObjType":{"type":"string"},"AccumAmount":{"type":"number"}}},"BoPaymentPriorities":{"type":"string","enum":["bopp_Priority_6","bopp_Priority_4","bopp_Priority_5","bopp_Priority_2","bopp_Priority_3","bopp_Priority_1"]},"BoYesNoEnum":{"type":"string","enum":["tYES","tNO"]},"BoPaymentsObjectType":{"type":"string","enum":["bopot_OutgoingPayments","bopot_IncomingPayments"]},"WithholdingTaxDataWTX":{"type":"object","properties":{"Category":{"type":"string"},"AppliedWTAmount":{"type":"number"},"WTAbsId":{"type":"string"},"BaseNetAmount":{"type":"number"},"BaseVatmountFC":{"type":"number"},"LineNum":{"type":"integer"},"AccumBaseAmount":{"type":"number"},"TaxableAmountFC":{"type":"number"},"BaseNetAmountFC":{"type":"number"},"BaseVatmount":{"type":"number"},"ExemptRate":{"type":"number"},"BaseDocLine":{"type":"integer"},"AccumWTaxAmountFC":{"type":"number"},"AccumBaseAmountFC":{"type":"number"},"TaxableAmountinSys":{"type":"number"},"WTAmount":{"type":"number"},"TaxableAmount":{"type":"number"},"Rate":{"type":"number"},"AppliedWTAmountSys":{"type":"number"},"WTAmountSys":{"type":"number"},"GLAccount":{"type":"string"},"WithholdingType":{"type":"string"},"BaseDocType":{"type":"string"},"AccumBaseAmountSys":{"type":"number"},"BaseDocEntry":{"type":"integer"},"BaseType":{"type":"string"},"AccumWTaxAmountSys":{"type":"number"},"AppliedWTAmountFC":{"type":"number"},"WTAmountFC":{"type":"number"},"BaseVatmountSys":{"type":"number"},"BaseNetAmountSys":{"type":"number"},"AccumWTaxAmount":{"type":"number"}}},"Payment":{"type":"object","properties":{"VatAmount":{"type":"number"},"VatGroup":{"type":"string"},"ProfitCenter4":{"type":"string"},"ProfitCenter3":{"type":"string"},"ProfitCenter2":{"type":"string"},"SumAccumAmount":{"type":"number"},"BoeAccount":{"type":"string"},"ControlAccount":{"type":"string"},"FineAmount":{"type":"number"},"ProfitCenter5":{"type":"string"},"SumBaseAmount":{"type":"number"},"WitholdingTaxAppliedFC":{"type":"number"},"TaxDate":{"type":"string"},"AppliedSys":{"type":"number"},"CheckAbsEntry":{"type":"integer"},"Currency":{"type":"string"},"InterestDate":{"type":"string"},"TransactionCode":{"type":"string"},"ExemptRate":{"type":"number"},"BillOfExchange":{"type":"array","items":{"$ref":"#/definitions/BillOfExchange"}},"DiscountPercent":{"type":"number"},"CheckAccount":{"type":"string"},"TotalDiscountFC":{"type":"number"},"PaymentInvoices":{"type":"array","items":{"$ref":"#/definitions/PaymentInvoice"}},"BillOfExchangeDueDate":{"type":"string"},"DiscountDate":{"type":"string"},"PaymentMethodCode":{"type":"string"},"DiscountAmount":{"type":"number"},"PaymentMeans":{"description":"PaymentMeansTypeEnum","type":"string","enum":["pmtChecks","pmtCreditCard","pmtNotAssigned","pmtCash","pmtBankTransfer"]},"DocRate":{"type":"number"},"Details":{"type":"string"},"SumApplied":{"type":"number"},"ReferenceNo":{"type":"string"},"BillOfExchangeAmountFC":{"type":"number"},"Payments_ApprovalRequests":{"type":"array","items":{"$ref":"#/definitions/Payments_ApprovalRequest"}},"LocalCurrency":{"description":"BoYesNoEnum","type":"string","enum":["tYES","tNO"]},"IOFAmount":{"type":"number"},"BaseAmount":{"type":"number"},"SplitPayments":{"description":"BoYesNoEnum","type":"string","enum":["tYES","tNO"]},"BankChargeAmountInFC":{"type":"number"},"TransferDate":{"type":"string"},"UnderOverpaymentdiffSC":{"type":"number"},"DocType":{"description":"BoRcptTypes","type":"string","enum":["rAccount","rCustomer","rSupplier"]},"WitholdingTaxAppliedSC":{"type":"number"},"BPBankCountry":{"type":"string"},"CardCode":{"type":"string"},"IssueDate":{"type":"string"},"JournalRemarks":{"type":"string"},"BankAccount":{"type":"string"},"StampTaxAmount":{"type":"number"},"DocTotal":{"type":"number"},"SumPerceptAmount":{"type":"number"},"PaymentEngineStatus3":{"type":"string"},"PaymentEngineStatus2":{"type":"string"},"WTaxType":{"type":"string"},"SumDocTotal":{"type":"number"},"BaseNetAmountSys":{"type":"number"},"DocCurrency":{"type":"string"},"CashFlowAssignmentsID":{"type":"integer"},"PaymentEngineStatus1":{"type":"string"},"ConfirmationNum":{"type":"string"},"TransferReference":{"type":"string"},"CardName":{"type":"string"},"DeductionSum":{"type":"number"},"PaymentAccounts":{"type":"array","items":{"$ref":"#/definitions/PaymentAccount"}},"ApprovalTemplatesID":{"type":"integer"},"WtBaseSumSC":{"type":"number"},"BillOfExchangeAmount":{"type":"number"},"AccumBaseAmount":{"type":"number"},"StampTaxCode":{"type":"string"},"Remarks":{"type":"string"},"AccountCode":{"type":"string"},"BaseDocLine":{"type":"integer"},"BPLID":{"type":"integer"},"VoucherNum":{"type":"string"},"WTAccount":{"type":"string"},"DocObjectCode":{"description":"BoPaymentsObjectType","type":"string","enum":["bopot_OutgoingPayments","bopot_IncomingPayments"]},"CardValidUntil":{"type":"string"},"TaxableAmountinSys":{"type":"number"},"ServiceFeeAmount":{"type":"number"},"SplitTransaction":{"description":"BoYesNoEnum","type":"string","enum":["tYES","tNO"]},"PayToBankCountry":{"type":"string"},"FiscalID":{"type":"string"},"FirstPaymentSum":{"type":"number"},"DocEntry":{"type":"integer"},"TransferAccount":{"type":"string"},"CashSumSys":{"type":"number"},"PayToBankCode":{"type":"string"},"ContactPersonCode":{"type":"integer"},"BillOfExchangeAgent":{"type":"string"},"CreditRate":{"type":"number"},"BankChargeAmount":{"type":"number"},"SumPaidFC":{"type":"number"},"WTAmountFC":{"type":"number"},"AccumWTaxAmount":{"type":"number"},"Certificate":{"type":"string"},"SumVATAmount":{"type":"number"},"DocDate":{"type":"string"},"CurrencyIsLocal":{"description":"BoYesNoEnum","type":"string","enum":["tYES","tNO"]},"OtherIncomesAmount":{"type":"number"},"InterestAmount":{"type":"number"},"PaidSum":{"type":"number"},"ApplyVAT":{"description":"BoYesNoEnum","type":"string","enum":["tYES","tNO"]},"Number":{"type":"integer"},"Branch":{"type":"string"},"DocsInWTGroupsCollection":{"type":"array","items":{"$ref":"#/definitions/DocsInWTGroups"}},"VATRegNum":{"type":"string"},"CreditType":{"description":"BoRcptCredTypes","type":"string","enum":["cr_Regular","cr_InternetTransaction","cr_Telephone"]},"Percent":{"type":"number"},"AccounttNum":{"type":"string"},"AppliedWTAmountSys":{"type":"number"},"UnderOverpaymentdiffFC":{"type":"number"},"Cancelled":{"description":"BoYesNoEnum","type":"string","enum":["tYES","tNO"]},"WTAbsEntry":{"type":"integer"},"CheckNumber":{"type":"string"},"TransferRealAmount":{"type":"number"},"CreditCard":{"type":"integer"},"PaymentPriority":{"description":"BoPaymentPriorities","type":"string","enum":["bopp_Priority_6","bopp_Priority_4","bopp_Priority_5","bopp_Priority_2","bopp_Priority_3","bopp_Priority_1"]},"BaseType":{"type":"string"},"BillOfExchangeAmountSC":{"type":"number"},"WitholdingTaxApplied":{"type":"number"},"WtBaseSumFC":{"type":"number"},"PaymentChecks":{"type":"array","items":{"$ref":"#/definitions/PaymentCheck"}},"Address":{"type":"string"},"DocLine":{"type":"integer"},"SumPercAmount":{"type":"number"},"WTAbsId":{"type":"string"},"FirstPaymentDue":{"type":"string"},"PeriodIndicator":{"type":"string"},"WTAmountSC":{"type":"number"},"LineNum":{"type":"integer"},"NumOfCreditPayments":{"type":"integer"},"VATAmount":{"type":"number"},"TaxableAmountFC":{"type":"number"},"DocNum":{"type":"integer"},"GrossAmount":{"type":"number"},"DocObjType":{"type":"string"},"Decription":{"type":"string"},"PayToBankAccountNo":{"type":"string"},"Rate":{"type":"number"},"LocationCode":{"type":"integer"},"WTAmountSys":{"type":"number"},"ControlKey":{"type":"string"},"BaseDocEntry":{"type":"integer"},"DeductionPercent":{"type":"number"},"VatDate":{"type":"string"},"CheckSum":{"type":"number"},"Reference1":{"type":"string"},"Reference2":{"type":"string"},"AppliedFC":{"type":"number"},"AccountName":{"type":"string"},"AppliedWTAmount":{"type":"number"},"PaymentCreditCards":{"type":"array","items":{"$ref":"#/definitions/PaymentCreditCard"}},"WtBaseSum":{"type":"number"},"OwnerIdNum":{"type":"string"},"BaseNetAmountFC":{"type":"number"},"CreditCardNumber":{"type":"string"},"BPLName":{"type":"string"},"AccumWTaxAmountFC":{"type":"number"},"CashSumFC":{"type":"number"},"WTCode":{"type":"string"},"AccumBaseAmountFC":{"type":"number"},"TaxableAmount":{"type":"number"},"PayToBankBranch":{"type":"string"},"GLAccount":{"type":"string"},"OriginallyIssuedBy":{"type":"string"},"WithholdingType":{"type":"string"},"BankCode":{"type":"string"},"EqualizationVatAmount":{"type":"number"},"DocTypte":{"description":"BoRcptTypes","type":"string","enum":["rAccount","rCustomer","rSupplier"]},"CashFlowAssignments":{"type":"array","items":{"$ref":"#/definitions/CashFlowAssignment"}},"AmountFC":{"type":"number"},"AccumWTaxAmountSys":{"type":"number"},"AppliedWTAmountFC":{"type":"number"},"CounterReference":{"type":"string"},"POICodeRef":{"type":"string"},"DistributionRule4":{"type":"string"},"DistributionRule5":{"type":"string"},"DistributionRule2":{"type":"string"},"DistributionRule3":{"type":"string"},"NumOfPayments":{"type":"integer"},"WhtAbsId":{"type":"integer"},"Trnsfrable":{"description":"BoYesNoEnum","type":"string","enum":["tYES","tNO"]},"BaseNetAmount":{"type":"number"},"WTGroupsCollection":{"type":"array","items":{"$ref":"#/definitions/WTGroups"}},"BaseVatmountFC":{"type":"number"},"AccumAmount":{"type":"number"},"UnderOverpaymentdifference":{"type":"number"},"AuthorizationStatus":{"description":"PaymentsAuthorizationStatusEnum","type":"string","enum":["pasRejected","pasGeneratedbyAuthorizer","pasPending","pasWithout","pasGenerated","pasCancelled","pasApproved"]},"CashFlowLineItemID":{"type":"integer"},"ManualCheck":{"description":"BoYesNoEnum","type":"string","enum":["tYES","tNO"]},"AdditionalPaymentSum":{"type":"number"},"Printed":{"description":"BoYesNoEnum","type":"string","enum":["tYES","tNO"]},"FolioNumber":{"type":"integer"},"WTAmount":{"type":"number"},"OtherExpensesAmount":{"type":"number"},"PerceptAmount":{"type":"number"},"CashAccount":{"type":"string"},"PayToCode":{"type":"string"},"OwnerPhone":{"type":"string"},"BPBankAct":{"type":"string"},"AmountLC":{"type":"number"},"Proforma":{"description":"BoYesNoEnum","type":"string","enum":["tYES","tNO"]},"WithholdingTaxCertificatesCollection":{"type":"array","items":{"$ref":"#/definitions/WithholdingTaxCertificatesData"}},"TotalDiscountSC":{"type":"number"},"WTTaxableAmount":{"type":"number"},"CashSum":{"type":"number"},"TaxGroup":{"type":"string"},"BaseVatmountSys":{"type":"number"},"IsPayToBank":{"description":"BoYesNoEnum","type":"string","enum":["tYES","tNO"]},"HandWritten":{"description":"BoYesNoEnum","type":"string","enum":["tYES","tNO"]},"BankChargeAmountInSC":{"type":"number"},"CreditCur":{"type":"string"},"Category":{"type":"string"},"Endorse":{"description":"BoYesNoEnum","type":"string","enum":["tYES","tNO"]},"FolioPrefixString":{"type":"string"},"FineDate":{"type":"string"},"POICode":{"type":"string"},"InstallmentId":{"type":"integer"},"Credit":{"type":"number"},"EndorsableCheckNo":{"type":"integer"},"CreditSum":{"type":"number"},"BaseVatmount":{"type":"number"},"PaymentType":{"description":"BoORCTPaymentTypeEnum","type":"string","enum":["bopt_Express","bopt_Electronic","bopt_Telegraph","bopt_Post","bopt_None"]},"ProjectCode":{"type":"string"},"DueDate":{"type":"string"},"CountryCode":{"type":"string"},"DistributionRule":{"type":"string"},"BillOfExchangeNo":{"type":"integer"},"BPBankCode":{"type":"string"},"ProfitCenter":{"type":"string"},"SumPaid":{"type":"number"},"WithholdingTaxDataWTXCollection":{"type":"array","items":{"$ref":"#/definitions/WithholdingTaxDataWTX"}},"JDTLineId":{"type":"integer"},"LinkDate":{"type":"string"},"CreditAcct":{"type":"string"},"BaseDocType":{"type":"string"},"TransferSum":{"type":"number"},"AccumBaseAmountSys":{"type":"number"},"InvoiceType":{"description":"BoRcptInvTypes","type":"string","enum":["it_PurchaseDeliveryNote","it_PaymentAdvice","it_Return","it_JournalEntry","it_TransferBetweenWarehouses","it_WorkInstructions","it_PurchaseDownPayment","it_GeneralReleaseFromStock","it_TaxInvoice","it_PurchaseInvoice","it_ChequesForPayment","it_OpeningBalance","it_CorrectionInvoice","it_Invoice","it_StockReconciliations","it_APCorrectionInvoice","it_Receipt","it_Deposit","it_CredItnote","it_ClosingBalance","it_GeneralReceiptToStock","it_PurchaseReturn","it_PurchaseCreditNote","it_AllTransactions","it_DeferredDeposit","it_DownPayment","it_ARCorrectionInvoice"]},"Series":{"type":"integer"},"BillofExchangeStatus":{"description":"BoBoeStatus","type":"string","enum":["boes_Failed","boes_Cancelled","boes_Deposited","boes_Closed","boes_Created","boes_Sent","boes_Paid"]},"TotalDiscount":{"type":"number"}}},"PaymentsAuthorizationStatusEnum":{"type":"string","enum":["pasRejected","pasGeneratedbyAuthorizer","pasPending","pasWithout","pasGenerated","pasCancelled","pasApproved"]},"BoRcptCredTypes":{"type":"string","enum":["cr_Regular","cr_InternetTransaction","cr_Telephone"]},"WithholdingTaxCertificatesData":{"type":"object","properties":{"SumVATAmount":{"type":"number"},"SumPercAmount":{"type":"number"},"WhtAbsId":{"type":"integer"},"IssueDate":{"type":"string"},"SumAccumAmount":{"type":"number"},"WTGroupsCollection":{"type":"array","items":{"$ref":"#/definitions/WTGroups"}},"PeriodIndicator":{"type":"string"},"SumBaseAmount":{"type":"number"},"POICode":{"type":"string"},"Series":{"type":"integer"},"WTaxType":{"type":"string"},"Number":{"type":"integer"},"SumDocTotal":{"type":"number"},"POICodeRef":{"type":"string"},"Certificate":{"type":"string"}}},"BoORCTPaymentTypeEnum":{"type":"string","enum":["bopt_Express","bopt_Electronic","bopt_Telegraph","bopt_Post","bopt_None"]},"PaymentMeansTypeEnum":{"type":"string","enum":["pmtChecks","pmtCreditCard","pmtNotAssigned","pmtCash","pmtBankTransfer"]},"CashFlowAssignment":{"type":"object","properties":{"CashFlowLineItemID":{"type":"integer"},"Credit":{"type":"number"},"AmountFC":{"type":"number"},"JDTLineId":{"type":"integer"},"CheckNumber":{"type":"string"},"CashFlowAssignmentsID":{"type":"integer"},"AmountLC":{"type":"number"},"PaymentMeans":{"$ref":"#/definitions/PaymentMeansTypeEnum"}}},"BillOfExchange":{"type":"object","properties":{"OtherIncomesAmount":{"type":"number"},"FolioPrefixString":{"type":"string"},"IOFAmount":{"type":"number"},"FineDate":{"type":"string"},"FineAmount":{"type":"number"},"InterestAmount":{"type":"number"},"StampTaxCode":{"type":"string"},"Remarks":{"type":"string"},"InterestDate":{"type":"string"},"FolioNumber":{"type":"integer"},"BillOfExchangeNo":{"type":"integer"},"BPBankCode":{"type":"string"},"ServiceFeeAmount":{"type":"number"},"OtherExpensesAmount":{"type":"number"},"BPBankCountry":{"type":"string"},"BillOfExchangeDueDate":{"type":"string"},"StampTaxAmount":{"type":"number"},"DiscountDate":{"type":"string"},"BPBankAct":{"type":"string"},"PaymentMethodCode":{"type":"string"},"ControlKey":{"type":"string"},"DiscountAmount":{"type":"number"},"PaymentEngineStatus3":{"type":"string"},"PaymentEngineStatus2":{"type":"string"},"Details":{"type":"string"},"ReferenceNo":{"type":"string"},"PaymentEngineStatus1":{"type":"string"}}},"BoRcptInvTypes":{"type":"string","enum":["it_PurchaseDeliveryNote","it_PaymentAdvice","it_Return","it_JournalEntry","it_TransferBetweenWarehouses","it_WorkInstructions","it_PurchaseDownPayment","it_GeneralReleaseFromStock","it_TaxInvoice","it_PurchaseInvoice","it_ChequesForPayment","it_OpeningBalance","it_CorrectionInvoice","it_Invoice","it_StockReconciliations","it_APCorrectionInvoice","it_Receipt","it_Deposit","it_CredItnote","it_ClosingBalance","it_GeneralReceiptToStock","it_PurchaseReturn","it_PurchaseCreditNote","it_AllTransactions","it_DeferredDeposit","it_DownPayment","it_ARCorrectionInvoice"]},"PaymentCheck":{"type":"object","properties":{"CheckAccount":{"type":"string"},"AccounttNum":{"type":"string"},"FiscalID":{"type":"string"},"Endorse":{"$ref":"#/definitions/BoYesNoEnum"},"OriginallyIssuedBy":{"type":"string"},"BankCode":{"type":"string"},"Trnsfrable":{"$ref":"#/definitions/BoYesNoEnum"},"CheckNumber":{"type":"integer"},"LineNum":{"type":"integer"},"Details":{"type":"string"},"EndorsableCheckNo":{"type":"integer"},"ManualCheck":{"$ref":"#/definitions/BoYesNoEnum"},"Branch":{"type":"string"},"CheckSum":{"type":"number"},"CheckAbsEntry":{"type":"integer"},"Currency":{"type":"string"},"DueDate":{"type":"string"},"CountryCode":{"type":"string"}}}},"swagger":"3.0","info":{"description":"This is a sample server Petstore server.","title":"Swagger For Service Layer","version":"1.0.0"},"tags":[{"name":"VendorPayments","description":"This entity enables you to manipulate 'VendorPayments'. It represents incoming payments to vendors or, for returned goods, to customers. Available payment methods are cash, credit cards, checks, bank transfers, and in some localizations, bills of exchange."}]}