{"basePath":"/b1s/v1/","paths":{"/WarehouseSublevelCodes(id)":{"patch":{"produces":["application/json","application/xml"],"description":"Update an instance of 'WarehouseSublevelCodes' with the given payload of type 'WarehouseSublevelCode' in JSON format and with the specified id.","responses":{"200":{"description":"successful operation"}},"parameters":[{"schema":{"$ref":"#/definitions/WarehouseSublevelCode"},"in":"body","name":"body"}],"tags":["WarehouseSublevelCodes"],"consumes":["application/json","application/xml"]},"get":{"produces":["application/json","application/xml"],"description":"Retrieve all or some selected properties from an instance of 'WarehouseSublevelCodes' with the given id.","responses":{"200":{"description":"successful operation"}},"parameters":[{"name":"WarehouseSublevel","type":"string"},{"name":"Code","type":"string"},{"name":"Description","type":"string"}],"tags":["WarehouseSublevelCodes"],"consumes":["application/json","application/xml"]},"delete":{"produces":["application/json","application/xml"],"description":"Delete an instance of 'WarehouseSublevelCodes' with the specified id.","responses":{"200":{"description":"successful operation"}},"parameters":[],"tags":["WarehouseSublevelCodes"],"consumes":["application/json","application/xml"]}},"/WarehouseSublevelCodes":{"post":{"produces":["application/json","application/xml"],"description":"Create an instance of 'WarehouseSublevelCodes' with the given payload of type 'WarehouseSublevelCode' in JSON format.","responses":{"200":{"description":"successful operation"}},"parameters":[{"schema":{"$ref":"#/definitions/WarehouseSublevelCode"},"in":"body","name":"body"}],"tags":["WarehouseSublevelCodes"],"consumes":["application/json","application/xml"]},"get":{"produces":["application/json","application/xml"],"description":"Retrieve a collection of 'WarehouseSublevelCodes' with all or some selected properties in the given order by specifying the given filter condition.","responses":{"200":{"description":"successful operation"}},"parameters":[{"name":"WarehouseSublevel","type":"string"},{"name":"Code","type":"string"},{"name":"Descrip","type":"string"}],"tags":["WarehouseSublevelCodes"],"consumes":["application/json","application/xml"]}}},"host":"slcdemo.cfapps.sap.hana.ondemand.com","schemes":"https","definitions":{"WarehouseSublevelCode":{"type":"object","properties":{"Description":{"type":"string"},"WarehouseSublevel":{"type":"integer"},"AbsEntry":{"type":"integer"},"Code":{"type":"string"}}}},"swagger":"3.0","info":{"description":"This is a sample server Petstore server.","title":"Swagger For Service Layer","version":"1.0.0"},"tags":[{"name":"WarehouseSublevelCodes","description":"This entity enables you to manipulate 'WarehouseSublevelCodes'."}]}