{"basePath":"/b1s/v1/","paths":{"/WarehouseLocations(id)":{"patch":{"produces":["application/json","application/xml"],"description":"Update an instance of 'WarehouseLocations' with the given payload of type 'WarehouseLocation' in JSON format and with the specified id.","responses":{"200":{"description":"successful operation"}},"parameters":[{"schema":{"$ref":"#/definitions/WarehouseLocation"},"in":"body","name":"body"}],"tags":["WarehouseLocations"],"consumes":["application/json","application/xml"]},"get":{"produces":["application/json","application/xml"],"description":"Retrieve all or some selected properties from an instance of 'WarehouseLocations' with the given id.","responses":{"200":{"description":"successful operation"}},"parameters":[{"name":"Code","type":"string"},{"name":"Name","type":"string"},{"name":"LSTVATNumber","type":"string"}],"tags":["WarehouseLocations"],"consumes":["application/json","application/xml"]},"delete":{"produces":["application/json","application/xml"],"description":"Delete an instance of 'WarehouseLocations' with the specified id.","responses":{"200":{"description":"successful operation"}},"parameters":[],"tags":["WarehouseLocations"],"consumes":["application/json","application/xml"]}},"/WarehouseLocations":{"post":{"produces":["application/json","application/xml"],"description":"Create an instance of 'WarehouseLocations' with the given payload of type 'WarehouseLocation' in JSON format.","responses":{"200":{"description":"successful operation"}},"parameters":[{"schema":{"$ref":"#/definitions/WarehouseLocation"},"in":"body","name":"body"}],"tags":["WarehouseLocations"],"consumes":["application/json","application/xml"]},"get":{"produces":["application/json","application/xml"],"description":"Retrieve a collection of 'WarehouseLocations' with all or some selected properties in the given order by specifying the given filter condition.","responses":{"200":{"description":"successful operation"}},"parameters":[{"name":"Code","type":"string"},{"name":"Name","type":"string"},{"name":"LSTVATNu","type":"string"}],"tags":["WarehouseLocations"],"consumes":["application/json","application/xml"]}}},"host":"slcdemo.cfapps.sap.hana.ondemand.com","schemes":"https","definitions":{"WarehouseLocation":{"type":"object","properties":{"EccNumber":{"type":"string"},"GSTIN":{"type":"string"},"ServiceTaxNumber":{"type":"string"},"CECommissionerate":{"type":"string"},"ManufacturerCode":{"type":"string"},"AssesseeType":{"type":"string"},"LSTVATNumber":{"type":"string"},"CERange":{"type":"string"},"County":{"type":"string"},"Name":{"type":"string"},"BuildingFloorRoom":{"type":"string"},"GSTISD":{"type":"string"},"PANNumber":{"type":"string"},"RegistrationType":{"type":"string"},"Street":{"type":"string"},"GSTTDS":{"type":"string"},"CERegisterNumber":{"type":"string"},"GstType":{"type":"integer"},"ZipCode":{"type":"string"},"NatureOfBusiness":{"type":"string"},"CompanyType":{"type":"string"},"City":{"type":"string"},"TINNumber":{"type":"string"},"Code":{"type":"integer"},"CEDivision":{"type":"string"},"TANNumber":{"type":"string"},"Jurisdiction":{"type":"string"},"ExemptionNumber":{"type":"string"},"State":{"type":"string"},"Block":{"type":"string"},"Country":{"type":"string"},"CSTNumber":{"type":"string"}}}},"swagger":"3.0","info":{"description":"This is a sample server Petstore server.","title":"Swagger For Service Layer","version":"1.0.0"},"tags":[{"name":"WarehouseLocations","description":"This entity enables you to manipulate 'WarehouseLocations'. It defines the geographical locations of the warehouses."}]}