{"basePath":"/b1s/v1/","paths":{"/Warehouses(id)":{"patch":{"produces":["application/json","application/xml"],"description":"Update an instance of 'Warehouses' with the given payload of type 'Warehouse' in JSON format and with the specified id.","responses":{"200":{"description":"successful operation"}},"parameters":[{"schema":{"$ref":"#/definitions/Warehouse"},"in":"body","name":"body"}],"tags":["Warehouses"],"consumes":["application/json","application/xml"]},"get":{"produces":["application/json","application/xml"],"description":"Retrieve all or some selected properties from an instance of 'Warehouses' with the given id.","responses":{"200":{"description":"successful operation"}},"parameters":[{"name":"Street","type":"string"},{"name":"StockInflationOffsetAccount","type":"string"},{"name":"ZipCode","type":"string"}],"tags":["Warehouses"],"consumes":["application/json","application/xml"]},"delete":{"produces":["application/json","application/xml"],"description":"Delete an instance of 'Warehouses' with the specified id.","responses":{"200":{"description":"successful operation"}},"parameters":[],"tags":["Warehouses"],"consumes":["application/json","application/xml"]}},"/Warehouses":{"post":{"produces":["application/json","application/xml"],"description":"Create an instance of 'Warehouses' with the given payload of type 'Warehouse' in JSON format.","responses":{"200":{"description":"successful operation"}},"parameters":[{"schema":{"$ref":"#/definitions/Warehouse"},"in":"body","name":"body"}],"tags":["Warehouses"],"consumes":["application/json","application/xml"]},"get":{"produces":["application/json","application/xml"],"description":"Retrieve a collection of 'Warehouses' with all or some selected properties in the given order by specifying the given filter condition.","responses":{"200":{"description":"successful operation"}},"parameters":[{"name":"Street","type":"string"},{"name":"StockInflationOffsetAccount","type":"string"},{"name":"Zip","type":"string"}],"tags":["Warehouses"],"consumes":["application/json","application/xml"]}}},"host":"slcdemo.cfapps.sap.hana.ondemand.com","schemes":"https","definitions":{"Warehouse":{"type":"object","properties":{"DecreasingAccount":{"type":"string"},"ExpenseAccount":{"type":"string"},"Nettable":{"description":"BoYesNoEnum","type":"string","enum":["tYES","tNO"]},"ReturningAccount":{"type":"string"},"EURevenuesAccount":{"type":"string"},"PurchaseCreditAcc":{"type":"string"},"PurchaseBalanceAccount":{"type":"string"},"StockInflationOffsetAccount":{"type":"string"},"EUPurchaseCreditAcc":{"type":"string"},"GlobalLocationNumber":{"type":"string"},"WarehouseName":{"type":"string"},"TransfersAcc":{"type":"string"},"WarehouseCode":{"type":"string"},"AllowUseTax":{"description":"BoYesNoEnum","type":"string","enum":["tYES","tNO"]},"FederalTaxID":{"type":"string"},"Street":{"type":"string"},"PurchaseAccount":{"type":"string"},"SalesCreditEUAcc":{"type":"string"},"StockInTransitAccount":{"type":"string"},"ExemptedCredits":{"type":"string"},"InternalKey":{"type":"integer"},"ExpensesClearingAccount":{"type":"string"},"StockInflationAdjustAccount":{"type":"string"},"ShippedGoodsAccount":{"type":"string"},"City":{"type":"string"},"DefaultBinEnforced":{"description":"BoYesNoEnum","type":"string","enum":["tYES","tNO"]},"ExchangeRateDifferencesAccount":{"type":"string"},"NegativeInventoryAdjustmentAccount":{"type":"string"},"PurchaseReturningAccount":{"type":"string"},"IncreaseGLAccount":{"type":"string"},"TaxGroup":{"type":"string"},"State":{"type":"string"},"ExpenseOffsetingAct":{"type":"string"},"PurchaseOffsetAccount":{"type":"string"},"ReceiveUpToMaxWeight":{"description":"BoYesNoEnum","type":"string","enum":["tYES","tNO"]},"Block":{"type":"string"},"Country":{"type":"string"},"WHOutgoingCenvatAccount":{"type":"string"},"ManageSerialAndBatchNumbers":{"description":"BoYesNoEnum","type":"string","enum":["tYES","tNO"]},"ForeignExpensesAccount":{"type":"string"},"Excisable":{"description":"BoYesNoEnum","type":"string","enum":["tYES","tNO"]},"ReceiveUpToMethod":{"description":"ReceivingUpToMethodEnum","type":"string","enum":["rutmMaximumWeight","rutmMaximumQty","rutmBothMaxQtyAndWeight"]},"WHShipToName":{"type":"string"},"WIPMaterialVarianceAccount":{"type":"string"},"WHIncomingCenvatAccount":{"type":"string"},"County":{"type":"string"},"BinLocCodeSeparator":{"type":"string"},"EnableBinLocations":{"description":"BoYesNoEnum","type":"string","enum":["tYES","tNO"]},"AutoAllocOnReceipt":{"description":"AutoAllocOnReceiptMethodEnum","type":"string","enum":["aaormLastBinReceivedItem","aaormItemCurrentAndHistoricalBins","aaormDefaultBin","aaormItemCurrentBins"]},"ReceivingBinLocationsBy":{"description":"ReceivingBinLocationsMethodEnum","type":"string","enum":["rblmBinLocationCodeOrder","rblmAlternativeSortCodeOrder"]},"BuildingFloorRoom":{"type":"string"},"VarianceAccount":{"type":"string"},"Shipper":{"type":"string"},"Inactive":{"description":"BoYesNoEnum","type":"string","enum":["tYES","tNO"]},"AutoAllocOnIssue":{"description":"BoDocWhsAutoIssueMethod","type":"string","enum":["whsBinSingleChoiceOnly","whsBinSingleBinPreferred","whsBinAltSortCodeOrder","whsBinQtyAscendingOrder","whsBinBinCodeOrder","whsBinFIFO","whsBinQtyDescendingOrder","whsBinLIFO"]},"ForeignRevenuesAcc":{"type":"string"},"WipOffsetProfitAndLossAccount":{"type":"string"},"PriceDifferencesAccount":{"type":"string"},"CostOfGoodsSold":{"type":"string"},"StreetNo":{"type":"string"},"GoodsClearingAcc":{"type":"string"},"ForeignPurchaseCreditAcc":{"type":"string"},"IncreasingAcc":{"type":"string"},"SalesCreditAcc":{"type":"string"},"DefaultBin":{"type":"integer"},"StockAccount":{"type":"string"},"RestrictReceiptToEmptyBinLocation":{"description":"BoYesNoEnum","type":"string","enum":["tYES","tNO"]},"ZipCode":{"type":"string"},"VATInRevenueAccount":{"type":"string"},"DecreaseGLAccount":{"type":"string"},"BusinessPlaceID":{"type":"integer"},"SalesCreditForeignAcc":{"type":"string"},"WIPMaterialAccount":{"type":"string"},"InventoryOffsetProfitAndLossAccount":{"type":"string"},"EnableReceivingBinLocations":{"description":"BoYesNoEnum","type":"string","enum":["tYES","tNO"]},"ReceiveUpToMaxQuantity":{"description":"BoYesNoEnum","type":"string","enum":["tYES","tNO"]},"EUExpensesAccount":{"type":"string"},"ExemptRevenuesAccount":{"type":"string"},"Storekeeper":{"type":"integer"},"RevenuesAccount":{"type":"string"},"DropShip":{"description":"BoYesNoEnum","type":"string","enum":["tYES","tNO"]},"CostInflationAccount":{"type":"string"},"AddressType":{"type":"string"},"CostInflationOffsetAccount":{"type":"string"},"Location":{"type":"integer"}}},"ReceivingBinLocationsMethodEnum":{"type":"string","enum":["rblmBinLocationCodeOrder","rblmAlternativeSortCodeOrder"]},"AutoAllocOnReceiptMethodEnum":{"type":"string","enum":["aaormLastBinReceivedItem","aaormItemCurrentAndHistoricalBins","aaormDefaultBin","aaormItemCurrentBins"]},"BoDocWhsAutoIssueMethod":{"type":"string","enum":["whsBinSingleChoiceOnly","whsBinSingleBinPreferred","whsBinAltSortCodeOrder","whsBinQtyAscendingOrder","whsBinBinCodeOrder","whsBinFIFO","whsBinQtyDescendingOrder","whsBinLIFO"]},"ReceivingUpToMethodEnum":{"type":"string","enum":["rutmMaximumWeight","rutmMaximumQty","rutmBothMaxQtyAndWeight"]},"BoYesNoEnum":{"type":"string","enum":["tYES","tNO"]}},"swagger":"3.0","info":{"description":"This is a sample server Petstore server.","title":"Swagger For Service Layer","version":"1.0.0"},"tags":[{"name":"Warehouses","description":"This entity enables you to manipulate 'Warehouses'. It represents the warehouses information in the Inventory module."}]}