{"basePath":"/b1s/v1/","paths":{"/WeightMeasures(id)":{"patch":{"produces":["application/json","application/xml"],"description":"Update an instance of 'WeightMeasures' with the given payload of type 'WeightMeasure' in JSON format and with the specified id.","responses":{"200":{"description":"successful operation"}},"parameters":[{"schema":{"$ref":"#/definitions/WeightMeasure"},"in":"body","name":"body"}],"tags":["WeightMeasures"],"consumes":["application/json","application/xml"]},"get":{"produces":["application/json","application/xml"],"description":"Retrieve all or some selected properties from an instance of 'WeightMeasures' with the given id.","responses":{"200":{"description":"successful operation"}},"parameters":[{"name":"UnitCode","type":"string"},{"name":"UnitDisplay","type":"string"},{"name":"UnitName","type":"string"}],"tags":["WeightMeasures"],"consumes":["application/json","application/xml"]},"delete":{"produces":["application/json","application/xml"],"description":"Delete an instance of 'WeightMeasures' with the specified id.","responses":{"200":{"description":"successful operation"}},"parameters":[],"tags":["WeightMeasures"],"consumes":["application/json","application/xml"]}},"/WeightMeasures":{"post":{"produces":["application/json","application/xml"],"description":"Create an instance of 'WeightMeasures' with the given payload of type 'WeightMeasure' in JSON format.","responses":{"200":{"description":"successful operation"}},"parameters":[{"schema":{"$ref":"#/definitions/WeightMeasure"},"in":"body","name":"body"}],"tags":["WeightMeasures"],"consumes":["application/json","application/xml"]},"get":{"produces":["application/json","application/xml"],"description":"Retrieve a collection of 'WeightMeasures' with all or some selected properties in the given order by specifying the given filter condition.","responses":{"200":{"description":"successful operation"}},"parameters":[{"name":"UnitCode","type":"string"},{"name":"UnitDisplay","type":"string"},{"name":"Unit","type":"string"}],"tags":["WeightMeasures"],"consumes":["application/json","application/xml"]}}},"host":"slcdemo.cfapps.sap.hana.ondemand.com","schemes":"https","definitions":{"WeightMeasure":{"type":"object","properties":{"UnitCode":{"type":"integer"},"UnitWeightinmg":{"type":"number"},"UnitName":{"type":"string"},"UnitDisplay":{"type":"string"}}}},"swagger":"3.0","info":{"description":"This is a sample server Petstore server.","title":"Swagger For Service Layer","version":"1.0.0"},"tags":[{"name":"WeightMeasures","description":"This entity enables you to manipulate 'WeightMeasures'. It defines the weight measure units that are used for item records."}]}