{"basePath":"/b1s/v1/","paths":{"/WithholdingTaxCodes(id)":{"patch":{"produces":["application/json","application/xml"],"description":"Update an instance of 'WithholdingTaxCodes' with the given payload of type 'WithholdingTaxCode' in JSON format and with the specified id.","responses":{"200":{"description":"successful operation"}},"parameters":[{"schema":{"$ref":"#/definitions/WithholdingTaxCode"},"in":"body","name":"body"}],"tags":["WithholdingTaxCodes"],"consumes":["application/json","application/xml"]},"get":{"produces":["application/json","application/xml"],"description":"Retrieve all or some selected properties from an instance of 'WithholdingTaxCodes' with the given id.","responses":{"200":{"description":"successful operation"}},"parameters":[{"name":"WTCode","type":"string"},{"name":"WTName","type":"string"},{"name":"Category","type":"string"}],"tags":["WithholdingTaxCodes"],"consumes":["application/json","application/xml"]},"delete":{"produces":["application/json","application/xml"],"description":"Delete an instance of 'WithholdingTaxCodes' with the specified id.","responses":{"200":{"description":"successful operation"}},"parameters":[],"tags":["WithholdingTaxCodes"],"consumes":["application/json","application/xml"]}},"/WithholdingTaxCodes":{"post":{"produces":["application/json","application/xml"],"description":"Create an instance of 'WithholdingTaxCodes' with the given payload of type 'WithholdingTaxCode' in JSON format.","responses":{"200":{"description":"successful operation"}},"parameters":[{"schema":{"$ref":"#/definitions/WithholdingTaxCode"},"in":"body","name":"body"}],"tags":["WithholdingTaxCodes"],"consumes":["application/json","application/xml"]},"get":{"produces":["application/json","application/xml"],"description":"Retrieve a collection of 'WithholdingTaxCodes' with all or some selected properties in the given order by specifying the given filter condition.","responses":{"200":{"description":"successful operation"}},"parameters":[{"name":"WTCode","type":"string"},{"name":"WTName","type":"string"},{"name":"Cate","type":"string"}],"tags":["WithholdingTaxCodes"],"consumes":["application/json","application/xml"]}}},"host":"slcdemo.cfapps.sap.hana.ondemand.com","schemes":"https","definitions":{"WithholdingTypeEnum":{"type":"string","enum":["wt_VatWithholding","wt_IncomeTaxWithholding"]},"WithholdingTaxCodeBaseTypeEnum":{"type":"string","enum":["wtcbt_Gross_VAT","wtcbt_Net","wtcbt_Gross","wtcbt_VAT"]},"WithholdingTaxCode":{"type":"object","properties":{"Account":{"type":"string"},"APHSCAccount":{"type":"string"},"TypeID":{"type":"integer"},"Category":{"description":"WithholdingTaxCodeCategoryEnum","type":"string","enum":["wtcc_Payment","wtcc_Invoice"]},"WTaxToBeDeductible":{"type":"number"},"ARHSCAccount":{"type":"string"},"ARTDSAccount":{"type":"string"},"Effectivefrom":{"type":"string"},"APSurchargeAccount":{"type":"string"},"MaxAmount":{"type":"number"},"WithholdingTaxCodes_Lines":{"type":"array","items":{"$ref":"#/definitions/WithholdingTaxCodes_Line"}},"BaseAmount":{"type":"number"},"APCessAccount":{"type":"string"},"LineNum":{"type":"integer"},"Surcharge":{"type":"number"},"ValueFrom":{"type":"number"},"MinimumTaxableAmount":{"type":"number"},"Currency":{"type":"string"},"MinAmount":{"type":"number"},"TaxRate":{"type":"number"},"Inactive":{"description":"BoYesNoEnum","type":"string","enum":["tYES","tNO"]},"APTDSAccount":{"type":"string"},"CessRate":{"type":"number"},"ProgressiveTax_Lines":{"type":"array","items":{"$ref":"#/definitions/ProgressiveTax_Line"}},"WTCode":{"type":"string"},"Threshold":{"type":"number"},"CSTCodeOutgoingID":{"type":"integer"},"HSCRate":{"type":"number"},"CSTCodeIncomingID":{"type":"integer"},"Concessional":{"description":"BoYesNoEnum","type":"string","enum":["tYES","tNO"]},"Rate":{"type":"number"},"WithholdingType":{"description":"WithholdingTypeEnum","type":"string","enum":["wt_VatWithholding","wt_IncomeTaxWithholding"]},"ARCessAccount":{"type":"string"},"ReturnType":{"description":"ReturnTypeEnum","type":"string","enum":["rt26Q","rt27Q"]},"SurchargeRate":{"type":"number"},"Section":{"type":"integer"},"WithholdingTaxCodes_ValueRange_Lines":{"type":"array","items":{"$ref":"#/definitions/WithholdingTaxCodes_ValueRange_Line"}},"TDSRate":{"type":"number"},"WTName":{"type":"string"},"ARSurchargeAccount":{"type":"string"},"IsProgressiveTax":{"description":"BoYesNoEnum","type":"string","enum":["tYES","tNO"]},"BaseType":{"description":"WithholdingTaxCodeBaseTypeEnum","type":"string","enum":["wtcbt_Gross_VAT","wtcbt_Net","wtcbt_Gross","wtcbt_VAT"]},"NatureOfCalculationBaseCode":{"type":"string"},"OfficialCode":{"type":"string"},"EffectiveFrom":{"type":"string"},"RoundingType":{"description":"RoundingTypeEnum","type":"string","enum":["rt_TruncatedAU","rt_NoRounding","rt_CommercialValues"]},"Assessee":{"type":"integer"},"Location":{"type":"integer"}}},"ProgressiveTax_Line":{"type":"object","properties":{"MinAmount":{"type":"number"},"TaxRate":{"type":"number"},"MaxAmount":{"type":"number"}}},"WithholdingTaxCodes_ValueRange_Line":{"type":"object","properties":{"ValueFrom":{"type":"number"},"Rate":{"type":"number"},"WTaxToBeDeductible":{"type":"number"}}},"WithholdingTaxCodeCategoryEnum":{"type":"string","enum":["wtcc_Payment","wtcc_Invoice"]},"ReturnTypeEnum":{"type":"string","enum":["rt26Q","rt27Q"]},"RoundingTypeEnum":{"type":"string","enum":["rt_TruncatedAU","rt_NoRounding","rt_CommercialValues"]},"WithholdingTaxCodes_Line":{"type":"object","properties":{"HSCRate":{"type":"number"},"LineNum":{"type":"integer"},"Rate":{"type":"number"},"Effectivefrom":{"type":"string"},"SurchargeRate":{"type":"number"},"WithholdingTaxCodes_ValueRange_Lines":{"type":"array","items":{"$ref":"#/definitions/WithholdingTaxCodes_ValueRange_Line"}},"TDSRate":{"type":"number"},"CessRate":{"type":"number"},"ProgressiveTax_Lines":{"type":"array","items":{"$ref":"#/definitions/ProgressiveTax_Line"}}}},"BoYesNoEnum":{"type":"string","enum":["tYES","tNO"]}},"swagger":"3.0","info":{"description":"This is a sample server Petstore server.","title":"Swagger For Service Layer","version":"1.0.0"},"tags":[{"name":"WithholdingTaxCodes","description":"This entity enables you to manipulate 'WithholdingTaxCodes'. It defines withholding tax codes that can be applied to business partners, payments, and documents."}]}