{"basePath":"/b1s/v1/","paths":{"/WitholdingTaxDefinition":{"post":{"produces":["application/json","application/xml"],"description":"Create an instance of 'WitholdingTaxDefinition' with the given payload of type 'WTDCode' in JSON format.","responses":{"200":{"description":"successful operation"}},"parameters":[{"schema":{"$ref":"#/definitions/WTDCode"},"in":"body","name":"body"}],"tags":["WitholdingTaxDefinition"],"consumes":["application/json","application/xml"]},"get":{"produces":["application/json","application/xml"],"description":"Retrieve a collection of 'WitholdingTaxDefinition' with all or some selected properties in the given order by specifying the given filter condition.","responses":{"200":{"description":"successful operation"}},"parameters":[{"name":"AbsEntry","type":"string"},{"name":"WTaxCode","type":"string"},{"name":"WTax","type":"string"}],"tags":["WitholdingTaxDefinition"],"consumes":["application/json","application/xml"]}},"/WitholdingTaxDefinition(id)":{"patch":{"produces":["application/json","application/xml"],"description":"Update an instance of 'WitholdingTaxDefinition' with the given payload of type 'WTDCode' in JSON format and with the specified id.","responses":{"200":{"description":"successful operation"}},"parameters":[{"schema":{"$ref":"#/definitions/WTDCode"},"in":"body","name":"body"}],"tags":["WitholdingTaxDefinition"],"consumes":["application/json","application/xml"]},"get":{"produces":["application/json","application/xml"],"description":"Retrieve all or some selected properties from an instance of 'WitholdingTaxDefinition' with the given id.","responses":{"200":{"description":"successful operation"}},"parameters":[{"name":"AbsEntry","type":"string"},{"name":"WTaxCode","type":"string"},{"name":"WTaxName","type":"string"}],"tags":["WitholdingTaxDefinition"],"consumes":["application/json","application/xml"]},"delete":{"produces":["application/json","application/xml"],"description":"Delete an instance of 'WitholdingTaxDefinition' with the specified id.","responses":{"200":{"description":"successful operation"}},"parameters":[],"tags":["WitholdingTaxDefinition"],"consumes":["application/json","application/xml"]}}},"host":"slcdemo.cfapps.sap.hana.ondemand.com","schemes":"https","definitions":{"WithholdingTaxCodeBaseTypeEnum":{"type":"string","enum":["wtcbt_Gross_VAT","wtcbt_Net","wtcbt_Gross","wtcbt_VAT"]},"WTDBP":{"type":"object","properties":{"BPKeyPart2":{"type":"string"},"BPKeyPart1":{"type":"string"},"WTaxCode":{"type":"string"},"Rate":{"type":"number"},"DetailType":{"$ref":"#/definitions/WTDDetailType"},"EffectiveDateFrom":{"type":"string"},"EffectiveDateTo":{"type":"string"}}},"WithholdingTaxCodeCategoryEnum":{"type":"string","enum":["wtcc_Payment","wtcc_Invoice"]},"WTDCode":{"type":"object","properties":{"BPKeyPart2":{"type":"string"},"BaseAmountPrct":{"type":"number"},"ItemCode":{"type":"string"},"WTDItemCollection":{"type":"array","items":{"$ref":"#/definitions/WTDItem"}},"Category":{"description":"WithholdingTaxCodeCategoryEnum","type":"string","enum":["wtcc_Payment","wtcc_Invoice"]},"BPKeyPart1":{"type":"string"},"FreightCode":{"type":"integer"},"DetailType":{"description":"WTDDetailType","type":"string","enum":["SpecialRate","Exemption","Allowed"]},"EffectiveDateFrom":{"type":"string"},"AbsEntry":{"type":"integer"},"LineNumber":{"type":"integer"},"ValueFrom":{"type":"number"},"MinAmount":{"type":"number"},"Inactive":{"description":"BoYesNoEnum","type":"string","enum":["tYES","tNO"]},"WTDFreightCollection":{"type":"array","items":{"$ref":"#/definitions/WTDFreight"}},"SeqNum":{"type":"integer"},"WTDBPCollection":{"type":"array","items":{"$ref":"#/definitions/WTDBP"}},"FormulaID":{"type":"integer"},"SlidingScaleProgressiveTax":{"description":"BoYesNoEnum","type":"string","enum":["tYES","tNO"]},"Rate":{"type":"number"},"WTaxName":{"type":"string"},"WTDValueRangeCollection":{"type":"array","items":{"$ref":"#/definitions/WTDValueRange"}},"Type":{"type":"integer"},"WTaxCode":{"type":"string"},"WTDEffectiveDateCollection":{"type":"array","items":{"$ref":"#/definitions/WTDEffectiveDate"}},"BaseType":{"description":"WithholdingTaxCodeBaseTypeEnum","type":"string","enum":["wtcbt_Gross_VAT","wtcbt_Net","wtcbt_Gross","wtcbt_VAT"]},"OfficialCode":{"type":"string"},"EffectiveFrom":{"type":"string"},"EffectiveDateTo":{"type":"string"}}},"WTDEffectiveDate":{"type":"object","properties":{"Rate":{"type":"number"},"EffectiveFrom":{"type":"string"},"LineNumber":{"type":"integer"},"WTDValueRangeCollection":{"type":"array","items":{"$ref":"#/definitions/WTDValueRange"}}}},"WTDFreight":{"type":"object","properties":{"WTaxCode":{"type":"string"},"FreightCode":{"type":"integer"},"EffectiveDateFrom":{"type":"string"},"EffectiveDateTo":{"type":"string"}}},"WTDItem":{"type":"object","properties":{"ItemCode":{"type":"string"},"WTaxCode":{"type":"string"},"EffectiveDateFrom":{"type":"string"},"EffectiveDateTo":{"type":"string"}}},"WTDDetailType":{"type":"string","enum":["SpecialRate","Exemption","Allowed"]},"WTDValueRange":{"type":"object","properties":{"SeqNum":{"type":"integer"},"ValueFrom":{"type":"number"},"Rate":{"type":"number"},"EffectiveFrom":{"type":"string"},"LineNumber":{"type":"integer"}}},"BoYesNoEnum":{"type":"string","enum":["tYES","tNO"]}},"swagger":"3.0","info":{"description":"This is a sample server Petstore server.","title":"Swagger For Service Layer","version":"1.0.0"},"tags":[{"name":"WitholdingTaxDefinition","description":"This entity enables you to manipulate 'WitholdingTaxDefinition'. It is functionally overlaped with `WithholdingTaxCodes`."}]}