{"basePath":"/b1s/v1/","paths":{"/WizardPaymentMethods":{"post":{"produces":["application/json","application/xml"],"description":"Create an instance of 'WizardPaymentMethods' with the given payload of type 'WizardPaymentMethod' in JSON format.","responses":{"200":{"description":"successful operation"}},"parameters":[{"schema":{"$ref":"#/definitions/WizardPaymentMethod"},"in":"body","name":"body"}],"tags":["WizardPaymentMethods"],"consumes":["application/json","application/xml"]},"get":{"produces":["application/json","application/xml"],"description":"Retrieve a collection of 'WizardPaymentMethods' with all or some selected properties in the given order by specifying the given filter condition.","responses":{"200":{"description":"successful operation"}},"parameters":[{"name":"PaymentMethodCode","type":"string"},{"name":"Description","type":"string"}],"tags":["WizardPaymentMethods"],"consumes":["application/json","application/xml"]}},"/WizardPaymentMethods(id)":{"patch":{"produces":["application/json","application/xml"],"description":"Update an instance of 'WizardPaymentMethods' with the given payload of type 'WizardPaymentMethod' in JSON format and with the specified id.","responses":{"200":{"description":"successful operation"}},"parameters":[{"schema":{"$ref":"#/definitions/WizardPaymentMethod"},"in":"body","name":"body"}],"tags":["WizardPaymentMethods"],"consumes":["application/json","application/xml"]},"get":{"produces":["application/json","application/xml"],"description":"Retrieve all or some selected properties from an instance of 'WizardPaymentMethods' with the given id.","responses":{"200":{"description":"successful operation"}},"parameters":[{"name":"PaymentMethodCode","type":"string"},{"name":"Description","type":"string"},{"name":"Type","type":"string"}],"tags":["WizardPaymentMethods"],"consumes":["application/json","application/xml"]},"delete":{"produces":["application/json","application/xml"],"description":"Delete an instance of 'WizardPaymentMethods' with the specified id.","responses":{"200":{"description":"successful operation"}},"parameters":[],"tags":["WizardPaymentMethods"],"consumes":["application/json","application/xml"]}}},"host":"slcdemo.cfapps.sap.hana.ondemand.com","schemes":"https","definitions":{"CurrencyRestriction":{"type":"object","properties":{"CurrencyCode":{"type":"string"},"Choose":{"$ref":"#/definitions/BoYesNoEnum"},"PaymentMethodCode":{"type":"string"},"CurrencyName":{"type":"string"}}},"BoPaymentTypeEnum":{"type":"string","enum":["boptIncoming","boptOutgoing"]},"WizardPaymentMethod":{"type":"object","properties":{"CreationDate":{"type":"string"},"MovementCode":{"type":"string"},"BankCountry":{"type":"string"},"ReportCode":{"type":"string"},"SendforAcceptance":{"description":"BoYesNoEnum","type":"string","enum":["tYES","tNO"]},"CurrencyCode":{"type":"string"},"PaymentPlace":{"type":"string"},"BlockForeignPayment":{"description":"BoYesNoEnum","type":"string","enum":["tYES","tNO"]},"UserSignature":{"type":"integer"},"BarcodeDll":{"type":"string"},"CollectionAuthorizationCheck":{"description":"BoYesNoEnum","type":"string","enum":["tYES","tNO"]},"OccurenceCode":{"type":"string"},"BankChargeRate":{"type":"number"},"DefaultBank":{"type":"string"},"CheckAddress":{"description":"BoYesNoEnum","type":"string","enum":["tYES","tNO"]},"PaymentMethodCode":{"type":"string"},"Accepted":{"type":"string"},"PaymentMeans":{"description":"BoPaymentMeansEnum","type":"string","enum":["bopmBillOfExchange","bopmBankTransfer","bopmCheck"]},"GroupInvoicesByCurrency":{"description":"BoYesNoEnum","type":"string","enum":["tYES","tNO"]},"Active":{"description":"BoYesNoEnum","type":"string","enum":["tYES","tNO"]},"DepositNorm":{"type":"string"},"MinimumAmount":{"type":"number"},"GroupByDate":{"description":"BoYesNoEnum","type":"string","enum":["tYES","tNO"]},"BankAccountKey":{"type":"integer"},"DefaultAccount":{"type":"string"},"TransactionType":{"type":"string"},"AgentCollection":{"description":"BoYesNoEnum","type":"string","enum":["tYES","tNO"]},"Description":{"type":"string"},"CheckBankDetails":{"description":"BoYesNoEnum","type":"string","enum":["tYES","tNO"]},"PostOfficeBank":{"description":"BoYesNoEnum","type":"string","enum":["tYES","tNO"]},"MaximumAmount":{"type":"number"},"CurrencyRestrictions":{"type":"array","items":{"$ref":"#/definitions/CurrencyRestriction"}},"BlockForeignBank":{"description":"BoYesNoEnum","type":"string","enum":["tYES","tNO"]},"Format":{"type":"string"},"GroupByPaymentReference":{"description":"BoYesNoEnum","type":"string","enum":["tYES","tNO"]},"Branch":{"type":"string"},"PosttoGLInterimAccount":{"description":"BoYesNoEnum","type":"string","enum":["tYES","tNO"]},"CancelInstruction":{"type":"string"},"PortfolioID":{"type":"string"},"KeyCode":{"type":"string"},"DocType":{"type":"string"},"CurrencyRestriction":{"description":"BoYesNoEnum","type":"string","enum":["tYES","tNO"]},"CurCode":{"type":"string"},"DueDateSelection":{"description":"BoDueDateEnum","type":"string","enum":["boddDateOfPaymentRun","boddDueDateOfInvoice","boddPaymentTerms"]},"GLAccount":{"type":"string"},"Instruction2":{"type":"string"},"Instruction1":{"type":"string"},"GroupInvoicesByPayToBank":{"description":"BoYesNoEnum","type":"string","enum":["tYES","tNO"]},"CurrencyName":{"type":"string"},"PaymentTermsCode":{"type":"integer"},"Type":{"description":"BoPaymentTypeEnum","type":"string","enum":["boptIncoming","boptOutgoing"]},"DirectDebit":{"type":"string"},"Choose":{"description":"BoYesNoEnum","type":"string","enum":["tYES","tNO"]},"DebitMemo":{"description":"BoYesNoEnum","type":"string","enum":["tYES","tNO"]},"GroupInvoicesbyPay":{"description":"BoYesNoEnum","type":"string","enum":["tYES","tNO"]}}},"BoPaymentMeansEnum":{"type":"string","enum":["bopmBillOfExchange","bopmBankTransfer","bopmCheck"]},"BoDueDateEnum":{"type":"string","enum":["boddDateOfPaymentRun","boddDueDateOfInvoice","boddPaymentTerms"]},"BoYesNoEnum":{"type":"string","enum":["tYES","tNO"]}},"swagger":"3.0","info":{"description":"This is a sample server Petstore server.","title":"Swagger For Service Layer","version":"1.0.0"},"tags":[{"name":"WizardPaymentMethods","description":"This entity enables you to manipulate 'WizardPaymentMethods'. It defines various payment methods for various payment means (such as check, bank transfer, and in some localizations, bills of exchange) which can be used in payment wizard runs."}]}