{"basePath":"/b1s/v1/","paths":{"/WorkOrders(id)":{"patch":{"produces":["application/json","application/xml"],"description":"Update an instance of 'WorkOrders' with the given payload of type 'WorkOrder' in JSON format and with the specified id.","responses":{"200":{"description":"successful operation"}},"parameters":[{"schema":{"$ref":"#/definitions/WorkOrder"},"in":"body","name":"body"}],"tags":["WorkOrders"],"consumes":["application/json","application/xml"]},"get":{"produces":["application/json","application/xml"],"description":"Retrieve all or some selected properties from an instance of 'WorkOrders' with the given id.","responses":{"200":{"description":"successful operation"}},"parameters":[{"name":"Status","type":"string"},{"name":"Canceled","type":"string"},{"name":"OrderDate","type":"string"}],"tags":["WorkOrders"],"consumes":["application/json","application/xml"]}},"/WorkOrders":{"post":{"produces":["application/json","application/xml"],"description":"Create an instance of 'WorkOrders' with the given payload of type 'WorkOrder' in JSON format.","responses":{"200":{"description":"successful operation"}},"parameters":[{"schema":{"$ref":"#/definitions/WorkOrder"},"in":"body","name":"body"}],"tags":["WorkOrders"],"consumes":["application/json","application/xml"]},"get":{"produces":["application/json","application/xml"],"description":"Retrieve a collection of 'WorkOrders' with all or some selected properties in the given order by specifying the given filter condition.","responses":{"200":{"description":"successful operation"}},"parameters":[{"name":"Status","type":"string"},{"name":"Canceled","type":"string"},{"name":"Order","type":"string"}],"tags":["WorkOrders"],"consumes":["application/json","application/xml"]}}},"host":"slcdemo.cfapps.sap.hana.ondemand.com","schemes":"https","definitions":{"WorkOrder_Line":{"type":"object","properties":{"RowNumber":{"type":"integer"},"ItemCode":{"type":"string"},"ItemQuantity":{"type":"number"},"ItemPrice":{"type":"number"},"WorkSum":{"type":"number"},"ItemWarehouse":{"type":"string"},"ItemDescription":{"type":"string"},"PriceCurrency":{"type":"string"},"ActiveAccountCode":{"type":"string"}}},"WorkOrder":{"type":"object","properties":{"FinancialPeriod":{"type":"integer"},"ItemCode":{"type":"string"},"PriceListNum":{"type":"integer"},"OrdererCode":{"type":"string"},"WorkOrder_Lines":{"type":"array","items":{"$ref":"#/definitions/WorkOrder_Line"}},"CustomerRefNo":{"type":"string"},"ItemDescription":{"type":"string"},"ContactPerson":{"type":"integer"},"OrderNum":{"type":"integer"},"GenerationTime":{"type":"integer"},"InstructionNumber":{"type":"integer"},"ActiveAccountCode":{"type":"string"},"Status":{"description":"BoWorkOrderStat","type":"string","enum":["wk_WorkInstruction","wk_WorkOrder","wk_ProductComplete"]},"Comment":{"type":"string"},"OrdererName":{"type":"string"},"ExpectedCompletionDate":{"type":"string"},"WorkStartDate":{"type":"string"},"ItemPrice":{"type":"number"},"JournalRemarks":{"type":"string"},"TotalCurrency":{"type":"string"},"ItemWarehouse":{"type":"string"},"OrderDate":{"type":"string"},"Series":{"type":"integer"},"RowNumber":{"type":"integer"},"ItemQuantity":{"type":"number"},"WorkSum":{"type":"number"},"Canceled":{"description":"BoYesNoEnum","type":"string","enum":["tYES","tNO"]},"WorkFinishDate":{"type":"string"},"OrderTotal":{"type":"number"},"ReceiverName":{"type":"string"},"PriceCurrency":{"type":"string"}}},"BoWorkOrderStat":{"type":"string","enum":["wk_WorkInstruction","wk_WorkOrder","wk_ProductComplete"]},"BoYesNoEnum":{"type":"string","enum":["tYES","tNO"]}},"swagger":"3.0","info":{"description":"This is a sample server Petstore server.","title":"Swagger For Service Layer","version":"1.0.0"},"tags":[{"name":"WorkOrders","description":"This entity enables you to manipulate 'WorkOrders'."}]}