{"basePath":"/b1s/v1/","paths":{"/WorkflowTaskService_Complete":{"post":{"produces":["application/json","application/xml"],"description":"\n\t\t\t\t\tInvoke the method 'Complete' on this service by specifying the payload 'WorkflowTaskCompleteParams' in the JSON format.\n\t\t\t\t","responses":{"200":{"description":"successful operation"}},"parameters":[{"schema":{"$ref":"#/definitions/WizardPaymentMethod"},"in":"body","name":"body"}],"tags":["WorkflowTaskService"],"consumes":["application/json","application/xml"]}},"/WorkflowTaskService_GetApprovalTaskList":{"post":{"produces":["application/json","application/xml"],"description":"\n\t\t\t\t\tInvoke the method 'GetApprovalTaskList' on this service by specifying the payload 'WorkflowApprovalTaskListParams' in the JSON format.\n\t\t\t\t","responses":{"200":{"description":"successful operation"}},"parameters":[{"schema":{"$ref":"#/definitions/WizardPaymentMethod"},"in":"body","name":"body"}],"tags":["WorkflowTaskService"],"consumes":["application/json","application/xml"]}}},"host":"slcdemo.cfapps.sap.hana.ondemand.com","schemes":"https","definitions":{"WorkflowTaskCompleteParams":{"type":"object","properties":{"TaskID":{"type":"integer"},"Note":{"type":"string"},"TriggerParams":{"type":"string"}}},"WizardPaymentMethod":{"type":"object","properties":{}},"WorkflowApprovalTaskListParams":{"type":"object","properties":{"Status":{"type":"string"}}}},"swagger":"3.0","info":{"description":"This is a sample server Petstore server.","title":"Swagger For Service Layer","version":"1.0.0"},"tags":[{"name":"WorkflowTaskService","description":"\n\t\t\tThis API enables you to invoke the interfaces defined on 'WorkflowTaskService'.\n\t\t"}]}